point,beta,lambda_u,rho,seed,Output,Unemployment_Rate,Total_Capital,Investment,Average_Utilization,Util_Effect_mean,Util_Effect_sd,Util_Effect_min,Util_Effect_max,Expected_Utilization_mean
0,0.05,1.0,0.35,0,81.95806939988631,0.5637254901960785,292.84649911277114,14.662882957260136,0.6704257688750996,0.9885219214136972,0.000838464104227616,0.9875931956079507,0.9898206693227569,0.6704257688750996
0,0.05,1.0,0.35,1,80.18440972292177,0.5715686274509805,283.322524564568,14.210975403733867,0.678244463212292,0.9889166664827944,0.0002632897684368695,0.9882748547862128,0.9891519186297506,0.678244463212292
0,0.05,1.0,0.35,2,80.22869864304253,0.5762745098039216,291.55301929797156,14.287691247973374,0.6573229498771304,0.9878882350819848,0.0005905425050885758,0.9870356551273505,0.9894401629391977,0.6573229498771304
0,0.05,1.0,0.35,3,81.49876250893267,0.5672549019607844,292.86574872630564,14.612886654190895,0.666824786054544,0.9883241087762988,0.0006626984890893341,0.9873788237591352,0.9894104805304333,0.666824786054544
0,0.05,1.0,0.35,4,82.67400477626416,0.5592156862745099,295.0651410307884,14.790906776264423,0.6722937097547179,0.9886312008160374,0.0012638848103997107,0.9863820346778194,0.9905375346514695,0.6722937097547179
0,0.05,1.0,0.35,5,81.64883672672303,0.5662745098039216,293.5954774084122,14.622440789405003,0.6663998833623933,0.9883150198644689,0.0011317180755751322,0.9866274538112136,0.9900304714372645,0.6663998833623933
0,0.05,1.0,0.35,6,81.7877527387956,0.5668627450980391,295.8499887970693,14.750264021001314,0.6628309629119921,0.9880919865657762,0.0008570441861348976,0.9869708920502307,0.9897697868839594,0.6628309629119921
0,0.05,1.0,0.35,7,82.90871402089367,0.5586274509803921,295.4255390747419,14.756065291672797,0.6730988101109352,0.9886664805153259,0.0002455319636628407,0.9884926398888224,0.9896652646836438,0.6730988101109352
0,0.05,1.0,0.35,8,82.05563369183521,0.5609803921568629,289.71217123595017,14.516802784873171,0.6799594055854942,0.9890160297042129,0.000842988978320833,0.9880629155537181,0.9910803533075008,0.6799594055854942
0,0.05,1.0,0.35,9,81.57189740408704,0.565294117647059,291.44526580360997,14.474471428416214,0.6710232050543512,0.9885986968588409,0.001780140356303,0.9863555139436926,0.9916154181404968,0.6710232050543512
0,0.05,1.0,0.35,10,83.28260564980566,0.5601960784313725,303.15381012679876,15.10555214659734,0.6580163768862264,0.9879267309760986,0.0006526539167864215,0.9869715337661121,0.9887132228139442,0.6580163768862264
0,0.05,1.0,0.35,11,83.5420045108998,0.556078431372549,300.97288975762257,15.025105804335595,0.6662543863731872,0.9883928000814701,0.002007550362260794,0.9861885804356387,0.9917273122756296,0.6662543863731872
0,0.05,1.0,0.35,12,80.30110496226789,0.573921568627451,289.21232842913383,14.313413261041719,0.6645907579417442,0.9882511883738877,0.0010184059797168782,0.9868161468565221,0.9898061603824699,0.6645907579417442
0,0.05,1.0,0.35,13,83.42655699200405,0.552156862745098,292.8318870715571,14.884120739212202,0.6858569959697063,0.9892670114833727,0.001054442554804063,0.9866263925634847,0.9907070984806661,0.6858569959697063
0,0.05,1.0,0.35,14,83.61930109798425,0.56,307.358892004622,15.29299221872382,0.6526533950225186,0.9876743696424025,0.0005654334159417128,0.9864512674753281,0.988783296086767,0.6526533950225186
0,0.05,1.0,0.35,15,80.49533274997569,0.5700000000000002,284.3111096434646,14.215555482159067,0.6781777866080295,0.9889088893304001,1.882830235581812e-14,0.9889088893303652,0.9889088893304286,0.6781777866080295
0,0.05,1.0,0.35,16,82.1728000604708,0.5599999999999999,288.6950823430387,14.4506761792311,0.6820513975302464,0.9891033659193306,1.183140048025331e-05,0.9890865653613595,0.9891267003714617,0.6820513975302464
0,0.05,1.0,0.35,17,84.18890434311133,0.5409803921568628,286.18992819779953,14.664685754220432,0.7113861953892912,0.9905646837069422,0.0015655953537822003,0.9884478934707392,0.9935578564818813,0.7113861953892912
0,0.05,1.0,0.35,18,79.92195208027043,0.5778431372549019,290.7679661214845,14.156916617919322,0.6559677103637234,0.9878259313421635,0.0012177120728822364,0.98625865244186,0.9912931830725595,0.6559677103637234
0,0.05,1.0,0.35,19,83.35188819233097,0.5541176470588235,295.2702566672786,14.908176708375791,0.6781286304851551,0.9889549652170654,0.0009271489771287444,0.9871958207850783,0.9903115547953544,0.6781286304851551
0,0.05,1.0,0.45,0,88.03433858567169,0.582156862745098,440.2392226962082,22.02795238992324,0.47842865093137604,0.9789112429652993,0.0002326757891411685,0.9784180843425807,0.9791643282105987,0.47842865093137604
0,0.05,1.0,0.45,1,91.62096785085936,0.5668627450980392,465.3002361975909,23.241224905495212,0.47177057637556913,0.9785992388409698,0.00027585656259073685,0.9783329314929039,0.9790494261230716,0.47177057637556913
0,0.05,1.0,0.45,2,83.75276353565528,0.5996078431372549,409.4503702015662,20.222633509784195,0.4877636730825404,0.9793570623040992,0.0008204561221479165,0.978220750137105,0.9810683212128419,0.4877636730825404
0,0.05,1.0,0.45,3,84.39558694893401,0.5937254901960786,402.9894758296921,20.42631992435105,0.5002209914152278,0.9799825809995546,0.0007201887959920948,0.9784528268159358,0.9811528088164794,0.5002209914152278
0,0.05,1.0,0.45,4,83.78955031640524,0.5990196078431372,407.6201839411848,20.307922914121058,0.4910965784065925,0.979563995891302,0.0005373484293507449,0.9788110946170676,0.9805466370071686,0.4910965784065925
0,0.05,1.0,0.45,5,84.64732765690965,0.5960784313725491,416.5415014557264,20.574667659331592,0.48500544217470065,0.979238508466809,0.0005585721519308344,0.9784994397497402,0.9803590968792092,0.48500544217470065
0,0.05,1.0,0.45,6,83.30532040790266,0.6001960784313726,400.96065502383635,20.11009142185594,0.4963092093458831,0.979794117433739,0.0005038315829992841,0.979032454203298,0.9805484906239752,0.4963092093458831
0,0.05,1.0,0.45,7,87.01280616227535,0.5860784313725491,431.90160049116406,21.46813764143053,0.4815023855678991,0.9790899382168157,0.0003361130166836602,0.9786514567384659,0.9796942964797776,0.4815023855678991
0,0.05,1.0,0.45,8,89.91237611095178,0.5637254901960785,418.4738047473162,22.024792107677882,0.5170799228956453,0.9808663466842866,0.0008800708536013726,0.9794543256918413,0.9825470162670886,0.5170799228956453
0,0.05,1.0,0.45,9,86.63503691556369,0.5829411764705882,413.9413404927062,21.160714654799847,0.5035685133806436,0.9801986534060315,0.0006702536299443054,0.9789000476413798,0.9815274627938345,0.5035685133806436
0,0.05,1.0,0.45,10,93.30489182754894,0.5599999999999999,477.7033049748852,23.885165248744322,0.4683800601017023,0.9784190030050851,0.0,0.9784190030050851,0.9784190030050851,0.4683800601017023
0,0.05,1.0,0.45,11,84.72534334143342,0.5958823529411765,416.5106983139906,20.70974302292775,0.4859317013713803,0.9792911593792943,0.0003774773776588768,0.9785157264451169,0.9798130716793757,0.4859317013713803
0,0.05,1.0,0.45,12,80.6798070639981,0.6119607843137256,385.2608996051922,19.25240983155368,0.49937609944579575,0.9799799495360828,0.00043566406520875517,0.9793623519156869,0.9806916010385486,0.49937609944579575
0,0.05,1.0,0.45,13,83.98485825967488,0.5964705882352942,404.6455069884026,20.279736205981703,0.4964814751073584,0.979836956848138,0.0013828708766026661,0.9780727022826919,0.9823609512934321,0.4964814751073584
0,0.05,1.0,0.45,14,90.58092803544064,0.559607843137255,418.77271124894446,22.285706491092313,0.521975178905453,0.981159654942314,0.0010782897518866875,0.9796948898070763,0.9833618521997011,0.521975178905453
0,0.05,1.0,0.45,15,86.92519098042325,0.5845098039215688,425.6926766791206,21.38834191575737,0.48881860363173235,0.9794466947405416,0.0009899690200169497,0.9782219174945123,0.9811984041002286,0.48881860363173235
0,0.05,1.0,0.45,16,90.54230990491338,0.5700000000000002,451.3719374404292,22.568596873951304,0.480489283763466,0.9790244641882606,1.2975752373690713e-12,0.9790244641865167,0.9790244641909336,0.480489283763466
0,0.05,1.0,0.45,17,85.70828983771503,0.5903921568627453,418.3992117990912,20.48145241408255,0.487214609419124,0.9793301785477939,0.00047175170100364713,0.9786230091646152,0.9811291460507385,0.487214609419124
0,0.05,1.0,0.45,18,86.59013857071083,0.5849019607843138,417.95197456724566,20.952268567346955,0.4958240117345982,0.9798066012671094,0.00029906855994314577,0.9793925165728721,0.9802002094157192,0.4958240117345982
0,0.05,1.0,0.45,19,83.43014856099737,0.5996078431372549,402.47206761283087,20.165539057370495,0.49538402743620846,0.9797308941448034,0.0009620189219275386,0.9782662029922738,0.9811508970760967,0.49538402743620846
0,0.05,1.0,0.55,0,93.86461098617433,0.5760784313725489,578.9918380947233,28.658016843646653,0.3884348310779653,0.9744280945017912,0.00020322229295116083,0.9741224515603957,0.9748166554319297,0.3884348310779653
0,0.05,1.0,0.55,1,95.08401419891912,0.5700000000000002,582.3161331479934,29.115806657399617,0.39112482036331503,0.9745562410181656,1.1212702919885052e-16,0.9745562410181657,0.9745562410181657,0.39112482036331503
0,0.05,1.0,0.55,2,99.87305368141102,0.55,622.6154527575422,31.13077263787722,0.38510215828216315,0.9742551079141083,1.1212702919885052e-16,0.9742551079141082,0.9742551079141082,0.38510215828216315
0,0.05,1.0,0.55,3,98.64777414732212,0.5550980392156863,612.8006114079554,30.60697064715146,0.386262672820236,0.9743122106912189,0.00019636437686887457,0.9740247460295016,0.9745776069194131,0.386262672820236
0,0.05,1.0,0.55,4,92.50634046509998,0.5803921568627451,560.6254630718073,28.120570104719935,0.395035120452213,0.9747546957469261,0.0005623639656150753,0.9740956684869737,0.9758022381934055,0.395035120452213
0,0.05,1.0,0.55,5,97.62506433874601,0.5599999999999999,607.7318431220353,30.38659215610187,0.3852135638715727,0.9742606781935788,2.2425405839770103e-16,0.9742606781935785,0.9742606781935785,0.3852135638715727
0,0.05,1.0,0.55,6,93.24271540883026,0.5776470588235295,570.154673858702,28.3235790999614,0.3912940582090578,0.9746016368885559,0.0009674035640840241,0.9734341691555317,0.9765002956712412,0.3912940582090578
0,0.05,1.0,0.55,7,97.90974583945717,0.5564705882352942,595.7718328085951,29.854482906931477,0.3945689760704367,0.9747307574307541,0.00024571657785874896,0.9744617381145056,0.9751147812504881,0.3945689760704367
0,0.05,1.0,0.55,8,98.66511234322095,0.5547058823529413,611.100040116734,30.564271047684986,0.3874901054998732,0.9743748448239405,0.0002474395853043337,0.9740499909228927,0.974670097668119,0.3874901054998732
0,0.05,1.0,0.55,9,95.01705343660306,0.57,581.3967950866593,29.183856769591383,0.39150883020423166,0.9745782019206715,0.00028261709715307214,0.9741445576475339,0.975060089377215,0.39150883020423166
0,0.05,1.0,0.55,10,97.675041012852,0.559607843137255,607.0259058111518,30.27629337892608,0.3857906156787283,0.9742868439815148,9.278373723711785e-05,0.9741808996368816,0.9747048743592621,0.3857906156787283
0,0.05,1.0,0.55,11,95.31057791613254,0.5686274509803922,581.8939947724416,29.09952236018833,0.39244688601727634,0.9746225139784566,0.00018317443366358495,0.9744629162104521,0.9751208225891087,0.39244688601727634
0,0.05,1.0,0.55,12,91.7973213459988,0.5833333333333334,555.2630755504405,27.75860697730884,0.3956915121482374,0.9748271504052144,0.0008148783362557474,0.9737038807155927,0.9762898614454516,0.3956915121482374
0,0.05,1.0,0.55,13,98.74763232367351,0.5550980392156862,616.3199702800348,30.802934681524675,0.38446653653721247,0.974229252844355,0.00015096768123918947,0.9740345436643085,0.9744353097646175,0.38446653653721247
0,0.05,1.0,0.55,14,99.75166379971498,0.5501960784313725,619.7591496712109,31.12130765466791,0.38656094854961476,0.9743230548981902,8.99824409459301e-05,0.9739891057766121,0.9744647300219208,0.38656094854961476
0,0.05,1.0,0.55,15,96.07270430106793,0.5652941176470588,587.7839307331636,29.4199350676462,0.3918689502446388,0.9745843451974856,0.0002480695983561241,0.9742650511853757,0.9749261983253849,0.3918689502446388
0,0.05,1.0,0.55,16,97.68856979176562,0.5599999999999999,610.0632921212252,30.503164606061368,0.3839910372235155,0.9741995518611758,1.1212702919885052e-16,0.9741995518611757,0.9741995518611757,0.3839910372235155
0,0.05,1.0,0.55,17,98.90310915044748,0.5545098039215687,618.347840489892,30.76648003292157,0.38399123730317225,0.9742020467732774,0.00024774850717010154,0.9738564617150842,0.974572971711227,0.38399123730317225
0,0.05,1.0,0.55,18,95.17551346264764,0.5700000000000002,585.5719280067266,29.278596400336276,0.38932444277919837,0.9744662221389598,1.1212702919885052e-16,0.97446622213896,0.97446622213896,0.38932444277919837
0,0.05,1.0,0.55,19,93.76649292437303,0.5749019607843138,569.7524133080539,28.56574863491455,0.394026538579627,0.9746891463884867,0.0004225726735684436,0.9741345132574475,0.9755353654252442,0.394026538579627
0,0.05,1.0,0.65,0,119.32803761532264,0.48,891.9256096314085,44.59628048157054,0.3239935111093401,0.971199675555467,0.0,0.971199675555467,0.971199675555467,0.3239935111093401
0,0.05,1.0,0.65,1,113.10048224459119,0.5056862745098039,831.6931859499797,41.679698743491855,0.3283789655381369,0.9714138153726829,0.00017193603194139883,0.9711977086786066,0.9716671653772195,0.3283789655381369
0,0.05,1.0,0.65,2,120.04240465344601,0.4766666666666666,895.5627203043903,44.671097160932725,0.324751806260882,0.9712414445078489,0.0001341953752299416,0.9710945792358153,0.9714764343125932,0.324751806260882
0,0.05,1.0,0.65,3,120.71450893933327,0.4745098039215686,908.6026308291501,45.32195106548612,0.3219865729995184,0.9710919766000888,0.00011105121421212543,0.9709087110524057,0.971319552677406,0.3219865729995184
0,0.05,1.0,0.65,4,116.90602058474843,0.49,868.1035645630076,43.405178228150476,0.32569586520035315,0.9712847932600177,0.0,0.9712847932600177,0.9712847932600177,0.32569586520035315
0,0.05,1.0,0.65,5,119.31811965584133,0.48,891.4026007542443,44.57013003771236,0.32415666190494286,0.9712078330952474,1.1212702919885052e-16,0.9712078330952473,0.9712078330952473,0.32415666190494286
0,0.05,1.0,0.65,6,113.2867574830188,0.5052941176470588,836.6977460699737,41.758883751427746,0.3268388275924923,0.9713463473602454,0.00012076276250924306,0.971160406027958,0.9715200579901209,0.3268388275924923
0,0.05,1.0,0.65,7,112.05939940023717,0.51,820.6025549484835,41.03012774742413,0.3294196723165718,0.9714709836158288,2.2425405839770103e-16,0.9714709836158286,0.9714709836158286,0.3294196723165718
0,0.05,1.0,0.65,8,114.48530798336768,0.5,844.4387063469086,42.22193531734555,0.3274657867970785,0.9713732893398538,1.1212702919885052e-16,0.9713732893398539,0.9713732893398539,0.3274657867970785
0,0.05,1.0,0.65,9,120.65160299933491,0.4739215686274509,899.8580678408229,45.13056355464095,0.32536810087772877,0.9712625271569948,0.00021066140831411004,0.970924041750747,0.971524965993496,0.32536810087772877
0,0.05,1.0,0.65,10,102.38119768909942,0.55,727.544714719836,36.37723573599177,0.3378376400129833,0.971891882000649,1.1212702919885052e-16,0.9718918820006491,0.9718918820006491,0.3378376400129833
0,0.05,1.0,0.65,11,116.84074946239981,0.49,864.7161521178133,43.23580760589077,0.3267891808728751,0.9713394590436435,2.2425405839770103e-16,0.9713394590436437,0.9713394590436437,0.3267891808728751
0,0.05,1.0,0.65,12,112.08082864528402,0.51,821.6889822609907,41.084449113049466,0.32904702958170645,0.9714523514790854,0.0,0.9714523514790854,0.9714523514790854,0.32904702958170645
0,0.05,1.0,0.65,13,119.0284261020755,0.4782352941176471,865.9649504764067,44.254908388679176,0.33462123200367144,0.9717501534611568,0.0008266543011847809,0.9702380141379802,0.9728779436779054,0.33462123200367144
0,0.05,1.0,0.65,14,121.6831503529835,0.46999999999999986,912.2713136336586,45.61356568168306,0.3234580275667512,0.9711729013783377,0.0,0.9711729013783377,0.9711729013783377,0.3234580275667512
0,0.05,1.0,0.65,15,123.03851820995668,0.46392156862745104,921.5503758949468,46.15223380389985,0.32418276137608865,0.9712105252244347,0.00016459331115397478,0.9709422107273875,0.9714069343520146,0.32418276137608865
0,0.05,1.0,0.65,16,122.6062302356346,0.4658823529411765,919.5039617925835,45.9653387813235,0.3235482004719338,0.9711682607808181,0.0002181603648185694,0.9709120194469275,0.971480967037628,0.3235482004719338
0,0.05,1.0,0.65,17,124.13785141789837,0.46,937.9786313923815,46.898931569619165,0.3213852820699769,0.9710692641034988,0.0,0.9710692641034988,0.9710692641034988,0.3213852820699769
0,0.05,1.0,0.65,18,116.81033068117127,0.49,863.1452223712753,43.15726111856388,0.32729870681726686,0.9713649353408635,1.1212702919885052e-16,0.9713649353408634,0.9713649353408634,0.32729870681726686
0,0.05,1.0,0.65,19,111.93659390404962,0.5092156862745097,811.1268345757679,40.77049778585411,0.33318227431418995,0.9716633285746761,0.000442753100802717,0.9711513570491977,0.9728336009129673,0.33318227431418995
1,0.05,0.75,0.35,0,82.46427265964932,0.5645098039215687,300.1559601077494,14.903772538227566,0.6590200527354088,0.9879654178687381,0.0007408786524040531,0.9870383665824735,0.989039314676582,0.6590921288952468
1,0.05,0.75,0.35,1,79.60725236991362,0.5747058823529412,281.52896472675775,14.038364428120087,0.6775377831498971,0.9888672365305741,0.00035095996536551585,0.9884341416183278,0.9892938539715133,0.6774895200152933
1,0.05,0.75,0.35,2,82.69565891904028,0.5533333333333333,287.03325212046,14.581351143342417,0.6930212031707622,0.9895623738880278,0.001999258367956553,0.9859680769993467,0.9920317905214835,0.6925777718182101
1,0.05,0.75,0.35,3,81.02996450706658,0.567843137254902,288.06828363115966,14.436192556757707,0.6743833250800294,0.9887076090479358,0.0005675695301198984,0.9879057468201407,0.9898316307869596,0.6743255390497008
1,0.05,0.75,0.35,4,81.30067456065953,0.5680392156862745,291.89462938077895,14.518969825624168,0.6665195648757338,0.9883499660942929,0.0009375655673771948,0.9869025060105585,0.9894184712282137,0.6666395041282647
1,0.05,0.75,0.35,5,82.44867451889108,0.5609803921568627,294.8637611524318,14.769545867946167,0.6709666668511356,0.9885732349375344,0.0011701355282788069,0.9866793082963078,0.9900315138662481,0.6710911748260233
1,0.05,0.75,0.35,6,85.54216523662107,0.5409803921568627,301.09153093410964,15.322529535817118,0.6838148034555742,0.9892250932087685,0.0012299773820038653,0.9865631025509011,0.9905447442668978,0.6839865686355233
1,0.05,0.75,0.35,7,82.90864193341329,0.5586274509803921,295.4245703588396,14.756077935337379,0.6731008503460508,0.9886728398433837,0.00022392568099882917,0.9885104483247705,0.9894284308234089,0.6731898369764562
1,0.05,0.75,0.35,8,82.30301345169646,0.5617647058823529,293.59434018947366,14.665525615263634,0.6720027028749217,0.9886015653831328,0.0005079798997636129,0.9879680602646648,0.9894260498521463,0.6720098540718558
1,0.05,0.75,0.35,9,80.09509292545957,0.5717647058823528,283.85997466809886,14.087905870773676,0.6758427129205414,0.9887686341858426,0.0012292771115130453,0.9873213661163911,0.9908108085350829,0.6757252056196186
1,0.05,0.75,0.35,10,83.0726005647832,0.559607843137255,299.80471810533925,15.00317193527939,0.6650537159684289,0.9882540797171045,0.0005581322751291844,0.9873123800444301,0.9890763857047464,0.6650606855618445
1,0.05,0.75,0.35,11,81.54925980796521,0.5633333333333332,288.3095119962665,14.4426822510068,0.6783119031247619,0.9889013111238683,0.0015317028874110544,0.9870394837190851,0.9914035025069466,0.6782404829629125
1,0.05,0.75,0.35,12,83.63434393947976,0.55,292.125117391367,14.884168714403364,0.6882702026245925,0.9893659088747049,0.0005875171221377797,0.9880448346023218,0.9906890986962728,0.6880321963419678
1,0.05,0.75,0.35,13,83.99103077048528,0.5572549019607843,307.11135880293466,15.340540006858285,0.6562960253383506,0.9878133615743404,0.00047617767728709483,0.9869716363180079,0.9884458206575673,0.6562888268754639
1,0.05,0.75,0.35,14,84.29890532793601,0.553921568627451,305.62838734697016,15.375026903301205,0.6625604882028672,0.9881383617883108,0.0007914435128523776,0.9869159290038679,0.9891672411211669,0.6626121750937036
1,0.05,0.75,0.35,15,80.49533274997493,0.5700000000000002,284.3111096434561,14.21555548215873,0.6781777866080437,0.9889088893304003,1.8769534344527267e-14,0.9889088893303656,0.988908889330429,0.6781777866080353
1,0.05,0.75,0.35,16,82.1727335392876,0.5599999999999999,288.69435401543507,14.450655226729543,0.682052421806706,0.9891036912592667,1.1927422175841211e-05,0.9890867566388651,0.9891272238575175,0.682057772651363
1,0.05,0.75,0.35,17,82.72770394991709,0.551764705882353,285.01161984972276,14.466305630227799,0.7023727728827228,0.9900257444979876,0.0016951756530989978,0.9873796627835831,0.9920763956028098,0.7019083021519802
1,0.05,0.75,0.35,18,86.32076999241121,0.5282352941176471,293.11970321548375,15.222938630915671,0.7152699228080269,0.9908823439535115,0.002327674615051931,0.9858381172580251,0.9930608200806864,0.7158641618735777
1,0.05,0.75,0.35,19,86.1122180756813,0.5354901960784313,300.01182918508323,15.432492625194305,0.6930041615461974,0.9897146747905758,0.0015824756595884967,0.986285437550386,0.9913944362479288,0.6933264951125275
1,0.05,0.75,0.45,0,88.0343098991332,0.582156862745098,440.238729194761,22.027887221924942,0.4784291646676248,0.9789079066707165,0.00023240835117706752,0.9784205280548249,0.9791434820003406,0.47836140685430095
1,0.05,0.75,0.45,1,91.69096716092633,0.5664705882352942,465.41293445344206,23.270647720724092,0.4721548877622802,0.9786079649426691,0.0002637743404859179,0.9783519342891672,0.9790081450588104,0.47215599053505575
1,0.05,0.75,0.45,2,83.95265170142065,0.5960784313725489,401.946339267404,20.190933501827324,0.4991370739393907,0.9799062777197504,0.0006774652144270002,0.9791378560322958,0.9818000416232037,0.4988841940532944
1,0.05,0.75,0.45,3,80.69464598413086,0.615294117647059,397.84906254455825,19.41866361415326,0.4834067411018189,0.9791786910179314,0.0006015172451022493,0.9780841772780027,0.9803516123860696,0.48344851091602065
1,0.05,0.75,0.45,4,84.48291655507244,0.5952941176470589,410.09013865862266,20.55963901863076,0.49261071399981166,0.9796779036477289,0.0007870294164439598,0.9786050384012854,0.9810737360739148,0.49284755373850314
1,0.05,0.75,0.45,5,85.17707517142712,0.5925490196078432,415.08323668650837,20.72914500710828,0.4903182864056841,0.979530920001797,0.00033897167915299494,0.979008508666511,0.9802228074775904,0.49039331481324694
1,0.05,0.75,0.45,6,83.64668383660741,0.5988235294117646,403.87184063193314,20.253414969995063,0.495158102276266,0.9797680829413252,0.0005021909871286385,0.978909708372225,0.9804066749426804,0.49520899141382485
1,0.05,0.75,0.45,7,88.23031296067317,0.5798039215686275,436.3420774052188,21.78778756203961,0.4837576666420324,0.979214535439466,0.000489270249393491,0.9785340599632318,0.9799229538405543,0.48389092717885335
1,0.05,0.75,0.45,8,83.27132366020969,0.6007843137254902,402.9832560048694,20.07701753636348,0.4933202047386067,0.979664339628325,0.0008514624023095206,0.9783701715388109,0.9808945515915657,0.4933118516955802
1,0.05,0.75,0.45,9,85.53218955980302,0.588627450980392,409.6901257570428,20.79137014731011,0.5018447326737198,0.9800946475965412,0.0008209473089567696,0.9789988793165761,0.9815848420668374,0.5018567874879954
1,0.05,0.75,0.45,10,79.27631533181408,0.6233333333333334,396.87298291403704,18.89049435007992,0.4747688143411857,0.9787351746639338,0.0010608983727319783,0.977253804304647,0.981101430474658,0.4747524840755578
1,0.05,0.75,0.45,11,85.10957373917961,0.5913725490196079,409.58841684836,20.748003863366076,0.49671519230312977,0.9798154088337779,0.0006176100361085998,0.9789886389443175,0.9809560410351243,0.49661343839623684
1,0.05,0.75,0.45,12,80.26524731806826,0.6147058823529412,385.42971865266344,19.147870876937002,0.49643138475619686,0.9798280158953949,0.00026125684063292906,0.979420504507065,0.9801756220521234,0.49646361804412215
1,0.05,0.75,0.45,13,85.08604658930564,0.5907843137254903,408.8065394985648,20.592988443441538,0.4983626756490602,0.9799882109604561,0.001453059171751571,0.978101688887992,0.9820108995050584,0.49871306153907574
1,0.05,0.75,0.45,14,75.99830620402184,0.64,382.7337784341777,17.904261983211796,0.47077794688185914,0.9784544441501181,0.0009439025223728934,0.9765660376530342,0.9797627563424548,0.47035568091198443
1,0.05,0.75,0.45,15,88.94636636252281,0.5778431372549019,444.81269230321897,22.224871427229715,0.47856872244518395,0.9789275075043673,0.00017532130787457968,0.9787819012587026,0.9792917483869321,0.47856407935572437
1,0.05,0.75,0.45,16,89.7558412883048,0.5731372549019609,445.5786129870668,22.18225911519122,0.48152814661910986,0.9790733712729245,0.00023655984414425041,0.9786387648500888,0.9793220243107081,0.4815129663289543
1,0.05,0.75,0.45,17,86.31326891847914,0.584313725490196,411.42484061205266,20.678141129121133,0.5035996129892963,0.9801352993756226,0.0009564169572190312,0.9791460669234426,0.9824053072840085,0.5033762066200848
1,0.05,0.75,0.45,18,86.59005173142482,0.5849019607843138,417.9505326344647,20.952261849505444,0.49582582351831683,0.979810670868701,0.00029074242748351904,0.9794155846502612,0.980171102640133,0.49592272198224163
1,0.05,0.75,0.45,19,84.68002889513944,0.5945098039215687,411.716378382729,20.606447519651912,0.49171067011826286,0.9796450329753013,0.0009161716444747058,0.9781714967785685,0.980974754181168,0.49200816746520315
1,0.05,0.75,0.55,0,93.70765287216429,0.5768627450980391,578.9874095670273,28.629419605641996,0.3875896412585281,0.9743676442142203,0.0002958640794482113,0.9739939638550353,0.9751307234475343,0.38753045201499814
1,0.05,0.75,0.55,1,95.08401419891912,0.5700000000000002,582.3161331479934,29.115806657399617,0.39112482036331503,0.9745562410181656,1.1212702919885052e-16,0.9745562410181657,0.9745562410181657,0.39112482036331503
1,0.05,0.75,0.55,2,99.87305368141102,0.55,622.6154527575422,31.130772637877214,0.38510215828216315,0.9742551079141083,1.1212702919885052e-16,0.9742551079141082,0.9742551079141082,0.38510215828216315
1,0.05,0.75,0.55,3,98.54829398702988,0.554705882352941,607.4650289233159,30.54491853805842,0.38955813995218463,0.97448475180113,0.000282490343067958,0.9740558728444894,0.9750284138716051,0.38959236396978864
1,0.05,0.75,0.55,4,92.5088075605531,0.5803921568627451,560.7041703910938,28.12223568020018,0.394979863763208,0.9747528389949967,0.0005547218788448089,0.9741288150437301,0.9757560275499155,0.3949990927973887
1,0.05,0.75,0.55,5,97.62506433874604,0.5599999999999999,607.7318431220364,30.3865921561019,0.3852135638715723,0.9742606781935788,2.2425405839770103e-16,0.9742606781935785,0.9742606781935785,0.3852135638715723
1,0.05,0.75,0.55,6,89.18819537404963,0.5947058823529412,535.1843936851823,26.681418182235625,0.39811838576416037,0.9748808980523455,0.0002899075854897145,0.9745931479930521,0.9755693472093767,0.3979932795848475
1,0.05,0.75,0.55,7,97.6876051121853,0.5576470588235294,595.2952567075748,29.752523104567878,0.3936012923354781,0.9746794595639701,0.0002027935090095818,0.9744793751485089,0.9750890628129969,0.3935982670714587
1,0.05,0.75,0.55,8,98.66505340079739,0.5547058823529413,611.0983973283184,30.56420207639604,0.3874912505846942,0.9743750203576339,0.00023301566008082205,0.9740710814081055,0.9746478824108962,0.38749353972668965
1,0.05,0.75,0.55,9,95.01699964971932,0.57,581.3951263493303,29.183760558351494,0.3915098192781814,0.974576696601025,0.00027458737638544773,0.9741642884107582,0.9750368762949615,0.3915158474637613
1,0.05,0.75,0.55,10,97.67505171147394,0.559607843137255,607.0259767083543,30.276236429821417,0.3857905920626176,0.9742839658805167,8.041634817291161e-05,0.9741788582958615,0.9746128405091141,0.3857627734495462
1,0.05,0.75,0.55,11,94.95635862996609,0.5700000000000002,577.8235577871868,28.891177889359433,0.39363662445293507,0.9746818312226467,1.1212702919885052e-16,0.9746818312226468,0.9746818312226468,0.39363662445293507
1,0.05,0.75,0.55,12,107.07577894587503,0.52,684.6196454841165,34.2310589437004,0.37682327840669655,0.9738411664944119,2.852022732065296e-08,0.9738411302710464,0.9738412279773467,0.3768232912770819
1,0.05,0.75,0.55,13,98.95642459584387,0.553921568627451,616.1365887063278,30.867972735886376,0.3852798136789191,0.9742634486779458,0.00014730649536682212,0.9740471829736214,0.9744160564448874,0.38527710364891876
1,0.05,0.75,0.55,14,99.797012059844,0.55,620.0658436161067,31.14906263095811,0.386590154787538,0.9743317410333159,5.910588076902484e-05,0.9742536852399644,0.9744483268246613,0.38660132125723207
1,0.05,0.75,0.55,15,96.07265759692986,0.5652941176470588,587.782835202484,29.41983260009836,0.391869736542451,0.9745811387794698,0.0002353734777493622,0.9742853586403954,0.9749017119090988,0.39180799630418706
1,0.05,0.75,0.55,16,97.68856979176562,0.5599999999999999,610.0632921212252,30.503164606061375,0.3839910372235155,0.9741995518611758,1.1212702919885052e-16,0.9741995518611757,0.9741995518611757,0.3839910372235155
1,0.05,0.75,0.55,17,98.90311246940058,0.5545098039215687,618.3481329525547,30.766500283268833,0.3839912453170873,0.974202882586939,0.00024494135341479703,0.973876957448004,0.9745763839926413,0.3840078469225107
1,0.05,0.75,0.55,18,95.17551346264764,0.5700000000000002,585.5719280067266,29.278596400336276,0.38932444277919837,0.9744662221389598,1.1212702919885052e-16,0.97446622213896,0.97446622213896,0.38932444277919837
1,0.05,0.75,0.55,19,93.76642586365588,0.5749019607843138,569.7505744546268,28.565613885976923,0.3940277764685399,0.9746865226981529,0.00041636004937119583,0.9741269818296759,0.9754955667129241,0.3939534458421699
1,0.05,0.75,0.65,0,119.32803761532264,0.48,891.9256096314085,44.59628048157054,0.3239935111093401,0.971199675555467,0.0,0.971199675555467,0.971199675555467,0.3239935111093401
1,0.05,0.75,0.65,1,113.1004558485429,0.5056862745098039,831.692298146953,41.67962202769513,0.32837935377873767,0.9714119946333487,0.00016121596837703568,0.9712115054733103,0.9716483566649041,0.3283444885007969
1,0.05,0.75,0.65,2,120.31164450558197,0.4752941176470587,895.9560711131882,44.785207478381594,0.32539151703563396,0.9712669771603821,0.00011976301564199673,0.9710994547530072,0.9714493974306165,0.3253785235786358
1,0.05,0.75,0.65,3,119.63935035681858,0.47882352941176476,896.5838203619151,44.824551566036334,0.3232014632309416,0.9711599658833834,6.787191468913094e-05,0.971105529954834,0.9713507666297303,0.3232009268401233
1,0.05,0.75,0.65,4,116.90602058474843,0.49,868.1035645630076,43.405178228150476,0.32569586520035315,0.9712847932600177,0.0,0.9712847932600177,0.9712847932600177,0.32569586520035315
1,0.05,0.75,0.65,5,121.09527574577244,0.4723529411764706,907.2222258253847,45.48407598134515,0.32381891736543594,0.97119184847605,0.0001501720669809521,0.9708973819684076,0.9715296418791063,0.32382343040432704
1,0.05,0.75,0.65,6,113.21970224789575,0.5054901960784314,835.3902159471121,41.724919492840705,0.3271611636820764,0.9713570229804909,0.00013402941936125132,0.9711770075264041,0.9715657391186147,0.32715598766401155
1,0.05,0.75,0.65,7,112.05939940023717,0.51,820.6025549484835,41.03012774742413,0.3294196723165718,0.9714709836158288,2.2425405839770103e-16,0.9714709836158286,0.9714709836158286,0.3294196723165718
1,0.05,0.75,0.65,8,114.48530798336772,0.5,844.4387063469097,42.221935317345576,0.327465786797078,0.9713732893398538,1.1212702919885052e-16,0.9713732893398539,0.9713732893398539,0.327465786797078
1,0.05,0.75,0.65,9,120.6416773979539,0.4739215686274509,899.4481614881677,45.12577059669171,0.32553674997596477,0.9712692272539886,0.0002003581206161484,0.9709507983468626,0.9715004613419724,0.3254986987519163
1,0.05,0.75,0.65,10,102.38119768909942,0.55,727.544714719836,36.37723573599177,0.3378376400129833,0.971891882000649,1.1212702919885052e-16,0.9718918820006491,0.9718918820006491,0.3378376400129833
1,0.05,0.75,0.65,11,124.1767091418672,0.45941176470588235,934.1115324289733,46.69224743995629,0.3228260897856349,0.9711408215467416,6.987990605672227e-05,0.971092963552129,0.9714452844170752,0.3228236750729348
1,0.05,0.75,0.65,12,112.080828645284,0.51,821.6889822609883,41.08444911304941,0.32904702958170756,0.9714523514790854,0.0,0.9714523514790854,0.9714523514790854,0.32904702958170756
1,0.05,0.75,0.65,13,124.26710699052357,0.46,944.992266410531,47.249613320526706,0.3193321448175843,0.9709666072408795,2.2425405839770103e-16,0.9709666072408792,0.9709666072408792,0.3193321448175843
1,0.05,0.75,0.65,14,121.6831503529835,0.46999999999999986,912.2713136336586,45.61356568168306,0.3234580275667512,0.9711729013783377,0.0,0.9711729013783377,0.9711729013783377,0.3234580275667512
1,0.05,0.75,0.65,15,123.15967520375023,0.4633333333333334,921.8941388924749,46.22566564476263,0.3244787667344666,0.9712179434058075,0.00015714390276709312,0.9709576049637028,0.9713852845352526,0.32444879207988686
1,0.05,0.75,0.65,16,122.68143351745803,0.4654901960784314,919.56926861706,46.01587406868714,0.3238763281505424,0.9711825938561429,0.00019717116387815353,0.9709185700975507,0.9714545347651604,0.3238202153936212
1,0.05,0.75,0.65,17,124.13785141789837,0.46,937.9786313923815,46.898931569619165,0.3213852820699769,0.9710692641034988,0.0,0.9710692641034988,0.9710692641034988,0.3213852820699769
1,0.05,0.75,0.65,18,116.81033068117127,0.49,863.1452223712753,43.15726111856388,0.32729870681726686,0.9713649353408635,1.1212702919885052e-16,0.9713649353408634,0.9713649353408634,0.32729870681726686
1,0.05,0.75,0.65,19,110.45340053089407,0.515686274509804,797.2943241897883,40.060968295905184,0.333957557982745,0.9716949600807511,0.00013925297415118008,0.9716075993276295,0.9723437110503446,0.33394296889081493
2,0.05,0.5,0.35,0,83.66872728071546,0.5550980392156863,299.5451959966383,15.087701148042484,0.6717458296168334,0.9885720116101371,0.0005666074576196229,0.9872877160818255,0.9891534769537269,0.671593030909786
2,0.05,0.5,0.35,1,80.90597026172951,0.5682352941176472,286.8842561120142,14.387623707534276,0.6760630142512701,0.9888117943937534,0.0003923300448936835,0.9880422901069366,0.9893310432091473,0.676149451063169
2,0.05,0.5,0.35,2,79.92277866708856,0.5756862745098039,286.6625955339916,14.127955374856672,0.6665101039332715,0.9882768708327693,0.00033850821785332783,0.9875509925885517,0.989007531310015,0.6660237602943314
2,0.05,0.5,0.35,3,80.77720061839472,0.5725490196078431,292.4567085738987,14.482585843858319,0.6610541325701411,0.9880508405058572,0.0005944326542532939,0.9872293799528749,0.9890090285185622,0.6610354713436416
2,0.05,0.5,0.35,4,79.49981985412123,0.5800000000000001,289.73096073844215,14.183588476831348,0.6562314292135607,0.9877028329662298,0.0008611839842933971,0.9863543445619655,0.9893674034778904,0.6551440442690799
2,0.05,0.5,0.35,5,80.96986097464237,0.5670588235294118,287.2843903618143,14.3883030896522,0.6756166463818388,0.9886678742144256,0.0007121498557338288,0.9872667164395429,0.9900439320793148,0.6744870653351746
2,0.05,0.5,0.35,6,81.48369033811643,0.560392156862745,283.0344033820006,14.29257008469749,0.6914836803018791,0.9894526424088541,0.0016075965874062389,0.986156860056109,0.9911813886014882,0.6902682642394806
2,0.05,0.5,0.35,7,83.47724999089289,0.5533333333333333,294.4498807463045,14.79699750484263,0.6813090642189584,0.9890792544908202,0.0005019228711178256,0.9883771642586092,0.9899908875604467,0.6814470770176828
2,0.05,0.5,0.35,8,82.88013533366878,0.5586274509803921,295.72681565183325,14.813095602512945,0.6724309137025676,0.9886467032684935,0.0003148211260724907,0.9880669843202948,0.9891889851910551,0.6726824895362186
2,0.05,0.5,0.35,9,81.05969875195015,0.5650980392156862,285.37807779474747,14.2718612904785,0.6814112302583349,0.9891459095387651,0.001083626419110711,0.9875159622024625,0.9905781946385039,0.6821647105168188
2,0.05,0.5,0.35,10,83.29483488391524,0.5601960784313725,303.3158162327202,15.128991712406583,0.6584860653715768,0.9879562807683159,0.0005866043225584131,0.9871736557970389,0.9890664460652676,0.6588058403689483
2,0.05,0.5,0.35,11,81.81622164342363,0.5649019607843138,293.10395317444767,14.608537079428332,0.6692242101245182,0.9885780269105175,0.0010295694528658188,0.9869872949317937,0.9903752599373588,0.6703923741674346
2,0.05,0.5,0.35,12,84.43979782114907,0.5460784313725491,296.2357135148796,15.096670099155734,0.6860923703489846,0.989431942019897,0.0018464305929962353,0.986351393029914,0.9912510001515187,0.6873656053734618
2,0.05,0.5,0.35,13,82.42266017168933,0.5647058823529412,300.12190494088566,14.896712631570256,0.6584951176376935,0.9880056354574509,0.0009944731454542331,0.9868361527158604,0.9895972190503434,0.6593039133933544
2,0.05,0.5,0.35,14,85.0259977510424,0.5505882352941177,308.73371027131986,15.525943449455264,0.6611145468880352,0.9880207342259918,0.00028762055896619303,0.987477475431556,0.9885640284725412,0.6607646157039355
2,0.05,0.5,0.35,15,80.49533274997358,0.5700000000000002,284.3111096434399,14.215555482158114,0.678177786608071,0.9889088893304011,1.8687253371250235e-14,0.9889088893303664,0.9889088893304294,0.6781777866080461
2,0.05,0.5,0.35,16,81.71595094043919,0.563921568627451,289.5099519537554,14.449195006348665,0.6767188920591406,0.9888320604189256,0.00021161447224946577,0.9885328615291484,0.9890399400187488,0.6766800502188263
2,0.05,0.5,0.35,17,81.08558790848431,0.5615686274509804,280.06595107108234,14.001229797527214,0.6948858664061478,0.9897187223433298,0.0008995850426094242,0.9881543160617051,0.9910713076845614,0.6946301566363721
2,0.05,0.5,0.35,18,83.02535581017997,0.5488235294117647,284.1086118891845,14.506111489851886,0.7034185702701865,0.9902140840810765,0.0011111569374200815,0.9880851741009057,0.9917912410586023,0.7038501259458573
2,0.05,0.5,0.35,19,81.95867728568686,0.560392156862745,288.1791183489206,14.522507136438524,0.6827277131663758,0.9891727142673408,0.0010366431783089649,0.9878127688688887,0.9908132270830132,0.6830909992565949
2,0.05,0.5,0.45,0,88.03425659747778,0.582156862745098,440.23783440764373,22.02778221818101,0.47843010819532017,0.9789030904391188,0.00022928117342280356,0.9784545979307133,0.9791205983517116,0.4782459584888489
2,0.05,0.5,0.45,1,90.87130278007965,0.5700000000000002,459.1985957379989,22.959929786900002,0.47401588306442194,0.9787007941532211,0.0,0.9787007941532211,0.9787007941532211,0.474015883064422
2,0.05,0.5,0.45,2,84.31416861209827,0.5964705882352941,411.21231794111577,20.433184096812514,0.4896499048826216,0.9795407047104195,0.0007729879406704709,0.9785500889594942,0.9814065037859047,0.49023199954550684
2,0.05,0.5,0.45,3,84.99283565804072,0.5921568627450982,410.94062710069477,20.668434590527504,0.49459743248253274,0.9798458537197021,0.001242149248788816,0.978176036164303,0.9817154082534401,0.4957572534382873
2,0.05,0.5,0.45,4,83.18231996883898,0.6033333333333333,409.4848553129779,20.17149766668228,0.484280882331285,0.9791930831757903,0.0003843849199273201,0.9786238863659393,0.9800586776248235,0.4840712729235457
2,0.05,0.5,0.45,5,85.5148200870074,0.5913725490196078,418.26991418189317,20.89507142048172,0.4886609853292999,0.9794308934481659,0.0005054659583768967,0.9787343929984071,0.9802063134702823,0.4886394271463088
2,0.05,0.5,0.45,6,82.96520381882037,0.6025490196078432,401.75986513621547,20.035298048050052,0.49292851216903316,0.9796244182173333,0.0003818189145541737,0.9790586848831954,0.9802948843359053,0.4927084382578499
2,0.05,0.5,0.45,7,88.16735893021277,0.5801960784313726,436.3375582194889,21.772655270483206,0.4833394881829224,0.9792057275161308,0.0004796190331986165,0.9785753870421916,0.979894887970451,0.48372701925276995
2,0.05,0.5,0.45,8,85.17402100427512,0.5901960784313727,407.4458670076313,20.65175175106927,0.5000128951087439,0.9800235894282119,0.0006686459302272021,0.9782920520782354,0.9808893126510497,0.5002423418364913
2,0.05,0.5,0.45,9,87.7122560219333,0.5792156862745099,423.8728061024294,21.60838067826913,0.49711700427563776,0.9799266108895707,0.0005628950622644254,0.9789557351131389,0.9810955065254847,0.49782461103352416
2,0.05,0.5,0.45,10,86.89668822079952,0.5864705882352941,430.7710692857515,21.277912346910988,0.48079403013706923,0.9790108862634503,0.0005587168764031586,0.978304431779249,0.980243355708183,0.4805058777030385
2,0.05,0.5,0.45,11,85.46798390945442,0.5896078431372549,411.44561106204765,20.834217105264486,0.4966786734668867,0.9798277473786609,0.0005567938096842115,0.9789114616097908,0.9806521307775606,0.4966168105200527
2,0.05,0.5,0.45,12,81.0281596898607,0.6098039215686274,385.3990294667291,19.357966628220016,0.5016196720125732,0.9800524725261641,0.00037653683159624105,0.9795015922465623,0.9808787252294519,0.501334561267926
2,0.05,0.5,0.45,13,83.07618619760156,0.6025490196078431,406.16138574628735,20.027292686482905,0.4880350262816309,0.9793033220638616,0.0012225477449556883,0.9776112299660789,0.9813087756626997,0.48705073377943114
2,0.05,0.5,0.45,14,88.03417142528295,0.5733333333333334,411.42900831623064,21.508444754747206,0.5145073354016159,0.980838653526265,0.0007908640695054427,0.9796248137426051,0.9825093675288533,0.515640202963458
2,0.05,0.5,0.45,15,89.01802937644159,0.5776470588235294,445.8755293461834,22.24646425035122,0.4778819275570701,0.9788875467907446,0.00017434793193335055,0.97871082857333,0.9793283973929784,0.4778164316859819
2,0.05,0.5,0.45,16,90.54230990504534,0.5700000000000002,451.3719374434471,22.568596874026593,0.48048928376086975,0.9790244641882162,1.2811776458162934e-12,0.9790244641864945,0.9790244641908556,0.48048928376259614
2,0.05,0.5,0.45,17,87.10188850772649,0.579607843137255,411.9430988905977,20.93936856281576,0.5080601275157516,0.9803578975162769,0.0006827277991390857,0.9793481836545779,0.9815651481555318,0.5076090389206438
2,0.05,0.5,0.45,18,86.37334134936276,0.586078431372549,417.3287899150449,20.886805886287764,0.4950616049426249,0.9797503302848456,0.0002549560062150138,0.9794359298772827,0.9801368396057469,0.4950341053197697
2,0.05,0.5,0.45,19,84.3256759133817,0.5972549019607843,413.5441623715134,20.573485668514664,0.48712615196553477,0.9794345486470155,0.0009246990783209048,0.9780840077235181,0.9807455789895346,0.487908562452923
2,0.05,0.5,0.55,0,94.62958561598812,0.5711764705882354,575.4063904237153,28.86250640734051,0.39384335047434377,0.9746758195297593,0.0003520612972119884,0.974299138368292,0.9754404734832616,0.3936798705347632
2,0.05,0.5,0.55,1,95.08401419891912,0.5700000000000002,582.3161331479934,29.11580665739962,0.39112482036331503,0.9745562410181656,1.1212702919885052e-16,0.9745562410181657,0.9745562410181657,0.39112482036331503
2,0.05,0.5,0.55,2,98.71527416668724,0.5543137254901961,610.4006125245945,30.527547536136385,0.38813452290417433,0.9744071869106664,0.00018136744993983923,0.9740934579018227,0.9746253889936641,0.3881391305587498
2,0.05,0.5,0.55,3,98.98596744401229,0.5537254901960784,616.1987885668195,30.769990682027615,0.3854165028564758,0.9742686993804878,0.0001900204990566597,0.9739836920414641,0.9745797128118848,0.385395245233117
2,0.05,0.5,0.55,4,91.19191727038015,0.5868627450980393,554.2759136297209,27.64459949563016,0.39312326249643753,0.9746508513767066,0.0001871230860255189,0.9744202233492748,0.9749649466594562,0.3930701450152843
2,0.05,0.5,0.55,5,97.596271282419,0.5599999999999999,606.6796445126698,30.333982225633566,0.38576785136918357,0.9742883925684592,1.1212702919885052e-16,0.9742883925684591,0.9742883925684591,0.3857678513691836
2,0.05,0.5,0.55,6,89.51447062024958,0.5933333333333334,538.2223454662397,26.79547781153035,0.3973479755247863,0.9748682028473885,0.00034377103655914757,0.9745195448182683,0.9756994204482904,0.39735601623628064
2,0.05,0.5,0.55,7,100.0527273022605,0.5476470588235294,616.0322292419087,30.89728281211217,0.3904128252944844,0.9745564903967224,0.0006318759274685815,0.9737669218305649,0.97563745563,0.3907713166144653
2,0.05,0.5,0.55,8,97.4597004713414,0.559607843137255,601.3584338661898,29.945372993893077,0.3884862686508247,0.974404928066102,0.0002988028970809221,0.9738396319042003,0.9751415648183279,0.38829241498643186
2,0.05,0.5,0.55,9,94.15490038079474,0.5743137254901961,578.0773961475127,28.837797228979984,0.3899201199241115,0.9745065762791206,0.00019067555142370941,0.9742373713978006,0.9748964920476892,0.39002582275326175
2,0.05,0.5,0.55,10,97.70434887693361,0.5592156862745098,605.5756377148667,30.273076931470243,0.3869297204668585,0.9743461277634659,6.955301576281341e-05,0.9743081131267018,0.9746167230707279,0.3869261378680877
2,0.05,0.5,0.55,11,94.98461551368499,0.5700000000000002,578.8130527843146,28.940652639215823,0.3930806302517633,0.9746540315125881,1.1212702919885052e-16,0.9746540315125882,0.9746540315125882,0.3930806302517633
2,0.05,0.5,0.55,12,107.04728774876513,0.52,683.5211202478563,34.1760560123974,0.377328423308525,0.9738664211654264,1.7436511212190229e-15,0.9738664211654242,0.9738664211654303,0.3773284233085274
2,0.05,0.5,0.55,13,95.76984892867067,0.5676470588235295,592.0528961022987,29.536463951949116,0.38737210930815036,0.974364715556444,0.00018957304216840625,0.9741988034308617,0.9747476947845686,0.38733321021851475
2,0.05,0.5,0.55,14,99.75156126707824,0.5501960784313725,619.7557680728539,31.12128229463372,0.38656315218452103,0.974326960374349,6.433847838422672e-05,0.9741077708134702,0.9744323067812065,0.3865511798357486
2,0.05,0.5,0.55,15,96.09997668563219,0.565294117647059,588.6991245915673,29.4271077165424,0.39126070532173657,0.9745835502503146,0.00022038178989931964,0.9743098076583034,0.9748554810386618,0.39146585516401655
2,0.05,0.5,0.55,16,97.68856979176562,0.5599999999999999,610.0632921212252,30.503164606061368,0.3839910372235155,0.9741995518611758,1.1212702919885052e-16,0.9741995518611757,0.9741995518611757,0.3839910372235156
2,0.05,0.5,0.55,17,99.5333722562337,0.5507843137254902,616.95280417215,30.933303364386877,0.3871871554984659,0.9743635584876026,0.00030562695866555474,0.9739411856786319,0.9748057018440172,0.3872291626252594
2,0.05,0.5,0.55,18,95.17551346264764,0.5700000000000002,585.5719280067266,29.27859640033626,0.38932444277919837,0.9744662221389598,1.1212702919885052e-16,0.97446622213896,0.97446622213896,0.38932444277919837
2,0.05,0.5,0.55,19,92.96505694730693,0.5784313725490197,563.6924395054192,28.21675856476378,0.39472392198374867,0.9746999212858064,0.00025638999313961047,0.9742419155310668,0.9751423332477392,0.3943611738499389
2,0.05,0.5,0.65,0,119.32803761532264,0.48,891.9256096314085,44.596280481570545,0.3239935111093401,0.971199675555467,0.0,0.971199675555467,0.971199675555467,0.3239935111093401
2,0.05,0.5,0.65,1,112.10592811750557,0.51,822.9646171947028,41.14823085973523,0.3286105636235326,0.9714305281811765,1.1212702919885052e-16,0.9714305281811766,0.9714305281811766,0.3286105636235326
2,0.05,0.5,0.65,2,120.31161930999845,0.4752941176470587,895.9550139737554,44.78508496638586,0.3253918539772114,0.9712643426946819,0.0001059847088989628,0.9711143864418187,0.9714266127634785,0.32533935393542335
2,0.05,0.5,0.65,3,119.3638105776588,0.48,893.8164279338122,44.69082139669074,0.3234050445727327,0.9711702522286367,1.1212702919885052e-16,0.9711702522286366,0.9711702522286366,0.3234050445727327
2,0.05,0.5,0.65,4,116.88784090358872,0.49,867.1578004696548,43.35789002348287,0.3260003816483347,0.971300019082417,2.2425405839770103e-16,0.9713000190824168,0.9713000190824168,0.3260003816483347
2,0.05,0.5,0.65,5,122.24083806153072,0.46705882352941164,912.7783843639295,45.99590391137972,0.32517070179393665,0.9712561183663047,0.00021738649321995928,0.9709352131664103,0.9715907988559973,0.3251465345600166
2,0.05,0.5,0.65,6,113.21446428949844,0.5054901960784314,835.1424849516011,41.722530840742515,0.3272469124229026,0.9713611278593719,0.0001295850204207023,0.9711975659395404,0.9715503387499721,0.32723473480517057
2,0.05,0.5,0.65,7,112.05049892586197,0.51,820.152037722568,41.00760188612834,0.32957444664975566,0.9714787223324876,2.2425405839770103e-16,0.9714787223324878,0.9714787223324878,0.32957444664975566
2,0.05,0.5,0.65,8,114.48530798336772,0.5,844.4387063469097,42.22193531734558,0.327465786797078,0.9713732893398538,1.1212702919885052e-16,0.9713732893398539,0.9713732893398539,0.3274657867970781
2,0.05,0.5,0.65,9,120.64161415014343,0.4739215686274509,899.4460103326163,45.12560346160689,0.3255378858918169,0.9712649035729294,0.00018763906640661176,0.9709763244997882,0.9714721935181592,0.3254179786752018
2,0.05,0.5,0.65,10,102.38119768909942,0.55,727.544714719836,36.377235735991746,0.3378376400129833,0.971891882000649,1.1212702919885052e-16,0.9718918820006491,0.9718918820006491,0.3378376400129833
2,0.05,0.5,0.65,11,124.10313151009443,0.46,936.0586625380158,46.65984269477373,0.3216818045989645,0.971086536940272,3.607860438355097e-05,0.9710240993020138,0.971191986991483,0.3217062717022024
2,0.05,0.5,0.65,12,112.080828645284,0.51,821.6889822609883,41.0844491130494,0.32904702958170756,0.9714523514790854,0.0,0.9714523514790854,0.9714523514790854,0.32904702958170756
2,0.05,0.5,0.65,13,124.26710699052357,0.46,944.992266410531,47.249613320526706,0.3193321448175843,0.9709666072408795,2.2425405839770103e-16,0.9709666072408792,0.9709666072408792,0.3193321448175843
2,0.05,0.5,0.65,14,121.6831503529835,0.46999999999999986,912.2713136336586,45.61356568168306,0.3234580275667512,0.9711729013783377,0.0,0.9711729013783377,0.9711729013783377,0.3234580275667512
2,0.05,0.5,0.65,15,122.78487369113034,0.46529411764705875,922.3055144756902,46.03080059122546,0.32296504835057316,0.9711592924285364,0.00015250003678797747,0.9709783140239946,0.9713657077007415,0.3230754484606518
2,0.05,0.5,0.65,16,122.78475449753255,0.4650980392156862,920.7818477853447,46.082021622110396,0.3237756018078678,0.9711981248199194,0.00018470849601774167,0.9709444884374158,0.9714313351918321,0.3238690491031296
2,0.05,0.5,0.65,17,124.13785141789833,0.46,937.97863139238,46.89893156961912,0.3213852820699773,0.9710692641034988,0.0,0.9710692641034988,0.9710692641034988,0.3213852820699773
2,0.05,0.5,0.65,18,116.81033068117127,0.49,863.1452223712753,43.15726111856388,0.32729870681726686,0.9713649353408635,1.1212702919885052e-16,0.9713649353408634,0.9713649353408634,0.32729870681726686
2,0.05,0.5,0.65,19,110.44005340920992,0.5168627450980393,807.9312744892968,40.117405441341546,0.32936936413223405,0.9714867753641386,0.00020202672859359963,0.9712673814293209,0.9722086608796993,0.32955243570750126
3,0.05,0.25,0.35,0,83.32005985777559,0.5576470588235295,299.3925535756686,14.993158693336174,0.6674773482788371,0.9883809906024845,0.0005745872985056372,0.9877159765997711,0.9892202019297711,0.6675841961069765
3,0.05,0.25,0.35,1,81.68953664855786,0.5662745098039217,292.99128465742547,14.644103089448677,0.6679057795263691,0.9883921858842893,0.0001624909136202635,0.9882044620797708,0.9886581080436194,0.6678592331459332
3,0.05,0.25,0.35,2,82.8827124223247,0.5552941176470588,291.3226401987587,14.677124956578046,0.6838909403250207,0.9891644830563745,0.0012445591053483968,0.987768273462148,0.9911350111556549,0.6834399809268735
3,0.05,0.25,0.35,3,82.00545199428362,0.5647058823529412,295.25711236426275,14.737085191943512,0.6659088184216487,0.9883240239878802,0.000602934085490107,0.9874131392570702,0.9893209948333228,0.666337564423616
3,0.05,0.25,0.35,4,79.8550014312876,0.5805882352941176,294.83762555543836,14.348091136070822,0.6469657385756269,0.9873504981499113,0.0008247534118569082,0.9859271674160496,0.9883977108366448,0.6469989068925737
3,0.05,0.25,0.35,5,82.73065655796591,0.5568627450980392,292.36499349704644,14.738200950634628,0.6789587864767074,0.9887998613307643,0.0013528813968150463,0.9862296321639542,0.9904680334261883,0.6767376165806405
3,0.05,0.25,0.35,6,83.77296096779791,0.5507843137254902,295.15832846530276,14.943529296713786,0.6828278326825932,0.9891322737020446,0.0010328416074005776,0.9875568194211592,0.9903155954094431,0.6826910637013163
3,0.05,0.25,0.35,7,83.15922706470931,0.5576470588235294,297.04080306047564,14.813479646600706,0.6717203312373602,0.988598033654711,0.0002512891703675034,0.9884062844763379,0.9893871388201791,0.6719005876300042
3,0.05,0.25,0.35,8,82.77041666863528,0.5592156862745099,295.14857013929134,14.81598298063959,0.6732273569865501,0.9886073831329821,0.00034907029421707365,0.9880419306765458,0.9891658405750844,0.6724175862413697
3,0.05,0.25,0.35,9,83.66769045426338,0.5574509803921569,304.20928371118674,15.150517962338348,0.6594753541313565,0.9882251703755432,0.001425208900581641,0.9860375657715885,0.9896736752260107,0.6632463941659884
3,0.05,0.25,0.35,10,83.63311608958004,0.5572549019607843,302.5068293709068,15.15400171414134,0.6638461621576746,0.9882010776896429,0.0005518292634535589,0.9872715016435831,0.988757010993816,0.663977705884061
3,0.05,0.25,0.35,11,80.13269682749764,0.572156862745098,284.30733751113445,14.140906602989496,0.6743917244980302,0.9886602789204721,0.0005263369664066357,0.9877426370594817,0.9893065507252295,0.6735021149315891
3,0.05,0.25,0.35,12,82.10602836621285,0.560392156862745,289.5017542856021,14.540661232663023,0.6804241216264973,0.9890904507312376,0.0006229768105031967,0.9878914910187918,0.9897244060225674,0.6814627913751882
3,0.05,0.25,0.35,13,83.01800783844222,0.5611764705882354,302.12958171545216,14.988198078244805,0.6581206022327116,0.9881707666811512,0.0012384892376904708,0.9860515700600885,0.9897305310556096,0.6620916507754465
3,0.05,0.25,0.35,14,81.32552658914337,0.5656862745098039,289.83905114212763,14.371614984009833,0.6725085666393298,0.9884715708225574,0.0017317315426415663,0.9864763939331386,0.9909043818300608,0.6702007039981913
3,0.05,0.25,0.35,15,82.28712475513497,0.5627450980392158,294.8668095162731,14.745821351125754,0.669091277368401,0.9885393637427251,0.0004618916526154908,0.9880080261103863,0.9891896961749257,0.670363275482978
3,0.05,0.25,0.35,16,81.23996323444658,0.5680392156862746,290.3500074231545,14.45447859773946,0.6706412048340571,0.9885060896140964,0.00018034513867716496,0.9883258162158848,0.9888983198525267,0.6702516454199592
3,0.05,0.25,0.35,17,83.87733948444871,0.5499999999999999,295.9466803561961,14.866501093338488,0.6836267407476178,0.9894577578639958,0.002097500620661624,0.9865974589263466,0.99189207877887,0.6877730531468401
3,0.05,0.25,0.35,18,82.06334928239612,0.5594117647058825,288.21176213117855,14.430475593392712,0.6831482777940777,0.9895286148895633,0.0016753859033430743,0.9878101765366708,0.9925326864354906,0.6887162927919696
3,0.05,0.25,0.35,19,81.2343052310665,0.5705882352941177,294.83622573589804,14.603599919206738,0.6594545243729439,0.9879104187736831,0.0007456617065200137,0.9869759752079427,0.9891029901494001,0.6585199126984813
3,0.05,0.25,0.45,0,88.66010152156002,0.58,446.1681553272618,22.30840776636316,0.47546679917459994,0.9787733399587298,1.1212702919885052e-16,0.97877333995873,0.97877333995873,0.47546679917459994
3,0.05,0.25,0.45,1,90.87130278007962,0.5700000000000002,459.19859573799823,22.959929786899984,0.47401588306442255,0.9787007941532211,0.0,0.9787007941532211,0.9787007941532211,0.4740158830644226
3,0.05,0.25,0.45,2,84.06946624892055,0.5984313725490196,412.15074777928197,20.36993934411156,0.4863780048027098,0.9792740296094822,0.0006721028121021705,0.9785143403276744,0.9808240734223024,0.4857049453429097
3,0.05,0.25,0.45,3,82.49765907449482,0.6050980392156863,402.87449385257975,19.963182979324827,0.48936133662444975,0.9794038455166288,0.0010659766126644974,0.978286214490652,0.9812684076095184,0.48839801690554613
3,0.05,0.25,0.45,4,83.64970215600707,0.5992156862745098,405.7293529830128,20.284705310395097,0.49276846999429585,0.9796828719011236,0.0005157631597032449,0.9790694889108537,0.9807703459068249,0.493435196015426
3,0.05,0.25,0.45,5,82.30280229666616,0.6062745098039216,401.55563533288444,19.739001825507017,0.4880338037467992,0.9794093218515394,0.0005356633819204542,0.9788093658194302,0.9805158080029868,0.4881482787097915
3,0.05,0.25,0.45,6,82.99234768603462,0.6023529411764708,401.6664313194336,20.049746313584027,0.49336837881914253,0.9796374915385057,0.0002848742480140242,0.97920786965049,0.9801301975453749,0.49290446778237185
3,0.05,0.25,0.45,7,87.48194954552717,0.583921568627451,434.32353109115024,21.70996977477387,0.4817436418067859,0.9791157619237074,0.00020790878092744473,0.9787993587000863,0.9793325132718863,0.48217233930730696
3,0.05,0.25,0.45,8,81.40195379016089,0.6109803921568627,399.03468272836153,19.571156970739363,0.4861129652119693,0.979414034737708,0.0010104026083680683,0.9782487540904935,0.9818079792289837,0.48773876236861025
3,0.05,0.25,0.45,9,84.38158616726412,0.5952941176470589,407.9929469101276,20.380230552374723,0.49418605340885274,0.9796647015506459,0.0006630186907541259,0.9788275025287427,0.9805706736408364,0.49351703661190005
3,0.05,0.25,0.45,10,92.03370891437699,0.5645098039215688,466.0425006277432,23.297404879691666,0.4734670548583747,0.9786722916841797,0.00026783674865718613,0.9782971905736245,0.9789862850436079,0.47345113897728863
3,0.05,0.25,0.45,11,85.94314466372474,0.5880392156862745,415.65602773935944,21.023607160844627,0.4943696676972373,0.9796595049468417,0.0003969975810010462,0.9788163014852325,0.9800723448680465,0.4934849911269359
3,0.05,0.25,0.45,12,80.65111694926432,0.6109803921568627,381.517134872144,19.192533169826657,0.5042166480842131,0.9801226603726511,0.0003528932996691886,0.9797684294178521,0.9809853436914455,0.5028940676108189
3,0.05,0.25,0.45,13,84.00560369591494,0.5956862745098039,401.8035608424258,20.28158368336505,0.5002305125068173,0.9799842785917966,0.0009693314079377596,0.9787358067896857,0.9814125053660092,0.4998218070036546
3,0.05,0.25,0.45,14,89.82624518555946,0.5615686274509805,414.2573344630689,21.937077023066177,0.5250845266092411,0.9816723579651869,0.0021184600793497585,0.9769816268723786,0.9842146497085811,0.5313565011301161
3,0.05,0.25,0.45,15,90.73457090788794,0.5700000000000002,455.9199652164837,22.795998260824266,0.4767062762730328,0.9788353138136517,1.1212702919885052e-16,0.9788353138136516,0.9788353138136516,0.4767062762730331
3,0.05,0.25,0.45,16,90.52268692611679,0.5700000000000002,450.9117707735083,22.54558853867547,0.4808753936590016,0.9790437696829503,1.1212702919885052e-16,0.9790437696829501,0.9790437696829501,0.4808753936590017
3,0.05,0.25,0.45,17,85.51458219082258,0.5892156862745099,411.3138169714554,20.48976664823135,0.4967420636256714,0.979825838559411,0.0006683967775078127,0.9788083456307872,0.98084404626715,0.49657309429758145
3,0.05,0.25,0.45,18,85.44481065827846,0.59,410.3414014407581,20.517070072037875,0.4976955963918819,0.979884779819594,2.2425405839770103e-16,0.9798847798195942,0.9798847798195942,0.4976955963918818
3,0.05,0.25,0.45,19,85.84101528627974,0.5888235294117647,415.4037770717539,20.950771348030315,0.4940036588208714,0.979741581573273,0.00015224789628424322,0.9795259141935574,0.9800573839133768,0.4946246383043123
3,0.05,0.25,0.55,0,93.87508630042426,0.5754901960784314,575.6932615948547,28.636848386032028,0.3905147542806496,0.974545019550921,0.0002345372113374154,0.9743274091773693,0.9750295641880463,0.3908039818339781
3,0.05,0.25,0.55,1,95.08401419891912,0.5700000000000002,582.3161331479934,29.115806657399617,0.39112482036331503,0.9745562410181656,1.1212702919885052e-16,0.9745562410181657,0.9745562410181657,0.39112482036331486
3,0.05,0.25,0.55,2,100.06688573371531,0.5488235294117647,622.2793973028305,31.151981068629684,0.38630699163211085,0.974294303401339,6.973225962259674e-05,0.9742438434926493,0.974534347983113,0.38599129892811196
3,0.05,0.25,0.55,3,98.81682272164997,0.5547058823529412,616.2946998534919,30.70829132790276,0.3846134352702027,0.9742207442837046,0.0001837587798770988,0.9739459261602839,0.9744234877532261,0.384464523073119
3,0.05,0.25,0.55,4,99.86622400642008,0.55,622.3648815581287,31.118244077906514,0.3852308595438901,0.9742615429771945,0.0,0.9742615429771945,0.9742615429771945,0.3852308595438904
3,0.05,0.25,0.55,5,97.58733930181656,0.5599999999999999,606.3538530249739,30.317692651248795,0.3859397985609156,0.9742969899280457,1.1212702919885052e-16,0.9742969899280458,0.9742969899280458,0.38593979856091565
3,0.05,0.25,0.55,6,92.39517610713604,0.581372549019608,563.7443926417228,27.96443087078965,0.391880934267048,0.9747547172929577,0.000992805331567723,0.973782216161499,0.9765082942091154,0.3942909929611231
3,0.05,0.25,0.55,7,97.51749578317103,0.5586274509803921,597.0579543107448,29.876858545848776,0.3922724160864586,0.9746396169118896,0.0005439463213793876,0.9740400377729577,0.9754274026180949,0.3926623576999582
3,0.05,0.25,0.55,8,97.35083912954381,0.5599999999999999,597.8319488558654,29.891597442793373,0.39049260070822944,0.9745246300354115,0.0,0.9745246300354115,0.9745246300354115,0.39049260070822966
3,0.05,0.25,0.55,9,94.3026948024063,0.5731372549019608,576.6531011218973,28.875971957947403,0.3917091157044584,0.974591472670171,0.00038127422683430136,0.9742424597979398,0.9753783061141146,0.3917993689786792
3,0.05,0.25,0.55,10,97.66590932833627,0.5594117647058823,605.4200617583238,30.25743628395094,0.38685401487772575,0.9743479725321551,3.0136268172743063e-05,0.9743198625464362,0.97442307434717,0.3869330917017575
3,0.05,0.25,0.55,11,94.98606680383485,0.5700000000000002,578.8639494102254,28.94319747051133,0.39305207406292214,0.9746526037031463,1.1212702919885052e-16,0.9746526037031462,0.9746526037031462,0.39305207406292225
3,0.05,0.25,0.55,12,91.78819073110559,0.5813725490196078,544.7743018313168,27.657768409166636,0.40394852197321607,0.9753523549997959,0.0005702526566791117,0.9741035150134616,0.9760367761682319,0.40627245549024177
3,0.05,0.25,0.55,13,97.71620785572956,0.5599999999999999,611.0721983823796,30.541449080949732,0.3834849179802919,0.9741772028216877,7.872889993943462e-06,0.9741712456818956,0.9742163501491643,0.38352927182038765
3,0.05,0.25,0.55,14,99.76104144206919,0.550392156862745,621.6561775266852,31.156191701134727,0.3852454743783134,0.9742808636504241,5.45024572284517e-05,0.9740980498551751,0.9743624870483742,0.3855243233509396
3,0.05,0.25,0.55,15,96.142229625994,0.5650980392156865,588.9380465778303,29.451305457695216,0.39133709147900236,0.9746004439833714,0.00018514542813919893,0.9743486024514552,0.9748104496517955,0.39184093262032293
3,0.05,0.25,0.55,16,96.2929494182726,0.5647058823529412,592.2660162437974,29.60720170915204,0.38976083430679953,0.9744899695417921,0.00018337230854124047,0.9741773601425822,0.9747601987363442,0.3897897517035807
3,0.05,0.25,0.55,17,98.49963574398384,0.5558823529411764,612.8858319685921,30.639031717180423,0.3855900932805797,0.9742812228469305,0.00016718049834599073,0.9741068099220991,0.9746540784731519,0.3856158660241035
3,0.05,0.25,0.55,18,95.17551346264764,0.5700000000000002,585.5719280067266,29.278596400336266,0.38932444277919837,0.9744662221389598,1.1212702919885052e-16,0.97446622213896,0.97446622213896,0.38932444277919837
3,0.05,0.25,0.55,19,92.44207285104811,0.5819607843137256,567.3437416912241,28.059119376403732,0.3893070920209545,0.9744719028212762,0.0002515899390180742,0.974183294954749,0.9748982716230055,0.3894053153243807
3,0.05,0.25,0.65,0,119.32803761532264,0.48,891.9256096314085,44.59628048157054,0.3239935111093401,0.971199675555467,0.0,0.971199675555467,0.971199675555467,0.3239935111093402
3,0.05,0.25,0.65,1,112.12334610071264,0.51,823.851848019169,41.192592400958524,0.32830767451643034,0.9714153837258213,2.2425405839770103e-16,0.9714153837258215,0.9714153837258215,0.3283076745164305
3,0.05,0.25,0.65,2,121.56365384489051,0.46999999999999986,905.966240100582,45.29831201508804,0.3253892780900715,0.9712694639052477,2.7403588132057413e-12,0.9712694639018649,0.9712694639112879,0.32538927810123397
3,0.05,0.25,0.65,3,119.36747879783593,0.48,894.0107046929712,44.70053523464869,0.32334470221688094,0.9711672351108438,2.2425405839770103e-16,0.971167235110844,0.971167235110844,0.32334470221688105
3,0.05,0.25,0.65,4,116.88784090358872,0.49,867.1578004696548,43.35789002348285,0.3260003816483347,0.971300019082417,2.2425405839770103e-16,0.9713000190824168,0.9713000190824168,0.3260003816483347
3,0.05,0.25,0.65,5,119.32788382382445,0.48,891.9174956444308,44.59587478222166,0.32399604098510104,0.9711998020492552,0.0,0.9711998020492552,0.9711998020492552,0.32399604098510115
3,0.05,0.25,0.65,6,113.97878489725828,0.501764705882353,837.4586022545516,42.01869910551226,0.3286446448784255,0.971416729451329,0.00018312769698614048,0.9712026956900827,0.9716928944917054,0.3284121029895412
3,0.05,0.25,0.65,7,112.05939940023717,0.51,820.6025549484835,41.03012774742413,0.3294196723165718,0.9714709836158288,2.2425405839770103e-16,0.9714709836158286,0.9714709836158286,0.3294196723165718
3,0.05,0.25,0.65,8,114.49426286004048,0.5,844.8989969961764,42.24494984980881,0.32731298738819037,0.9713656493694096,0.0,0.9713656493694096,0.9713656493694096,0.32731298738819026
3,0.05,0.25,0.65,9,121.78676039234713,0.46999999999999986,917.7994177156418,45.88997088578221,0.3217835272308779,0.971089176361544,1.1212702919885052e-16,0.9710891763615439,0.9710891763615439,0.321783527230878
3,0.05,0.25,0.65,10,102.38119768909942,0.55,727.544714719836,36.37723573599177,0.3378376400129833,0.971891882000649,1.1212702919885052e-16,0.9718918820006491,0.9718918820006491,0.3378376400129831
3,0.05,0.25,0.65,11,126.52344331940093,0.45,960.0451231177722,48.00225615588872,0.32048820829209634,0.9710244104146051,1.1212702919885052e-16,0.971024410414605,0.971024410414605,0.3204882082920964
3,0.05,0.25,0.65,12,112.080828645284,0.51,821.6889822609883,41.0844491130494,0.32904702958170756,0.9714523514790854,0.0,0.9714523514790854,0.9714523514790854,0.3290470295817074
3,0.05,0.25,0.65,13,120.26468164987985,0.47509803921568633,892.8286103819954,45.040294872699555,0.32679614409287167,0.9713002628462413,0.00025873932933308095,0.9709185387697374,0.9715926103157994,0.32620297871683485
3,0.05,0.25,0.65,14,123.41516830232794,0.46196078431372545,922.0847048019965,46.37655498632237,0.3251707781441648,0.9712352686958288,0.00018547803623970198,0.9710350497932136,0.9715262010559318,0.3248217249734718
3,0.05,0.25,0.65,15,122.61355200888528,0.46607843137254895,921.342680248359,45.95888223896458,0.32274847113675165,0.9711359833510184,0.00013327705128874618,0.9710070352403808,0.9713304306364373,0.3227268680494639
3,0.05,0.25,0.65,16,121.51441601435934,0.46999999999999986,903.3899916112069,45.169499580560476,0.3261850384668031,0.9713092519233398,2.2425405839770103e-16,0.9713092519233401,0.9713092519233401,0.3261850384668031
3,0.05,0.25,0.65,17,124.14280346627494,0.46,938.2456870150022,46.912284350750234,0.32130662213453925,0.9710653311067272,2.2425405839770103e-16,0.971065331106727,0.971065331106727,0.32130662213453925
3,0.05,0.25,0.65,18,111.7455697252215,0.5145098039215686,851.7364817185521,40.94124088805096,0.3152971390068315,0.9707798362105088,0.0003001805506302579,0.9703022787603025,0.9713725582944897,0.31552182790933947
3,0.05,0.25,0.65,19,111.03968141051946,0.5129411764705882,803.3391120196363,40.33496680464669,0.3334860796297476,0.9716884993440827,0.00018858734087565901,0.9714030933945708,0.9720649432463025,0.3336990100686751
4,0.05,0.0,0.35,0,81.82999982923927,0.5729411764705882,306.85248246130413,15.119145539583466,0.6394627705627048,1.0,0.0,1.0,1.0,0.9
4,0.05,0.0,0.35,1,84.64382685317553,0.5498039215686275,303.29727968207936,15.438955531531624,0.670191770918238,1.0,0.0,1.0,1.0,0.9
4,0.05,0.0,0.35,2,81.00976589657307,0.5701960784313725,292.16250172748556,14.587091576385491,0.6643173218334603,1.0,0.0,1.0,1.0,0.9
4,0.05,0.0,0.35,3,84.16139694143462,0.553921568627451,304.27547829638326,15.424235560985244,0.6654965635951229,1.0,0.0,1.0,1.0,0.9
4,0.05,0.0,0.35,4,81.32576013371798,0.5694117647058824,294.68091248498166,14.696269820613956,0.6611464554533002,1.0,0.0,1.0,1.0,0.9
4,0.05,0.0,0.35,5,79.73659155994774,0.5772549019607843,288.059366469791,14.348604589455158,0.662462342434298,1.0,0.0,1.0,1.0,0.9
4,0.05,0.0,0.35,6,87.06933269506538,0.531372549019608,305.5811790756865,15.76038716178233,0.6889982252028021,1.0,0.0,1.0,1.0,0.9
4,0.05,0.0,0.35,7,83.2124080872078,0.5599999999999999,301.12336766752185,15.056168383370965,0.6626677902255039,1.0,0.0,1.0,1.0,0.9
4,0.05,0.0,0.35,8,83.57903840220142,0.5588235294117648,304.48996168494705,15.26087369386968,0.6586742217503501,1.0,0.0,1.0,1.0,0.9
4,0.05,0.0,0.35,9,82.7577798981644,0.5547058823529413,290.11102283307974,14.757023476390488,0.6891014763207505,1.0,0.0,1.0,1.0,0.9
4,0.05,0.0,0.35,10,84.26264277224112,0.5580392156862747,312.04140986477927,15.578680642058316,0.6477540765357654,1.0,0.0,1.0,1.0,0.9
4,0.05,0.0,0.35,11,79.22277615863321,0.5843137254901961,292.884803891906,14.36383301932759,0.6464903613990804,1.0,0.0,1.0,1.0,0.9
4,0.05,0.0,0.35,12,80.34159032795986,0.5733333333333334,289.23830412741034,14.434483186422934,0.6651752821218758,1.0,0.0,1.0,1.0,0.9
4,0.05,0.0,0.35,13,83.39556377669919,0.5547058823529413,297.2156482659041,15.078558255090606,0.6740900912442856,1.0,0.0,1.0,1.0,0.9
4,0.05,0.0,0.35,14,84.86964336955745,0.5566666666666668,317.4397607602614,15.815914721705063,0.6413058803461197,1.0,0.0,1.0,1.0,0.9
4,0.05,0.0,0.35,15,81.41134675208986,0.5698039215686276,295.0730036756545,14.73306296466467,0.6607692952702153,1.0,0.0,1.0,1.0,0.9
4,0.05,0.0,0.35,16,81.9393882074038,0.5649019607843137,294.3491764514657,14.691452327222278,0.666965721761226,1.0,0.0,1.0,1.0,0.9
4,0.05,0.0,0.35,17,83.82607264819946,0.5541176470588236,300.4629806089584,15.045669630614034,0.6703973204538141,1.0,0.0,1.0,1.0,0.9
4,0.05,0.0,0.35,18,79.6994912507924,0.5758823529411765,285.0203030860973,14.083913952973862,0.6683861076365077,1.0,0.0,1.0,1.0,0.9
4,0.05,0.0,0.35,19,81.32005037755249,0.5686274509803922,292.77665694106815,14.641390823488544,0.6650602338066804,1.0,0.0,1.0,1.0,0.9
4,0.05,0.0,0.45,0,87.36106032674583,0.5876470588235294,446.1308822702036,22.244862131056713,0.46787799740521263,1.0,0.0,1.0,1.0,0.9
4,0.05,0.0,0.45,1,90.5374528641424,0.5737254901960785,466.95941183274175,23.322501632648688,0.46421785143861916,1.0,0.0,1.0,1.0,0.9
4,0.05,0.0,0.45,2,85.70896601617464,0.5925490196078431,427.77111168133735,21.343081450438905,0.4787996845808017,1.0,0.0,1.0,1.0,0.9
4,0.05,0.0,0.45,3,86.19618695798077,0.5845098039215687,410.47480840503954,21.364275418305823,0.5035128671382385,1.0,0.0,1.0,1.0,0.9
4,0.05,0.0,0.45,4,84.0980568136886,0.6003921568627452,419.5758372229343,20.921101672624683,0.4785243306407186,1.0,0.0,1.0,1.0,0.9
4,0.05,0.0,0.45,5,87.04381905811319,0.5878431372549019,440.88639202930545,21.89350973412068,0.4715162728646905,1.0,0.0,1.0,1.0,0.9
4,0.05,0.0,0.45,6,82.98411118982779,0.6049019607843138,410.81464766901826,20.45737743029576,0.4815257764844187,1.0,0.0,1.0,1.0,0.9
4,0.05,0.0,0.45,7,89.0311666622726,0.58,455.1838327756935,22.759191638784742,0.46799991919062944,1.0,0.0,1.0,1.0,0.9
4,0.05,0.0,0.45,8,86.24360665947343,0.5901960784313727,431.76820303044593,21.577149629427648,0.4777251150993912,1.0,0.0,1.0,1.0,0.9
4,0.05,0.0,0.45,9,86.80131239277068,0.585686274509804,426.9068240722497,21.66887120927508,0.4879258714124548,1.0,0.0,1.0,1.0,0.9
4,0.05,0.0,0.45,10,91.48808871210935,0.5700000000000002,474.46297428742383,23.72314871437126,0.46187974643365315,1.0,0.0,1.0,1.0,0.9
4,0.05,0.0,0.45,11,85.15444384971747,0.5956862745098039,425.8724716947785,21.27441566575772,0.47770905425067034,1.0,0.0,1.0,1.0,0.9
4,0.05,0.0,0.45,12,82.18466967923577,0.6076470588235294,403.488050032077,20.157256157902594,0.48606866858259534,1.0,0.0,1.0,1.0,0.9
4,0.05,0.0,0.45,13,83.17200194860308,0.6031372549019608,410.1966058879931,20.416885158899273,0.48395983781449287,1.0,0.0,1.0,1.0,0.9
4,0.05,0.0,0.45,14,91.41042249966242,0.5700000000000002,472.4968715010554,23.624843575513605,0.46340793914509804,1.0,0.0,1.0,1.0,0.9
4,0.05,0.0,0.45,15,91.73114806600498,0.5684313725490197,474.33988992689837,23.672685223127345,0.4630781400945056,1.0,0.0,1.0,1.0,0.9
4,0.05,0.0,0.45,16,91.01051701136757,0.5700000000000002,462.575208843556,23.12876044217777,0.47127664592537466,1.0,0.0,1.0,1.0,0.9
4,0.05,0.0,0.45,17,86.06243300864706,0.5870588235294119,416.2523846017928,20.95448597721814,0.4958192964286895,1.0,0.0,1.0,1.0,0.9
4,0.05,0.0,0.45,18,86.9055159282861,0.5864705882352942,430.8316083866892,21.492942975582313,0.48224354570502054,1.0,0.0,1.0,1.0,0.9
4,0.05,0.0,0.45,19,85.66801494084127,0.5909803921568628,421.6266630104289,21.34248173886224,0.48659594203622575,1.0,0.0,1.0,1.0,0.9
4,0.05,0.0,0.55,0,98.05124312077314,0.5584313725490196,613.1935307959062,30.690265586778505,0.3835795997030946,1.0,0.0,1.0,1.0,0.9
4,0.05,0.0,0.55,1,95.51516472912742,0.5700000000000002,597.9256032128708,29.896280160643524,0.38264132313792043,1.0,0.0,1.0,1.0,0.9
4,0.05,0.0,0.55,2,101.62183766159305,0.5445098039215686,651.3607630144886,32.58568585694858,0.37490472500866595,1.0,0.0,1.0,1.0,0.9
4,0.05,0.0,0.55,3,98.4906860279138,0.5578431372549021,626.1807705913616,31.21309604976384,0.37722276228614143,1.0,0.0,1.0,1.0,0.9
4,0.05,0.0,0.55,4,97.94462298946068,0.5599999999999999,619.6162228089778,30.98081114044895,0.37906182496506324,1.0,0.0,1.0,1.0,0.9
4,0.05,0.0,0.55,5,98.0329816159903,0.5599999999999999,622.9706596405716,31.148532982028655,0.37736085645949297,1.0,0.0,1.0,1.0,0.9
4,0.05,0.0,0.55,6,104.98578584338732,0.5300000000000001,675.8274715223918,33.79137357611971,0.3738208733220098,1.0,0.0,1.0,1.0,0.9
4,0.05,0.0,0.55,7,99.10880576836736,0.5531372549019608,618.0857765593206,31.048581609772565,0.3854383175900054,1.0,0.0,1.0,1.0,0.9
4,0.05,0.0,0.55,8,98.34777847660928,0.5576470588235294,618.8828121741635,30.91697072814247,0.3811080424358455,1.0,0.0,1.0,1.0,0.9
4,0.05,0.0,0.55,9,95.61134570696038,0.5700000000000002,601.5026549881081,30.075132749405363,0.380748826199119,1.0,0.0,1.0,1.0,0.9
4,0.05,0.0,0.55,10,98.81747096839786,0.556078431372549,625.8145006883965,31.349367019126525,0.37887988231067965,1.0,0.0,1.0,1.0,0.9
4,0.05,0.0,0.55,11,98.21597410308314,0.5564705882352942,608.2960542870564,30.883523241734203,0.3883729265023175,1.0,0.0,1.0,1.0,0.9
4,0.05,0.0,0.55,12,106.70980119812128,0.5229411764705884,693.463399828606,34.71680064641351,0.3707578859446635,1.0,0.0,1.0,1.0,0.9
4,0.05,0.0,0.55,13,100.38193612512907,0.55,641.768821963122,32.088441098156096,0.37551256395095745,1.0,0.0,1.0,1.0,0.9
4,0.05,0.0,0.55,14,100.39446472399223,0.55,642.2527210856884,32.11263605428442,0.37527646977612533,1.0,0.0,1.0,1.0,0.9
4,0.05,0.0,0.55,15,96.91463706821693,0.5635294117647058,606.4956557221806,30.404674160453766,0.38332755513256006,1.0,0.0,1.0,1.0,0.9
4,0.05,0.0,0.55,16,98.12760244439129,0.5599999999999999,626.5965279167079,31.329826395835376,0.37553933596509026,1.0,0.0,1.0,1.0,0.9
4,0.05,0.0,0.55,17,101.06399858333093,0.5454901960784314,637.3086070488172,32.114708271427745,0.38078176187359225,1.0,0.0,1.0,1.0,0.9
4,0.05,0.0,0.55,18,97.69131609893526,0.5598039215686275,610.806804105397,30.797589227593793,0.38349022788593634,1.0,0.0,1.0,1.0,0.9
4,0.05,0.0,0.55,19,94.15291025336933,0.5760784313725489,589.5471830050882,29.33107761734659,0.38205457358304346,1.0,0.0,1.0,1.0,0.9
4,0.05,0.0,0.65,0,119.9274802845376,0.4794117647058823,918.2547761340747,45.730383572235596,0.3162863584046236,1.0,0.0,1.0,1.0,0.9
4,0.05,0.0,0.65,1,112.50423602478354,0.51,843.6712258047378,42.18356129023686,0.3216842091223851,1.0,0.0,1.0,1.0,0.9
4,0.05,0.0,0.65,2,121.2841090630816,0.47254901960784307,919.6109007665068,46.08183217131164,0.31976884211627477,1.0,0.0,1.0,1.0,0.9
4,0.05,0.0,0.65,3,120.64534494680669,0.47686274509803916,930.919468470108,46.17607062705894,0.3139779018504298,1.0,0.0,1.0,1.0,0.9
4,0.05,0.0,0.65,4,117.26124684557595,0.49,886.9450452548539,44.34725226274263,0.3197456926848591,1.0,0.0,1.0,1.0,0.9
4,0.05,0.0,0.65,5,124.55838617645432,0.46,961.1330704803646,48.056653524018365,0.31470537217378497,1.0,0.0,1.0,1.0,0.9
4,0.05,0.0,0.65,6,114.8697507071429,0.5,864.5940251097984,43.229701255489864,0.32090593978960774,1.0,0.0,1.0,1.0,0.9
4,0.05,0.0,0.65,7,112.40553166973008,0.51,838.4572737980994,41.9228636899049,0.3234006233371563,1.0,0.0,1.0,1.0,0.9
4,0.05,0.0,0.65,8,114.85077815056353,0.5,863.5800339750439,43.17900169875218,0.3212296734976596,1.0,0.0,1.0,1.0,0.9
4,0.05,0.0,0.65,9,122.18806022469624,0.46999999999999986,939.7648732653548,46.988243663267866,0.3152978940993632,1.0,0.0,1.0,1.0,0.9
4,0.05,0.0,0.65,10,124.51638437557735,0.46,958.7763808868715,47.93881904434372,0.3153725423413578,1.0,0.0,1.0,1.0,0.9
4,0.05,0.0,0.65,11,126.92160276771652,0.45,982.1221572765883,49.10610786382955,0.3142698635268309,1.0,0.0,1.0,1.0,0.9
4,0.05,0.0,0.65,12,133.4508327138311,0.4227450980392158,1045.0715258155983,52.25008465669583,0.31180855766212484,1.0,0.0,1.0,1.0,0.9
4,0.05,0.0,0.65,13,124.64369270759623,0.46,965.9504456482837,48.29752228241434,0.31335033568752374,1.0,0.0,1.0,1.0,0.9
4,0.05,0.0,0.65,14,124.10346483074689,0.46098039215686265,948.8588176274666,47.62288660077027,0.31783963045510727,1.0,0.0,1.0,1.0,0.9
4,0.05,0.0,0.65,15,125.25815014066177,0.45666666666666667,964.1281044733776,48.22500743974455,0.3156599572462135,1.0,0.0,1.0,1.0,0.9
4,0.05,0.0,0.65,16,123.04822993131116,0.46568627450980393,941.4217902285815,47.071654796518075,0.3172155703199049,1.0,0.0,1.0,1.0,0.9
4,0.05,0.0,0.65,17,124.59193851781949,0.46,963.0228586744108,48.151142933720685,0.31417241594944084,1.0,0.0,1.0,1.0,0.9
4,0.05,0.0,0.65,18,127.96759623392649,0.44352941176470584,971.8776867322414,49.36605215820858,0.3211294463479508,1.0,0.0,1.0,1.0,0.9
4,0.05,0.0,0.65,19,122.10005234583173,0.46999999999999986,934.8706837584896,46.743534187924425,0.31672023911171127,1.0,0.0,1.0,1.0,0.9
5,0.15,1.0,0.35,0,81.06728270182182,0.5568627450980393,272.8521726303968,13.743083657039078,0.7136392940486648,0.9719331426565766,0.0020914681222139603,0.969634779810851,0.9760854551846563,0.7136392940486648
5,0.15,1.0,0.35,1,80.41214528467567,0.5660784313725491,277.7466013800761,13.821622408404544,0.6938208086859486,0.9690830795026081,0.000920861930913073,0.9679969358112517,0.9714701747177006,0.6938208086859486
5,0.15,1.0,0.35,2,79.40316484962206,0.5754901960784314,280.3785426580378,13.652405637214141,0.6770004659518992,0.9664431176924846,0.0020823129212077665,0.9632339189742245,0.9719364243564428,0.6770004659518992
5,0.15,1.0,0.35,3,83.47077973899061,0.5474509803921568,286.9428639952434,14.50085486677364,0.7000189458885785,0.9700911331731256,0.00452143652478719,0.9640233753992314,0.9778892726071866,0.7000189458885785
5,0.15,1.0,0.35,4,82.67401790123417,0.5511764705882353,282.9145386640404,14.260111713724307,0.7019114235926938,0.9703425269943169,0.0023376851817887966,0.9661072973502891,0.9739114958500025,0.7019114235926938
5,0.15,1.0,0.35,5,83.94982542109516,0.5513725490196079,297.12564913364974,14.835993075068773,0.6784027616272742,0.9667840880740444,0.0015259099811633474,0.9647414334297248,0.9699906568381709,0.6784027616272742
5,0.15,1.0,0.35,6,82.03309214533722,0.5547058823529413,280.98686507860606,14.06121535193463,0.7011888355927819,0.9703241927741321,0.005121818482025226,0.9608317844793992,0.9760964620741379,0.7011888355927819
5,0.15,1.0,0.35,7,83.34522965080558,0.5496078431372551,287.4513597716247,14.428426808523676,0.6966858297307305,0.969443973387267,0.0017898178387561747,0.9668389230955944,0.9727586136299788,0.6966858297307305
5,0.15,1.0,0.35,8,82.02660665609052,0.5588235294117648,285.76040572891407,14.193305980037943,0.6876229787475616,0.9681156799166852,0.0016425636504827632,0.9653931948672172,0.9699844506376991,0.6876229787475616
5,0.15,1.0,0.35,9,81.12669166880133,0.5627450980392159,282.5170141441671,13.976734862676727,0.6890287942675645,0.9682739740896981,0.0047236632413181,0.9617549059313346,0.9766222574762379,0.6890287942675645
5,0.15,1.0,0.35,10,83.82438032322636,0.5484313725490196,291.47593928146597,14.657638714225683,0.6916153477109219,0.9688922124763458,0.0028632224497723738,0.9634986681418212,0.972314181958421,0.6916153477109219
5,0.15,1.0,0.35,11,82.01280127832811,0.557843137254902,283.9562131998645,14.164950222050265,0.6928209301975605,0.9689735916007238,0.0011123098125426847,0.9669301323532407,0.9715377354417594,0.6928209301975605
5,0.15,1.0,0.35,12,79.66008021019219,0.5711764705882354,277.96965189883593,13.672942974407839,0.6858725248881612,0.9678508401545262,0.004850376936562357,0.9625805178489021,0.9770656243072151,0.6858725248881612
5,0.15,1.0,0.35,13,84.64136766354058,0.5439215686274511,294.88914815611446,14.791640662640253,0.6898758723659904,0.9687887098201103,0.0053005309820024,0.9585262726353105,0.9755559031043972,0.6898758723659904
5,0.15,1.0,0.35,14,83.53924476613967,0.5527450980392157,294.23712813774625,14.707021127189527,0.6813632519740381,0.9672026121089253,0.0016243593344658393,0.9654160041451106,0.9699554053870555,0.6813632519740381
5,0.15,1.0,0.35,15,81.27960888930703,0.5623529411764706,282.4832179566907,14.06698855576576,0.6898588355595275,0.9684942330947964,0.0018096742118920276,0.9665625772197869,0.9713958988313071,0.6898588355595275
5,0.15,1.0,0.35,16,82.4760901545723,0.5525490196078432,282.0550651143874,14.069764948962295,0.7017444447558798,0.9703108874524068,0.002444405014669639,0.9674694764808883,0.9751684571039148,0.7017444447558798
5,0.15,1.0,0.35,17,83.2841562736836,0.5501960784313726,288.724083063,14.432181801236775,0.6944134059222091,0.9693258215497625,0.005194445483031545,0.960842919618163,0.975667477345198,0.6944134059222091
5,0.15,1.0,0.35,18,81.72164609068895,0.5558823529411766,279.6240705668962,13.98311913271899,0.7032982778281774,0.970499524123053,0.005070704356974068,0.9630725041918217,0.9778813612849209,0.7032982778281774
5,0.15,1.0,0.35,19,81.95698734921258,0.5541176470588236,279.1743055542439,14.090428273970355,0.7054351042704757,0.9706931117717729,0.003397762620419448,0.9661838363815087,0.976879480939853,0.7054351042704757
5,0.15,1.0,0.45,0,89.45557505206311,0.5701960784313727,427.7769306533547,21.4092148192035,0.5006965784547811,0.94011018542749,0.00015539962335608788,0.9390613363332211,0.9402213400305545,0.5006965784547811
5,0.15,1.0,0.45,1,81.2883355380777,0.6050980392156864,376.410708157827,18.679124975157375,0.5152572658402576,0.9421996383621272,0.0018313731376537693,0.9392776713094889,0.9464905202308399,0.5152572658402576
5,0.15,1.0,0.45,2,84.00174572590517,0.5923529411764705,389.3471706444581,19.468113105780358,0.5154580541209617,0.9423522656514964,0.0018321860642881592,0.939423331416544,0.9449729861506491,0.5154580541209617
5,0.15,1.0,0.45,3,81.46915499136252,0.6045098039215686,378.08694814127153,18.77266105485958,0.5141861306550228,0.9420730288429783,0.0021220567282849265,0.9379860868758462,0.9470479465784489,0.5141861306550228
5,0.15,1.0,0.45,4,81.99851180805184,0.601764705882353,378.97886502918226,18.963993081258835,0.5165162339308915,0.9424906647190935,0.0018543393729150179,0.940093572851642,0.9463815363652923,0.5165162339308915
5,0.15,1.0,0.45,5,82.76968479619887,0.5984313725490196,383.92519521345616,19.1180458794037,0.5146408953635848,0.9421811113021181,0.0017859403324884603,0.939642203797719,0.9460768556235208,0.5146408953635848
5,0.15,1.0,0.45,6,82.72397551287935,0.5974509803921568,380.48168296362934,19.134017050044857,0.5200190393887282,0.9429428425452113,0.0020988194411936316,0.9394723338399122,0.9471030063074675,0.5200190393887282
5,0.15,1.0,0.45,7,85.05618450443079,0.59,401.9916299750914,20.071325570788428,0.5054962084766664,0.9408190063009181,8.045688875785296e-05,0.9406509303433964,0.9409251759032511,0.5054962084766664
5,0.15,1.0,0.45,8,80.66851346308191,0.6098039215686275,379.3357220481075,18.529478578057905,0.5074349615273714,0.9410994726395225,0.002648568611322019,0.9369047291779371,0.9454427210694789,0.5074349615273714
5,0.15,1.0,0.45,9,83.54323373360413,0.5931372549019607,383.7208532479734,19.255476784554876,0.5209556950579135,0.9431267224462594,0.0026855992467102402,0.9394392813369933,0.9486469707621543,0.5209556950579135
5,0.15,1.0,0.45,10,78.75635242830376,0.6172549019607844,366.04447297184237,17.820916022314048,0.512316416912305,0.9415853382265011,0.006362223599804412,0.9341989403166414,0.9539559969222264,0.512316416912305
5,0.15,1.0,0.45,11,85.67617830953273,0.5837254901960786,395.95157779874165,20.062753357742853,0.517768219676765,0.9426703906288386,0.0019696119770914546,0.9389923000163364,0.945490077398866,0.517768219676765
5,0.15,1.0,0.45,12,79.16557856298776,0.6147058823529412,362.6429624538381,18.028028683490355,0.5204131089794618,0.9430441558839621,0.0010007425033159104,0.9414459879088554,0.944353472602879,0.5204131089794618
5,0.15,1.0,0.45,13,83.75801845103236,0.591372549019608,382.7619433622426,19.386275536953615,0.5240057061526073,0.9436416278807498,0.003158932456441448,0.937055441742026,0.9476882317854016,0.5240057061526073
5,0.15,1.0,0.45,14,83.1947491779042,0.5937254901960786,380.67247238341207,19.162022022297492,0.5231470826000444,0.943694681822347,0.005406400098498157,0.9351104069446861,0.9506783185603457,0.5231470826000444
5,0.15,1.0,0.45,15,85.6001746367463,0.5845098039215687,397.4043842048309,20.035173101946892,0.5154929884644643,0.9423467104850759,0.0025876129652957014,0.9381125001316913,0.9470229094826778,0.5154929884644643
5,0.15,1.0,0.45,16,87.57692344496276,0.5774509803921569,412.8815073329842,20.620628810225732,0.5076636222983754,0.9411751573589242,0.0006120993048097022,0.9405470231390327,0.9424068691181574,0.5076636222983754
5,0.15,1.0,0.45,17,84.49227080843437,0.5925490196078431,400.1590025531494,19.373580585402216,0.501609625275722,0.9402357957774024,0.0025722962096180278,0.9361029500950456,0.9448413417009981,0.501609625275722
5,0.15,1.0,0.45,18,85.62711710175924,0.5845098039215687,396.71491852024116,19.864628100014123,0.516808542883761,0.9425654020681029,0.0016769009441428128,0.9405710173722903,0.9465341841197553,0.516808542883761
5,0.15,1.0,0.45,19,81.93460913509406,0.6023529411764705,380.55837421389367,18.889787916504396,0.5139537528798072,0.9420688849108356,0.0027298115973576945,0.9381502010534815,0.9467119257389852,0.5139537528798072
5,0.15,1.0,0.55,0,93.3794375808682,0.5729411764705882,543.9953022406337,27.22107781408603,0.4111061941595727,0.9266889752906893,0.0010524873141626652,0.9255195902322797,0.9285314990952583,0.4111061941595727
5,0.15,1.0,0.55,1,94.173323304005,0.5700000000000002,551.4734521735244,27.573672608676183,0.40904395333170773,0.9263565929997559,2.2425405839770103e-16,0.9263565929997561,0.9263565929997561,0.40904395333170773
5,0.15,1.0,0.55,2,90.12348294980605,0.5880392156862746,527.7271337589035,25.795837075392374,0.40741600451356835,0.9261014149746082,0.0025531001553058576,0.922083475851518,0.9307415165680066,0.40741600451356835
5,0.15,1.0,0.55,3,96.55345796625329,0.5599999999999999,570.5086643309992,28.52543321654992,0.4058427741883177,0.9258764161282477,0.0,0.9258764161282477,0.9258764161282477,0.4058427741883177
5,0.15,1.0,0.55,4,92.33400097043699,0.5741176470588235,520.5348387333006,26.702973867141104,0.42519388545993203,0.9287921374068866,0.001902956505507743,0.9262280404164585,0.9319676706185348,0.42519388545993203
5,0.15,1.0,0.55,5,93.02365757909989,0.5750980392156865,545.3035368376086,27.224430820993703,0.40839053331177516,0.9262542145278607,0.0010901695310813334,0.9238337487768407,0.9277094490842079,0.40839053331177516
5,0.15,1.0,0.55,6,87.71550120997992,0.5972549019607843,501.508049066566,24.995788211980358,0.41762903721439953,0.9276601620056056,0.0005720294939610033,0.9270271336223562,0.92875154193081,0.41762903721439953
5,0.15,1.0,0.55,7,92.74760116566071,0.5749019607843138,535.0954959287467,26.7855870771667,0.415034992710819,0.9272584765396309,0.000650479865798373,0.9263843669181775,0.9288357277897807,0.415034992710819
5,0.15,1.0,0.55,8,90.8190478607989,0.5850980392156864,532.1873600421782,26.129825226497974,0.407114577862873,0.9260158087806005,0.0012201517874421404,0.9231744175705228,0.930101136664871,0.407114577862873
5,0.15,1.0,0.55,9,91.85387842135677,0.58,534.4856086681643,26.724280433408275,0.41119897611646056,0.9266798464174693,1.1212702919885052e-16,0.9266798464174691,0.9266798464174691,0.41119897611646056
5,0.15,1.0,0.55,10,96.59841914447684,0.5599999999999999,571.9942127467219,28.59971063733608,0.40497723846039413,0.9257465857690592,2.2425405839770103e-16,0.925746585769059,0.925746585769059,0.40497723846039413
5,0.15,1.0,0.55,11,88.49264542882813,0.5954901960784316,516.2478305991029,25.359780141576017,0.4095705200641689,0.9264650866613718,0.0009392437941401711,0.9249045788700121,0.9285820347803867,0.4095705200641689
5,0.15,1.0,0.55,12,86.70652611246481,0.5988235294117646,482.807858250742,24.459621269020094,0.4292258391202051,0.9293893681638526,0.0017088953487566423,0.9266481901347889,0.9319418729019866,0.4292258391202051
5,0.15,1.0,0.55,13,92.44733432315353,0.5780392156862745,544.2144768022558,26.932390941833212,0.40633336286415517,0.9259198601642976,0.001880674443543418,0.9232622825166088,0.9299145205404542,0.40633336286415517
5,0.15,1.0,0.55,14,99.01270848905668,0.55,592.3156588193915,29.615782940969662,0.4013148641464128,0.925197229621962,2.2425405839770103e-16,0.9251972296219618,0.9251972296219618,0.4013148641464128
5,0.15,1.0,0.55,15,94.55233387510117,0.5680392156862746,552.8835102240085,27.595651536180867,0.40955120196286016,0.9264596470521533,0.0006405303636579495,0.925788696303495,0.9278561632731852,0.40955120196286016
5,0.15,1.0,0.55,16,94.59416503339583,0.5672549019607844,550.4023502718317,27.52935340121228,0.4119821887671991,0.9268464203824723,0.0010561965863389398,0.9259108056354416,0.9285982862411828,0.4119821887671991
5,0.15,1.0,0.55,17,96.24216450496307,0.5592156862745098,558.255257361119,28.007185523708518,0.4144382252405755,0.9271548429384601,0.001865491040626576,0.9244878802219499,0.9308572811512222,0.4144382252405755
5,0.15,1.0,0.55,18,92.58217281360612,0.5754901960784314,533.3296721263475,26.683400684394975,0.4158372435361487,0.9273778729681429,0.001115803473002923,0.9260342652349932,0.928859998006985,0.4158372435361487
5,0.15,1.0,0.55,19,91.78365063431667,0.58,532.2477682077406,26.612388410387126,0.4126121577922204,0.926891823668833,0.0,0.926891823668833,0.926891823668833,0.4126121577922204
5,0.15,1.0,0.65,0,103.86229595711679,0.54,707.4185141091322,35.37092570545672,0.3528860040140778,0.9179329006021116,1.1212702919885052e-16,0.9179329006021117,0.9179329006021117,0.3528860040140778
5,0.15,1.0,0.65,1,104.80677183046046,0.5360784313725491,717.0646492766848,35.78321688316507,0.3513260557405939,0.9176935080672581,0.0006882091727436959,0.9168903295415494,0.918769552885635,0.3513260557405939
5,0.15,1.0,0.65,2,103.6858070859047,0.541764705882353,715.6349447636786,35.63953596530535,0.3479385055225074,0.9172300263046891,0.0007581725279078096,0.9160110930489754,0.9187027321459225,0.3479385055225074
5,0.15,1.0,0.65,3,106.41562236129418,0.5300000000000001,735.9395244779606,36.79697622389796,0.34796226340682374,0.9171943395110232,2.2425405839770103e-16,0.9171943395110235,0.9171943395110235,0.34796226340682374
5,0.15,1.0,0.65,4,113.64738400986451,0.5,803.1895838233061,40.159479191165424,0.3417635032841959,0.9162645254926293,0.0,0.9162645254926293,0.9162645254926293,0.3417635032841959
5,0.15,1.0,0.65,5,99.26761227365829,0.5599999999999999,673.2180752501603,33.660903762507985,0.35359330882790696,0.918038996324186,0.0,0.918038996324186,0.918038996324186,0.35359330882790696
5,0.15,1.0,0.65,6,111.32521891586022,0.51,784.810096195232,39.24050480976172,0.34218666541337234,0.9163279998120057,1.1212702919885052e-16,0.9163279998120059,0.9163279998120059,0.34218666541337234
5,0.15,1.0,0.65,7,105.57626960795795,0.5329411764705883,725.7037771688965,36.506020042644856,0.35040490052166723,0.9175073421990941,0.0011982493649720701,0.9151958645189875,0.9195745410819438,0.35040490052166723
5,0.15,1.0,0.65,8,108.9992552832201,0.5196078431372549,764.5008230882277,38.070967155773964,0.3435834488177507,0.9165887745096193,0.0011089871908602155,0.91498772421461,0.9181196833626858,0.3435834488177507
5,0.15,1.0,0.65,9,109.99915328532138,0.514313725490196,762.6245284220008,38.15637100567861,0.34773923597274703,0.9171621023508959,0.0004235950086968231,0.9165016032757315,0.9177431916409944,0.34773923597274703
5,0.15,1.0,0.65,10,101.5992735050968,0.55,691.8144483078718,34.59072241539358,0.35257254748504935,0.9178858821227576,1.1212702919885052e-16,0.9178858821227575,0.9178858821227575,0.35257254748504935
5,0.15,1.0,0.65,11,101.79917786173357,0.549607843137255,697.480051066688,34.76037385380073,0.35029849645613836,0.9175588258533601,0.0002817934158281833,0.9172348689339046,0.91869685927434,0.35029849645613836
5,0.15,1.0,0.65,12,111.24861938871142,0.51,781.2290168218526,39.06145084109259,0.3435186888805411,0.9165278033320812,0.0,0.9165278033320812,0.9165278033320812,0.3435186888805411
5,0.15,1.0,0.65,13,101.58856638208385,0.55,691.3458988108272,34.56729494054136,0.35277431700454426,0.9179161475506818,2.2425405839770103e-16,0.9179161475506816,0.9179161475506816,0.35277431700454426
5,0.15,1.0,0.65,14,102.27012410130418,0.5474509803921569,700.6626310031644,34.939416606607296,0.35068956787104183,0.9175961541185729,0.0005261935810761627,0.917046448424393,0.9194597703972807,0.35068956787104183
5,0.15,1.0,0.65,15,100.4087546057897,0.554705882352941,680.0073517901831,34.034674315624194,0.35436716295003523,0.918157576122533,0.0005962724762185219,0.9173384193511168,0.91985186653136,0.35436716295003523
5,0.15,1.0,0.65,16,100.31501954162935,0.5552941176470587,680.5234499258848,34.14178212451052,0.3535177519374862,0.918034216524639,0.0003850807061887904,0.9173449872050486,0.9186463490885245,0.3535177519374862
5,0.15,1.0,0.65,17,103.10637450625225,0.5427450980392157,697.8821906631207,35.02045301450577,0.35477335225071366,0.9182054731799472,0.00034258438118688663,0.9176682338607858,0.9186324985202698,0.35477335225071366
5,0.15,1.0,0.65,18,108.1207890199134,0.5227450980392156,750.8479323809343,37.582772297721135,0.3468652637293214,0.9170326139216572,0.00045779757127790207,0.9161327996644998,0.917515778440905,0.3468652637293214
5,0.15,1.0,0.65,19,108.77142967512823,0.52,755.7564036820554,37.787820184102735,0.34675983880177474,0.9170139758202663,1.1212702919885052e-16,0.9170139758202662,0.9170139758202662,0.34675983880177474
6,0.15,0.75,0.35,0,82.7799372030191,0.5468627450980393,278.6774889972145,14.096916514463402,0.7145011931160132,0.9722362520536006,0.003890217580271094,0.9668746977912376,0.9782095769217308,0.7146029815930109
6,0.15,0.75,0.35,1,83.730463726576,0.5454901960784314,286.5272571511455,14.505824526265247,0.7029478260441725,0.9703360013759724,0.003165262879018408,0.9665678223785049,0.9760845921080354,0.7027708718264166
6,0.15,0.75,0.35,2,80.88845433839141,0.5623529411764706,278.78373293262064,13.869401156213948,0.6954506911438966,0.9690023313705014,0.0047762185895927,0.9639704687887335,0.9773797644592636,0.6949252373087582
6,0.15,0.75,0.35,3,82.91635614875696,0.5523529411764707,287.1914321537154,14.422148227509876,0.6932013482180771,0.9689963243375509,0.003298919082913798,0.9648740262703928,0.9739575372315332,0.6932282183928091
6,0.15,0.75,0.35,4,81.84957885519772,0.5566666666666668,281.54555622733096,14.104509952724714,0.697780183345624,0.9696707030895348,0.002464987117402878,0.9653076509010869,0.9740385223260821,0.6977863093251095
6,0.15,0.75,0.35,5,83.79932830098815,0.5545098039215687,299.6272602998825,14.917911956955995,0.6713369862695,0.9657165728145699,0.0007950765582167408,0.9645432351086114,0.9666230083082551,0.6713636943930749
6,0.15,0.75,0.35,6,85.42167976934743,0.54,297.40590775090743,15.026852706944164,0.6915061901540153,0.9689102445428001,0.0030551210392130396,0.9614182012868578,0.9723273508048186,0.6918133835201784
6,0.15,0.75,0.35,7,82.92866554813811,0.5519607843137254,286.02647847237586,14.30630781251537,0.6961931889477228,0.9695098665331677,0.0016229475131438115,0.9676924499811619,0.9719155134417328,0.696328002599405
6,0.15,0.75,0.35,8,82.44010923848347,0.5545098039215687,284.5592698381011,14.21812160362858,0.6949992105835595,0.9692446484737489,0.0027695977251384193,0.9656241046102496,0.9736693876399117,0.6949904887272516
6,0.15,0.75,0.35,9,83.74078591400752,0.5425490196078431,283.70980866536325,14.39090469775787,0.7117743744449134,0.9719506908975267,0.005411060575044267,0.9619973399769439,0.9781670814476279,0.7120819323295629
6,0.15,0.75,0.35,10,82.05240137235194,0.5615686274509804,290.4451037559673,14.321249551129704,0.6770729534057588,0.9666241581930746,0.002491430805295229,0.9631733632929945,0.9701786172654439,0.6771783120427769
6,0.15,0.75,0.35,11,81.95234987567429,0.558235294117647,284.3535360503606,14.144069811535186,0.6905945144756481,0.968708606185244,0.0024771224699218263,0.9648676498036244,0.9739398137355584,0.6907935628321428
6,0.15,0.75,0.35,12,80.99077717640999,0.5599999999999999,277.3473615918785,13.896926285180262,0.7010525445107235,0.969948899616242,0.004822203939586699,0.9637414686248171,0.9777233116355619,0.7007042410767793
6,0.15,0.75,0.35,13,84.15469088058515,0.5419607843137254,286.7881172351527,14.568649461855419,0.7067082583778442,0.9708481230814863,0.0045963824215675755,0.9606672895139046,0.9775277803524988,0.706444732252527
6,0.15,0.75,0.35,14,84.40436990814378,0.5452941176470589,293.7798851300372,14.743363285560946,0.6904212642257619,0.9688234690854546,0.003846602449704089,0.9588863470613378,0.9723016036236217,0.6908550633117455
6,0.15,0.75,0.35,15,82.2738085237978,0.5556862745098039,284.235604001712,14.277205268678753,0.6951365265261293,0.9691500485228403,0.002096225878077542,0.9663293580714779,0.972391443479769,0.6949358090993305
6,0.15,0.75,0.35,16,80.67940816390016,0.5647058823529412,278.9956095918453,13.826979953305,0.6930516544375404,0.9687471182433651,0.0022804196117325154,0.9663999535322398,0.9747840747785513,0.6927006045670973
6,0.15,0.75,0.35,17,82.98213007073564,0.5501960784313725,285.588787254304,14.25528345613642,0.699668802022155,0.969899046754629,0.005577996286358517,0.9611918251838096,0.977174339814835,0.6995833461076646
6,0.15,0.75,0.35,18,83.78863575060957,0.5390196078431373,279.38186441589016,14.281017640889813,0.7239355636689497,0.9736660878147688,0.004593371640597289,0.9638820929335262,0.9805869700433778,0.7240618191096606
6,0.15,0.75,0.35,19,83.63184448012733,0.5476470588235294,289.50417007006865,14.520187191647693,0.6951265769030388,0.9696471561812336,0.006735838363040458,0.9611273239751519,0.97881224476717,0.6957568596460021
6,0.15,0.75,0.45,0,86.6385159927178,0.5831372549019608,412.5684516709394,20.614929164981138,0.5022807476621572,0.9403392774798569,0.0007779792231147477,0.9389927187922241,0.9412063587651774,0.5022760232130464
6,0.15,0.75,0.45,1,84.21268233422316,0.5974509803921568,411.885270990679,19.865719025545424,0.4870034857209801,0.938064818618544,0.002886568216826437,0.9329568783893979,0.9409408957567926,0.48702731198830823
6,0.15,0.75,0.45,2,80.9782899784706,0.6054901960784315,369.97418601150156,18.508910996908035,0.5224207396584889,0.943406923498905,0.0009221600561569206,0.942332154834291,0.9459013360071735,0.5224937605753751
6,0.15,0.75,0.45,3,82.77758466565066,0.5978431372549019,384.09437144479136,19.19872761087227,0.5151308718260029,0.942364048881853,0.003932580576400466,0.9375832102866285,0.9477296420390608,0.5152882353392572
6,0.15,0.75,0.45,4,80.7035500601822,0.608235294117647,372.7153835237212,18.49737201552712,0.5162551780779672,0.9424058428706603,0.0008668379668767491,0.9413683983464589,0.9458414618829678,0.5162011216762427
6,0.15,0.75,0.45,5,82.20515761184042,0.5992156862745098,375.6943027210318,18.860252777705494,0.5228183062808242,0.9434397891288877,0.0022538689275368637,0.9403870770843602,0.9481371462651215,0.5228467115920976
6,0.15,0.75,0.45,6,81.29191841828455,0.6045098039215686,373.20260886442367,18.660614574169234,0.5200299786241778,0.942989698932298,0.0011659108744215497,0.941400575648359,0.9443059538035184,0.520005315521963
6,0.15,0.75,0.45,7,86.45885601344811,0.5843137254901961,413.02305511984576,20.55097281009979,0.5004205430422469,0.9400555497017455,0.0007661423769232403,0.9388889070967152,0.9410135735433514,0.500407990117928
6,0.15,0.75,0.45,8,81.3216135321401,0.6058823529411765,379.25994975786205,18.722439445463753,0.5106406272271432,0.9413642760715543,0.002668594891654225,0.9354488914741774,0.9449302747777908,0.5102542638729477
6,0.15,0.75,0.45,9,83.94830236088632,0.5915686274509805,386.5681912458629,19.35448554506645,0.5175760304113864,0.9425967456138431,0.0028050594456963747,0.93872307496244,0.9485811018167822,0.5175099321649449
6,0.15,0.75,0.45,10,87.19463172057797,0.5815686274509805,419.7068043656338,20.79501429162946,0.4965062275560795,0.9395583874188783,0.0014700351403346484,0.9374146508146918,0.9420992655566831,0.4966436496985235
6,0.15,0.75,0.45,11,84.25303238777815,0.5909803921568627,389.9029952634821,19.610619292544367,0.5164224600240991,0.9424987865349641,0.0010405072420506666,0.9393564321188841,0.9445414747716709,0.5164814892430142
6,0.15,0.75,0.45,12,80.27989884716486,0.6072549019607844,362.7072402030925,18.31114010340636,0.5283629095321247,0.9440731608740001,0.0020668309869662825,0.941823131075485,0.9489235725759153,0.5280607836057604
6,0.15,0.75,0.45,13,85.24698833399154,0.5813725490196078,382.6942653137697,19.75476215273846,0.5354832034523243,0.9453420611180652,0.0012899983240463127,0.9427808850343384,0.9479099098418798,0.5355158377860189
6,0.15,0.75,0.45,14,90.18808049881719,0.5507843137254902,387.35346099939653,21.09366353080883,0.5636672586239281,0.9495938556571323,0.003853976614202068,0.9438072406588176,0.9570054952930391,0.5637402033964998
6,0.15,0.75,0.45,15,86.86928213188129,0.5786274509803921,404.3250346867759,20.462434361200785,0.5153864306068044,0.9423489356539008,0.001669622289074573,0.9401711444865338,0.9457216074279797,0.5154547157116045
6,0.15,0.75,0.45,16,90.53090522715604,0.5645098039215686,431.33778111924283,21.572045494268053,0.5030162211377602,0.9404532047562626,0.0005415953624208946,0.9397223202978713,0.9411025530018355,0.5030175071137577
6,0.15,0.75,0.45,17,86.23418623581873,0.5792156862745098,393.6127919487634,19.825131356813415,0.5254848094344046,0.9439555245074259,0.0035393371670970784,0.9394341393687606,0.949728205959388,0.5257061479215133
6,0.15,0.75,0.45,18,84.27080818094522,0.59,385.956396808078,19.297819840403875,0.5218700330629906,0.9432805049594486,1.1212702919885052e-16,0.9432805049594487,0.9432805049594487,0.5218700330629906
6,0.15,0.75,0.45,19,82.28030436849622,0.6,379.3574807354137,18.937027312154846,0.5174651011849333,0.9426077287426704,0.0019020573608147767,0.9395236049688108,0.9464486903946149,0.5174450404598174
6,0.15,0.75,0.55,0,92.74428426780177,0.5764705882352941,543.3766438429464,27.05183601759665,0.4086835434181575,0.9263494089154567,0.000761298250404349,0.9255750232336896,0.9280894790258053,0.40876167242271266
6,0.15,0.75,0.55,1,94.17332330400497,0.5700000000000002,551.4734521735237,27.573672608676162,0.4090439533317082,0.9263565929997559,2.2425405839770103e-16,0.9263565929997561,0.9263565929997561,0.4090439533317082
6,0.15,0.75,0.55,2,91.07732954490392,0.5815686274509805,521.3125934045539,26.040583446539923,0.41718924257467405,0.9275367873317796,0.0008851462142417948,0.9257321125555288,0.9296942804891263,0.4171199108173047
6,0.15,0.75,0.55,3,96.55345796625329,0.5599999999999999,570.5086643309992,28.52543321654992,0.4058427741883177,0.9258764161282477,0.0,0.9258764161282477,0.9258764161282477,0.4058427741883177
6,0.15,0.75,0.55,4,96.56697911808259,0.5599999999999999,570.9547458617805,28.54773729308908,0.40558248207735936,0.925837372311604,1.1212702919885052e-16,0.9258373723116039,0.9258373723116039,0.40558248207735936
6,0.15,0.75,0.55,5,93.12053745603423,0.573529411764706,540.7801928586363,27.13221424777687,0.4128396950948658,0.9269403345649858,0.001796510263934304,0.9239018997593684,0.929726108229012,0.4128636622627927
6,0.15,0.75,0.55,6,87.01021907318352,0.6000000000000001,494.370265233721,24.718513261686024,0.42022607279084834,0.9280339109186272,0.0,0.9280339109186272,0.9280339109186272,0.42022607279084834
6,0.15,0.75,0.55,7,92.60418352493467,0.575686274509804,534.6538361923081,26.740943997221247,0.414567381047753,0.9271577723685629,0.0006237720132851139,0.926465979942195,0.9288977269031962,0.4145218230667528
6,0.15,0.75,0.55,8,97.07357340705032,0.5570588235294117,570.7445500266691,28.531249798170037,0.4080209531094376,0.9262361356018185,0.0005514716759968226,0.92571230056827,0.9271951075861813,0.4080759408351092
6,0.15,0.75,0.55,9,93.40091397633692,0.5731372549019609,545.55400022403,27.289528375044412,0.4099529301815503,0.9264943846739747,0.0005740661912375464,0.9255451269520698,0.9279380359963136,0.4099553387594536
6,0.15,0.75,0.55,10,96.59841914447684,0.5599999999999999,571.9942127467219,28.599710637336084,0.40497723846039413,0.9257465857690592,2.2425405839770103e-16,0.925746585769059,0.925746585769059,0.40497723846039413
6,0.15,0.75,0.55,11,89.90680377242761,0.5876470588235295,518.0777242256464,25.780563426031595,0.41495590703889085,0.9273284022715899,0.0015522997052973386,0.9253341297708795,0.9299716150411304,0.4150976007318182
6,0.15,0.75,0.55,12,84.59983800143807,0.6119607843137255,486.1614097717349,23.807287469318947,0.41535799030750453,0.9272377433474294,0.0008864078455504438,0.9260337395746685,0.9285534791201397,0.41524806497634414
6,0.15,0.75,0.55,13,92.54010179548979,0.5772549019607843,543.2416979869901,26.938221797410108,0.4074234878855955,0.9260513364202324,0.0021446034544687423,0.9233186062173159,0.9305240377929559,0.4073198432812507
6,0.15,0.75,0.55,14,99.01270848905668,0.55,592.3156588193915,29.615782940969662,0.4013148641464128,0.925197229621962,2.2425405839770103e-16,0.9251972296219618,0.9251972296219618,0.4013148641464128
6,0.15,0.75,0.55,15,94.5625171222568,0.5680392156862746,553.1709798391375,27.606612394670506,0.4093434824718885,0.9263932820852855,0.0006160665482078712,0.9258726087392558,0.9277933761709202,0.4093297486627255
6,0.15,0.75,0.55,16,94.59375695619028,0.5672549019607844,550.3917204424072,27.528976303616705,0.4119935630697851,0.9268609888903689,0.0009432707600640206,0.9259882439455245,0.9284680416463258,0.41209682045295404
6,0.15,0.75,0.55,17,96.25698979900707,0.5592156862745098,558.6970726713365,28.016684777089935,0.41408323465317604,0.9270955077970363,0.0018250142062843412,0.9245719105326827,0.9306335089266604,0.41405493898494244
6,0.15,0.75,0.55,18,90.37226064161048,0.5837254901960784,510.6671798030897,25.587218720181525,0.42365745256624837,0.928560633477204,0.0011532217174726957,0.9271711568045113,0.9315955900588169,0.4236774785533595
6,0.15,0.75,0.55,19,91.78365063431669,0.58,532.2477682077418,26.61238841038714,0.4126121577922193,0.9268918236688328,0.0,0.9268918236688328,0.9268918236688328,0.4126121577922193
6,0.15,0.75,0.65,0,103.86818185701071,0.54,707.6764529174519,35.38382264587269,0.3527773725234548,0.9179166058785181,1.1212702919885052e-16,0.9179166058785182,0.9179166058785182,0.3527773725234548
6,0.15,0.75,0.65,1,104.80665626377646,0.5360784313725491,717.0619052556178,35.783048375298655,0.35132764582856585,0.9176945930571453,0.0006465986747658791,0.9169502597440191,0.9186994612033825,0.3513200561333332
6,0.15,0.75,0.65,2,103.5456265589764,0.5419607843137255,710.6560962008825,35.550380915981975,0.3502209480147376,0.9175347705111365,0.00048739463680710763,0.9164028954271265,0.9180596422739395,0.3502236618629476
6,0.15,0.75,0.65,3,106.43045049343418,0.5300000000000001,736.6097606368578,36.83048803184286,0.34769409646607347,0.9171541144699109,2.2425405839770103e-16,0.9171541144699111,0.9171541144699111,0.34769409646607347
6,0.15,0.75,0.65,4,113.64738400986451,0.5,803.1895838233061,40.159479191165424,0.3417635032841959,0.9162645254926293,0.0,0.9162645254926293,0.9162645254926293,0.3417635032841959
6,0.15,0.75,0.65,5,99.26761227365829,0.5599999999999999,673.2180752501603,33.660903762507985,0.35359330882790696,0.918038996324186,0.0,0.918038996324186,0.918038996324186,0.35359330882790696
6,0.15,0.75,0.65,6,111.32521891586019,0.51,784.8100961952302,39.24050480976166,0.342186665413373,0.9163279998120057,1.1212702919885052e-16,0.9163279998120059,0.9163279998120059,0.342186665413373
6,0.15,0.75,0.65,7,108.95181467309162,0.52,764.0566620759619,38.202833103798206,0.34356166006156724,0.9165342490092347,2.2425405839770103e-16,0.916534249009235,0.916534249009235,0.34356166006156724
6,0.15,0.75,0.65,8,109.68594901544257,0.5160784313725492,765.7127186593077,38.35340616061749,0.345374974729435,0.9167907855904395,0.001334848351198504,0.914926294670131,0.9188159613844892,0.34534920703114225
6,0.15,0.75,0.65,9,111.1153649420658,0.51,775.0650177645574,38.75325088822799,0.3458359101042651,0.9168753865156398,1.1212702919885052e-16,0.9168753865156397,0.9168753865156397,0.3458359101042651
6,0.15,0.75,0.65,10,101.5992735050968,0.55,691.8144483078718,34.59072241539359,0.35257254748504935,0.9178858821227576,1.1212702919885052e-16,0.9178858821227575,0.9178858821227575,0.35257254748504935
6,0.15,0.75,0.65,11,101.83458111286878,0.549607843137255,699.0047037216459,34.78634670752242,0.3495716546981785,0.9174198309120556,0.0002745572127941651,0.916978359812421,0.9185291709417343,0.34954512587706005
6,0.15,0.75,0.65,12,111.2486193887114,0.51,781.2290168218524,39.06145084109259,0.34351868888054116,0.9165278033320812,0.0,0.9165278033320812,0.9165278033320812,0.34351868888054116
6,0.15,0.75,0.65,13,101.5885663820839,0.55,691.345898810829,34.56729494054139,0.3527743170045435,0.9179161475506817,2.2425405839770103e-16,0.9179161475506815,0.9179161475506815,0.3527743170045435
6,0.15,0.75,0.65,14,102.7252348485125,0.5452941176470589,702.4237012746386,35.09165786250569,0.351178182814765,0.9176730418843021,0.000438433038765454,0.9171002686577843,0.9182985978304167,0.35117204025157694
6,0.15,0.75,0.65,15,100.22733953620933,0.5558823529411764,681.6637816631762,33.96097011459648,0.3526569147850066,0.9178867022749121,0.0005380325118363939,0.9171371454205662,0.9186763351302458,0.3526371898802753
6,0.15,0.75,0.65,16,99.81899797594073,0.5578431372549021,679.7855409224554,33.992377336464685,0.3522235744608325,0.9178098149942053,0.0003507562473203056,0.9174695753974849,0.9185923346248476,0.35218403916930013
6,0.15,0.75,0.65,17,103.84463201743199,0.54,706.6453767751685,35.33226883875839,0.35321201365284466,0.9179818020479267,0.0,0.9179818020479267,0.9179818020479267,0.35321201365284466
6,0.15,0.75,0.65,18,108.28493505480837,0.521764705882353,750.1523982754888,37.62952996765836,0.34789986451155436,0.9171572308777786,0.0005607527907459212,0.916234084244931,0.9184582036405378,0.34785361651329655
6,0.15,0.75,0.65,19,108.77142967512823,0.52,755.7564036820554,37.78782018410272,0.34675983880177474,0.9170139758202663,1.1212702919885052e-16,0.9170139758202662,0.9170139758202662,0.34675983880177474
7,0.15,0.5,0.35,0,83.23828725515814,0.5529411764705882,290.92999210599226,14.528006979013009,0.6865439825316572,0.9680402352090027,0.0008145502490240205,0.9668099426171253,0.9696319224646942,0.686739441962504
7,0.15,0.5,0.35,1,80.78914993114377,0.5633333333333335,278.7660514064237,13.895452668060855,0.6960079529634983,0.9694436950328396,0.002270326387631709,0.9660476622199742,0.9730507780400817,0.6961496265912143
7,0.15,0.5,0.35,2,81.76019947371346,0.5505882352941175,272.8039922921332,13.84155473065594,0.7213846121572943,0.9726554500931107,0.005498287376746981,0.9668762155392251,0.9813229208626122,0.7195438063890168
7,0.15,0.5,0.35,3,81.77519076487413,0.5537254901960785,276.9002684942793,14.018412182276194,0.7095127931035802,0.9711733193637662,0.003826494206482707,0.9666223189240462,0.9768436536627743,0.7086674610976768
7,0.15,0.5,0.35,4,80.9943039151253,0.5625490196078432,280.11674859862063,13.944494150434902,0.6938169155675785,0.9690298672431056,0.0029461643169888386,0.9640548027871645,0.9735770881487078,0.6936746819274744
7,0.15,0.5,0.35,5,83.90146101672339,0.5464705882352943,289.60512424428697,14.652803821806392,0.6962290777469842,0.9693183051237442,0.0022559806617083707,0.9660434696608311,0.9721779749198329,0.6958422226193062
7,0.15,0.5,0.35,6,84.04075988175813,0.5392156862745098,281.8267478181665,14.406323703360824,0.7189860873332099,0.9729696879864743,0.002603764544905599,0.9677956085497469,0.9781347748985935,0.7193920036215192
7,0.15,0.5,0.35,7,83.75755121989705,0.5431372549019607,283.6072780477693,14.383977323161794,0.7110607846804059,0.9717694979388862,0.0027544913692960733,0.9670429398360945,0.9754759315562463,0.7114287188031563
7,0.15,0.5,0.35,8,82.03994196293095,0.5601960784313725,288.0528067786951,14.230452480991463,0.6821651401008731,0.9673761977587096,0.002027081380214751,0.9643403687378729,0.969693970161815,0.6823365625794694
7,0.15,0.5,0.35,9,83.78108660066435,0.5476470588235294,291.1763068568477,14.570472131202623,0.6897003500125706,0.9686067584795366,0.00494383810320708,0.9607707518007466,0.9752365251838053,0.6902060366047404
7,0.15,0.5,0.35,10,82.21119401497351,0.5558823529411765,283.87955125952016,14.194269821052687,0.6946298247672109,0.9690969904511894,0.0014544762138758525,0.9662162696853626,0.9718263970857522,0.6943048805542363
7,0.15,0.5,0.35,11,81.57037581276555,0.5578431372549021,279.6703814966754,13.989043360592232,0.6997432620300312,0.9699462607908531,0.002530850387210965,0.9674509609218578,0.9749141346543748,0.6996925003178593
7,0.15,0.5,0.35,12,81.00255354198944,0.5647058823529413,283.84909975505667,14.01743074284282,0.6839013485021431,0.9675663432815536,0.00460322654305749,0.9619926019358933,0.9749280678816914,0.683838485189584
7,0.15,0.5,0.35,13,82.65993696439683,0.5584313725490196,292.7973027825783,14.515992690939939,0.67678676216024,0.9664509790226029,0.0029511403335285356,0.9610047847928221,0.9689933584376673,0.6765633111554635
7,0.15,0.5,0.35,14,84.87015157907699,0.5462745098039216,299.62160673104216,15.006167520886327,0.6809581550131626,0.9670662047640947,0.0009135696284436007,0.9661671148085521,0.9685004241614319,0.6806997600535637
7,0.15,0.5,0.35,15,83.32981265437223,0.5478431372549021,285.5165078935962,14.425537416728877,0.7020339347760247,0.97059356313168,0.0031503511957059515,0.9654288611823036,0.9736777523065291,0.7029955111602786
7,0.15,0.5,0.35,16,82.71964071732367,0.5511764705882354,282.7178662323308,14.109386518388051,0.7018872818468677,0.9701393632774382,0.002096021145571633,0.9677214839840618,0.9739490760890923,0.701408185181562
7,0.15,0.5,0.35,17,85.14939300758185,0.5352941176470588,288.8835999218761,14.61565882995194,0.7113084780065551,0.9721010312928936,0.004922178951559401,0.9616745951732847,0.9779589868197742,0.7126576766462563
7,0.15,0.5,0.35,18,84.1343969830687,0.5372549019607843,280.968270903423,14.341389699503685,0.721806627409107,0.9734024033966886,0.005338747012099419,0.962884450203022,0.9802087878133212,0.7222446583601824
7,0.15,0.5,0.35,19,85.02228399561682,0.5392156862745098,292.8353933622538,14.846150018127304,0.6996052767873364,0.9703297133292352,0.00461116053140312,0.9619857562156252,0.9759883711699973,0.7009016828244524
7,0.15,0.5,0.45,0,87.0757458173157,0.5815686274509804,416.37057520915636,20.837015271588353,0.5003819800069528,0.9400633203788993,0.0005778910953029526,0.9386542368603272,0.9405224892413807,0.5004020579331413
7,0.15,0.5,0.45,1,89.80478072159042,0.5700000000000002,434.57014096400354,21.728507048200246,0.4950012148455151,0.9392501822268272,0.0,0.9392501822268272,0.9392501822268272,0.4950012148455151
7,0.15,0.5,0.45,2,83.139635368169,0.5956862745098039,382.55549773679013,19.20765111521286,0.5191892911849508,0.9428066242758933,0.0014347957014998435,0.9405248706164528,0.9455031831536143,0.5189500598454535
7,0.15,0.5,0.45,3,82.3058048697093,0.5986274509803922,376.79293856774115,19.00496606757079,0.5222596843709236,0.943064489503688,0.003966098102119775,0.9373449269140529,0.9493569280302229,0.5213448071977554
7,0.15,0.5,0.45,4,82.23105063342545,0.6001960784313725,379.08169992832467,19.018016727611624,0.5183504541819128,0.9427803551337097,0.0022808737028760357,0.9402939670172534,0.9466040023724707,0.5184430775366554
7,0.15,0.5,0.45,5,84.23931867316318,0.591764705882353,392.0265798286794,19.63645156877846,0.5137604784528869,0.9421112808748854,0.0006730154624729127,0.940577480106087,0.9439101147320546,0.5139178421427288
7,0.15,0.5,0.45,6,82.10420204828586,0.6015686274509805,379.7668692312689,19.02790516712157,0.5164761581440446,0.9424878336885855,0.0007504817723043789,0.9405145735870851,0.9430929807031496,0.5165308580339734
7,0.15,0.5,0.45,7,86.11829984474552,0.5858823529411766,411.19951944407495,20.432598588979715,0.500489892225714,0.9401665641700977,0.000968818989286246,0.9390138207950182,0.942170302712112,0.5008001600131827
7,0.15,0.5,0.45,8,81.63495992164229,0.601764705882353,373.9622133851095,18.77429832280709,0.5221428295336482,0.9429844403261066,0.0053692072478709755,0.9367354996322963,0.9522443138425933,0.5210195491871792
7,0.15,0.5,0.45,9,83.82192794020834,0.592156862745098,386.1491416985894,19.366412446277604,0.5191627805955441,0.9429099991678017,0.0030654887274753143,0.9394684088354373,0.9488677678200554,0.5192813875237776
7,0.15,0.5,0.45,10,88.1416434370416,0.5715686274509804,407.1570145343018,20.869336416804042,0.5214094192969114,0.9431505234399865,0.0021852693375286228,0.9398545877674588,0.9466604436336852,0.5212064544484104
7,0.15,0.5,0.45,11,83.84503019734667,0.5941176470588236,391.9406755155124,19.56076519094289,0.5111755221861471,0.9416873681397363,0.0017435814054249865,0.9390863064906372,0.94508856281208,0.5112123215588611
7,0.15,0.5,0.45,12,79.51963654449445,0.6123529411764705,362.7769484817862,18.097623103219522,0.5225742568016276,0.9433384358055799,0.0012543387865843107,0.9418359843659919,0.9453453132646125,0.5224152477527467
7,0.15,0.5,0.45,13,81.93486639088918,0.6,373.52566426831504,18.76163632184688,0.5243976434847063,0.9434309466250526,0.0029423649103273103,0.9398173260273589,0.9511340980917875,0.5236353104925284
7,0.15,0.5,0.45,14,80.62281240209413,0.6001960784313725,350.62536970634426,18.16208513546883,0.5493787241519804,0.9470539392546637,0.00557088271056993,0.9403225153138635,0.955678860383788,0.5482024929248692
7,0.15,0.5,0.45,15,83.60696941446834,0.596078431372549,394.47328963443124,19.50716655924504,0.5056834260948049,0.9411375108476449,0.0031945880219060962,0.9367854937835377,0.9462742520519882,0.5066334158728854
7,0.15,0.5,0.45,16,89.33172924127031,0.5700000000000002,424.30247444979983,21.215123722490052,0.5043091725994464,0.9406463758899171,1.1212702919885052e-16,0.940646375889917,0.940646375889917,0.5043091725994464
7,0.15,0.5,0.45,17,86.54578623495726,0.58,399.7569076504389,19.987845382522014,0.518012801914226,0.942701920287134,1.1212702919885052e-16,0.9427019202871338,0.9427019202871338,0.518012801914226
7,0.15,0.5,0.45,18,85.08275754002014,0.5874509803921569,394.48700720728675,19.632296400173345,0.5149743318684568,0.9422201228368217,0.0007880714649495451,0.9413921970820788,0.9436916156859801,0.5148875753903005
7,0.15,0.5,0.45,19,82.55875098371557,0.5992156862745097,382.2764792160835,19.041952103946592,0.5150568875978659,0.9421604268176853,0.001975108484586424,0.9379460181518192,0.9441091070756661,0.5147298665245508
7,0.15,0.5,0.55,0,95.77051362744503,0.5609803921568627,552.3673256219273,27.961720955635528,0.4154367460834331,0.9274082759971826,0.0005099139017136053,0.926082549439869,0.9282847020177665,0.4157459596989922
7,0.15,0.5,0.55,1,94.17332330400497,0.5700000000000002,551.4734521735237,27.573672608676162,0.4090439533317082,0.9263565929997559,2.2425405839770103e-16,0.9263565929997561,0.9263565929997561,0.4090439533317082
7,0.15,0.5,0.55,2,95.78164476389807,0.5592156862745099,545.6207406785245,27.949257653781093,0.4224922032626069,0.9288071513107786,0.0029286072987042273,0.92261178952721,0.933748734164871,0.42393660600056543
7,0.15,0.5,0.55,3,96.55345796625329,0.5599999999999999,570.5086643309992,28.525433216549924,0.4058427741883177,0.9258764161282477,0.0,0.9258764161282477,0.9258764161282477,0.4058427741883176
7,0.15,0.5,0.55,4,94.46668503471594,0.569607843137255,558.8510973038192,27.95093677595764,0.4048954287828639,0.9257101653226308,7.817780873368125e-05,0.9256758653573847,0.9261870215500922,0.40481493213353437
7,0.15,0.5,0.55,5,95.18426466141099,0.566078431372549,562.0817083629618,28.107720007467595,0.40582551010054413,0.9258243471210212,0.000526409203537174,0.925294768797128,0.9266211287158768,0.40566057878700973
7,0.15,0.5,0.55,6,92.0900668814544,0.5766666666666668,527.3479228852291,26.605013782596405,0.4186515888345158,0.927957170688454,0.003036909715374211,0.924174895657535,0.9325894678133668,0.41918303004543817
7,0.15,0.5,0.55,7,97.79321689621902,0.5535294117647059,573.7407464708986,28.647604356494448,0.4089658493379596,0.9263428119726517,0.0005998102579148117,0.9253865566911766,0.9269576741513654,0.40895896457781905
7,0.15,0.5,0.55,8,94.35936779593625,0.5654901960784314,534.6926898759998,27.28437852448813,0.4229423763417845,0.9284145802222094,0.0010590861835279028,0.9259542428162677,0.930239694544802,0.4228531222449234
7,0.15,0.5,0.55,9,91.396766239238,0.5811764705882352,528.0871897643971,26.370367915811897,0.41410930344258046,0.9271610026199574,0.0012084027006728805,0.9252751253617006,0.9290061648657384,0.4142579937878151
7,0.15,0.5,0.55,10,96.59841914447684,0.5599999999999999,571.9942127467219,28.59971063733608,0.40497723846039413,0.9257465857690592,2.2425405839770103e-16,0.925746585769059,0.925746585769059,0.4049772384603941
7,0.15,0.5,0.55,11,89.36978707320544,0.5901960784313726,515.1948134881062,25.566568733023697,0.41460352205109013,0.9271504498997277,0.0011387686407488176,0.9257214515543938,0.9296486042139043,0.4144699273579709
7,0.15,0.5,0.55,12,84.28228663405298,0.6111764705882352,472.37707674052075,23.60066866669261,0.4254893712787417,0.9288183631315415,0.000615892216234129,0.9275605365567667,0.9302285353322748,0.4254725627445093
7,0.15,0.5,0.55,13,92.89137048850725,0.5752941176470588,543.1667716945967,27.090284056688702,0.40956940980920337,0.9263660830238426,0.001864836080081467,0.923809263988112,0.9297322755536719,0.40933831498407713
7,0.15,0.5,0.55,14,99.01270848905668,0.55,592.3156588193915,29.615782940969662,0.4013148641464128,0.925197229621962,2.2425405839770103e-16,0.9251972296219618,0.9251972296219618,0.4013148641464128
7,0.15,0.5,0.55,15,94.65440805801418,0.567450980392157,552.8970222543988,27.636478696971654,0.41019045155376005,0.9265326069025754,0.0006003973136997597,0.9259224189674546,0.9277020585389968,0.41020391545213114
7,0.15,0.5,0.55,16,94.63930670372739,0.5670588235294118,550.5512123626045,27.545385740816208,0.4121537681368082,0.9268168491557953,0.0008614924010866257,0.9260955987626034,0.9283083194573492,0.4121330479210553
7,0.15,0.5,0.55,17,94.35399786204052,0.5668627450980392,542.2365522862518,27.329521840957092,0.4181830592961039,0.9276693921483441,0.0014817154082989283,0.9256162481761476,0.9301896806959077,0.417989503475866
7,0.15,0.5,0.55,18,90.50609400630488,0.5829411764705883,510.4783929577271,25.634637224063052,0.4248600129719057,0.9287490261394747,0.0011802427726928422,0.9274131479526802,0.9314625983149905,0.42492676028420234
7,0.15,0.5,0.55,19,91.7596396252272,0.58,531.4861588131315,26.574307940656634,0.41309532719698006,0.9269642990795471,1.1212702919885052e-16,0.926964299079547,0.926964299079547,0.41309532719698006
7,0.15,0.5,0.65,0,103.83878644380566,0.54,706.3898346116594,35.319491715966116,0.3533199008703277,0.9179979851284212,1.5683965489731993e-11,0.9179979850940242,0.9179979851479076,0.3533199008632343
7,0.15,0.5,0.65,1,104.80804988458559,0.5360784313725491,717.1319329543019,35.78145828493255,0.3512941704230903,0.917713182266161,0.000584622959509553,0.9170279250578897,0.9186092485504398,0.35135769276541523
7,0.15,0.5,0.65,2,103.35403107659573,0.5431372549019607,712.2397621782638,35.470977727337086,0.34842228780114604,0.9172495037322227,0.0006103848586608639,0.9162112690332023,0.9181133332178659,0.34837615634131597
7,0.15,0.5,0.65,3,104.93870604883539,0.536078431372549,722.7912836836482,36.148789843913015,0.3491561557542762,0.9173712955131073,0.000439104758504596,0.9168234048467419,0.9180509885896131,0.3491490629208297
7,0.15,0.5,0.65,4,112.25488972599457,0.505686274509804,790.2415501215265,39.422347417761166,0.3427895713674042,0.9164518743458501,0.0004456290118851309,0.9159066495999726,0.9170635026188311,0.34290103350320167
7,0.15,0.5,0.65,5,99.26761227365829,0.5599999999999999,673.2180752501603,33.66090376250799,0.35359330882790696,0.918038996324186,0.0,0.918038996324186,0.918038996324186,0.35359330882790696
7,0.15,0.5,0.65,6,109.67836019132855,0.5158823529411766,762.5616032804651,38.26577036477992,0.3470251106777086,0.9170754535476453,0.0008363522005241995,0.9156447969115854,0.9181429406110553,0.34709740049767207
7,0.15,0.5,0.65,7,107.36547002133676,0.526470588235294,751.0121532711448,37.28235290889173,0.34395527938906323,0.9166848282642672,0.0015801270323908846,0.9140343756405404,0.9189662998385233,0.3442604005754228
7,0.15,0.5,0.65,8,106.4901359439267,0.5300000000000001,739.3180500503559,36.965902502517764,0.3466146844056248,0.9169922026608436,0.0,0.9169922026608436,0.9169922026608436,0.3466146844056248
7,0.15,0.5,0.65,9,109.84115832630884,0.5150980392156863,762.2303590808107,38.11238802094507,0.34741303595419193,0.9171119744555108,0.00040154104394654155,0.9165890480747165,0.9176679693385964,0.34741309949546567
7,0.15,0.5,0.65,10,101.5992735050968,0.55,691.8144483078718,34.59072241539358,0.35257254748504935,0.9178858821227576,1.1212702919885052e-16,0.9178858821227575,0.9178858821227575,0.35257254748504935
7,0.15,0.5,0.65,11,101.83455750677342,0.549607843137255,699.0046341346164,34.7861191935339,0.3495715151672549,0.9174112719382441,0.00025716018950669006,0.9169589995823241,0.9183297310313071,0.3494899973777743
7,0.15,0.5,0.65,12,111.24861938871142,0.51,781.2290168218526,39.0614508410926,0.3435186888805411,0.9165278033320812,0.0,0.9165278033320812,0.9165278033320812,0.34351868888054105
7,0.15,0.5,0.65,13,101.5885663820839,0.55,691.345898810829,34.56729494054139,0.3527743170045435,0.9179161475506817,2.2425405839770103e-16,0.9179161475506815,0.9179161475506815,0.3527743170045435
7,0.15,0.5,0.65,14,103.11324423322485,0.5433333333333334,703.7641431188653,35.2721155095444,0.3521652474142482,0.9178369596045083,0.0006555152983958548,0.9169257727597916,0.9192541126665498,0.35220582238881853
7,0.15,0.5,0.65,15,100.86450222623905,0.5529411764705883,685.6515967271821,34.2727338817355,0.3530968306821006,0.918055181344268,0.0008601963795307932,0.9170462608310477,0.9194675492709763,0.3533990198219433
7,0.15,0.5,0.65,16,99.5369220864142,0.5592156862745099,678.6337704536487,33.89136947322125,0.3518140185202764,0.9177517800745769,0.0001825746700878085,0.917562833716491,0.9184130413301734,0.3517462761753942
7,0.15,0.5,0.65,17,106.15900516668547,0.5300000000000001,724.5018365925725,36.22509182962875,0.3526031883306249,0.9178904782495939,1.1212702919885052e-16,0.9178904782495938,0.9178904782495938,0.3526031883306249
7,0.15,0.5,0.65,18,108.4814480111473,0.5207843137254903,750.6351738683123,37.71206132667771,0.34841812004426626,0.9172057177412135,0.0005759446401665986,0.9162976086166124,0.9183517295029355,0.3482281191595116
7,0.15,0.5,0.65,19,108.77142967512823,0.52,755.7564036820554,37.78782018410274,0.34675983880177474,0.9170139758202663,1.1212702919885052e-16,0.9170139758202662,0.9170139758202662,0.34675983880177474
8,0.15,0.25,0.35,0,83.54572470421718,0.551372549019608,292.2139543184056,14.545142172066429,0.6865089836640635,0.96824144811391,0.0014799219811565123,0.9655705126946954,0.9697563087662209,0.6878344864855652
8,0.15,0.25,0.35,1,81.68430934568434,0.558235294117647,281.39623433560547,14.07335181212256,0.6966103366331337,0.9691912122487251,0.00221928124009638,0.9650449209803156,0.972556306109313,0.6951086454019085
8,0.15,0.25,0.35,2,80.3149093758516,0.5713725490196079,284.83110182922655,13.87126758980494,0.673649801119476,0.9667681119232846,0.003575060164619212,0.9634720050343122,0.9771605123530037,0.6772530098962916
8,0.15,0.25,0.35,3,82.05859606712772,0.5584313725490196,285.7284621557125,14.278035043669965,0.6888454770090824,0.9683640126451847,0.0017893629004469397,0.9662587219059962,0.9712753357633538,0.6890314324781937
8,0.15,0.25,0.35,4,81.58439154296258,0.5605882352941177,283.71477164770613,14.12176299604725,0.6893052023763195,0.9681816712266772,0.0019487800617587043,0.96490469319277,0.9708617681524379,0.6882346567274663
8,0.15,0.25,0.35,5,81.7503798058761,0.5613725490196078,287.11122136724885,14.2485880326318,0.6821341604186932,0.9680787594378586,0.004651080627696026,0.9638587255659316,0.9759055125091454,0.6859273372939663
8,0.15,0.25,0.35,6,81.56609330475078,0.5533333333333335,274.530869334954,13.853629927387887,0.714839540317806,0.9712426451620445,0.005988539676536733,0.9609669374146408,0.9786371577006998,0.7099231108896737
8,0.15,0.25,0.35,7,82.99668792128148,0.5505882352941177,285.3981312198373,14.285165369214006,0.6986735312257958,0.9698166731680118,0.00264838008257051,0.9661065824338552,0.9729996173086803,0.6987517486465081
8,0.15,0.25,0.35,8,82.39261979271011,0.5535294117647059,282.37745949084854,14.17647136169226,0.7007358043368254,0.9702061776741862,0.0014544312232677038,0.9673691948415563,0.9723975704172336,0.7012148394551365
8,0.15,0.25,0.35,9,82.71376649503307,0.5517647058823529,284.44406400726,14.28640070624763,0.69822716740196,0.9697930333376337,0.0036209373013148,0.9634409138726683,0.9741869397997457,0.6985219585386588
8,0.15,0.25,0.35,10,83.10106786523677,0.551764705882353,287.9629471522914,14.484952175061627,0.6940163969059885,0.9691601762414898,0.0011566258253036493,0.9667852850178698,0.9711555863117306,0.694304980433946
8,0.15,0.25,0.35,11,82.38983494299835,0.5566666666666666,287.90850808189595,14.301968337766576,0.6871276911286514,0.9690585581437671,0.0053814186218179095,0.9627830258143592,0.976943340570559,0.6920747135009984
8,0.15,0.25,0.35,12,81.78996740526448,0.5535294117647059,276.9455469504748,13.996886293175239,0.7098595832201925,0.9711767481527277,0.003694717348641086,0.9646231181697005,0.9756693937281383,0.7083486365686867
8,0.15,0.25,0.35,13,83.26219590586784,0.5490196078431373,286.44680008718746,14.436891885854397,0.697600616673723,0.9695546616176769,0.0031013881032419736,0.9650026264435716,0.9732598372551097,0.6971734622568153
8,0.15,0.25,0.35,14,84.61435543983548,0.5462745098039214,296.8479069995966,14.866892194124482,0.6839298397149334,0.9675222802628335,0.001034612324304829,0.9655333521518701,0.9695486230358566,0.6835938612429004
8,0.15,0.25,0.35,15,80.82379506377981,0.5641176470588236,279.7289225616366,13.903891480880924,0.6920792725604534,0.9693651467707926,0.0023839060928521737,0.9674809851600612,0.9756946595689199,0.6948455519940768
8,0.15,0.25,0.35,16,82.16021722216006,0.5549019607843136,281.6006519728079,14.075862206449667,0.70134882107896,0.9702104370468786,0.0016773962981263752,0.9688816952958599,0.9740524560978748,0.7013893905041324
8,0.15,0.25,0.35,17,81.10106113820966,0.5650980392156864,284.4350680633523,13.919029784722435,0.6803689846112557,0.9674084538849257,0.0024394623863096486,0.964543090241732,0.9725760548742975,0.6821345155774431
8,0.15,0.25,0.35,18,80.95167306407727,0.5566666666666668,272.4159050672628,13.649116504831495,0.7137773397008743,0.9711944533577197,0.006096719055534908,0.9645597967640995,0.979976523253318,0.7094166017138176
8,0.15,0.25,0.35,19,82.78427886247921,0.5486274509803921,280.5967931924398,14.22753137361144,0.7093044406301642,0.9709111238988732,0.0031784325363731405,0.9648487612973039,0.9763190673105562,0.706881729651907
8,0.15,0.25,0.45,0,87.04598348192395,0.5815686274509804,415.74600389161975,20.821931671249274,0.5010010443615792,0.9401715143536248,0.0004618448221310097,0.9389834528926201,0.9405710048364458,0.5011078328585183
8,0.15,0.25,0.45,1,84.76976485275934,0.5854901960784313,383.9898592890316,19.722489936439633,0.5295085755266765,0.9441862943542729,0.0015540756550705697,0.9415989789453139,0.9464997283450554,0.5283086156530333
8,0.15,0.25,0.45,2,83.3709298955515,0.5968627450980393,391.26522978265007,19.35069458278961,0.5082397695052233,0.9413354818439128,0.0019949609593987155,0.9386437621149621,0.9442534234859373,0.5087373515958687
8,0.15,0.25,0.45,3,82.64951681792058,0.5962745098039216,376.8916276723477,19.07411115620039,0.5247351696213096,0.9439091709779038,0.0032201615470899927,0.9388021891241728,0.9492668853310681,0.5257296472948452
8,0.15,0.25,0.45,4,83.70837203821036,0.5949019607843137,391.87334300732067,19.511133085037905,0.5100163183912909,0.9413989617642357,0.001741425380862579,0.9390138792575067,0.9444048657200323,0.509498888419001
8,0.15,0.25,0.45,5,86.83850265077385,0.5754901960784315,394.8134577020051,20.368045002925935,0.5288989842109456,0.9450027441015476,0.0025500138700349753,0.9386632908891663,0.9478241473535121,0.5322384665604745
8,0.15,0.25,0.45,6,82.08909473899585,0.6015686274509805,379.43059649914824,19.0030443779334,0.516879282527283,0.942449853087434,0.000607663688068305,0.9408817485964642,0.943005999827836,0.516469086068991
8,0.15,0.25,0.45,7,85.70689684067274,0.5862745098039216,404.29659895607404,20.232549023705204,0.5069024636380158,0.9410868811568711,0.0005221972211446558,0.9404965338356162,0.9422212652587876,0.5071600216938595
8,0.15,0.25,0.45,8,82.68994829939389,0.6,387.7807707340829,19.15190897008838,0.5088424169393692,0.941464642990898,0.0009889652023405576,0.9394185234378926,0.9426650473337996,0.5095338191893327
8,0.15,0.25,0.45,9,83.3323610393237,0.5952941176470589,386.0626816295207,19.231415727097026,0.5157277385967914,0.9422029123207133,0.0025578544603979425,0.9393959152923088,0.9470592326329165,0.5149464962527636
8,0.15,0.25,0.45,10,83.85775706781206,0.5927450980392157,388.4328378109216,19.347641756896632,0.515118686230415,0.9421444525704705,0.0015002066414583346,0.9398395327665708,0.9445957315439862,0.5145019344099567
8,0.15,0.25,0.45,11,83.7364234427041,0.5931372549019609,386.54079897244156,19.49708074263122,0.5177634232531433,0.9426524857947067,0.0013849911023549814,0.9406573951687767,0.9445775173267068,0.517703284786819
8,0.15,0.25,0.45,12,79.71821113683848,0.6109803921568628,362.8022480261262,18.167717846486983,0.5240883566729068,0.9437669181299985,0.0008415990003374497,0.9424952352343695,0.9451338564276505,0.5248566798182195
8,0.15,0.25,0.45,13,82.05073052798966,0.5988235294117649,372.72549475627676,18.78730690844001,0.5269786231034149,0.9438812353814968,0.003403690267792106,0.9397804600649862,0.9492323275123807,0.5261508326833376
8,0.15,0.25,0.45,14,75.01669275586157,0.6372549019607843,351.2145766685647,16.75663045810144,0.5072816991325027,0.9401837090690378,0.0026745830122712876,0.9359376190844859,0.9465421404708181,0.5027389701283154
8,0.15,0.25,0.45,15,89.64841953168559,0.5700000000000002,431.1338339335319,21.556691696676655,0.4980778426768106,0.9397116764015216,0.0,0.9397116764015216,0.9397116764015216,0.4980778426768107
8,0.15,0.25,0.45,16,89.25348327674473,0.5700000000000002,422.64055159104,21.13202757955205,0.5058487727540165,0.9408773159131026,1.1212702919885052e-16,0.9408773159131025,0.9408773159131025,0.5058487727540166
8,0.15,0.25,0.45,17,84.9872510878945,0.5872549019607843,393.9189547480622,19.56053894051317,0.5156630772005018,0.9422435206155374,0.002749114589235722,0.9380681467153502,0.9467316784841528,0.5151333723778128
8,0.15,0.25,0.45,18,84.33228485678342,0.59,387.1771289728249,19.358856448641227,0.5206041379430956,0.9430906206914643,1.1212702919885052e-16,0.9430906206914644,0.9430906206914644,0.5206041379430952
8,0.15,0.25,0.45,19,83.88545300281363,0.5911764705882353,383.6699834718906,19.461137136955234,0.5230212631739775,0.9433946538629367,0.0005190810696120121,0.942324843401375,0.9442495480385954,0.5227285851081785
8,0.15,0.25,0.55,0,93.35163369050173,0.5729411764705882,543.1500013655843,27.201034811409137,0.4115641392554772,0.9267521596147807,0.0008725500383210645,0.925854971649924,0.9281079022470722,0.41165183288777296
8,0.15,0.25,0.55,1,94.173323304005,0.5700000000000002,551.4734521735244,27.573672608676183,0.40904395333170773,0.9263565929997559,2.2425405839770103e-16,0.9263565929997561,0.9263565929997561,0.4090439533317077
8,0.15,0.25,0.55,2,99.98428215363023,0.5456862745098039,599.6348579705046,29.93526403160153,0.40038078027325413,0.9251070265527703,0.000551892970986085,0.924488257099249,0.925848752824122,0.4006303278321649
8,0.15,0.25,0.55,3,92.09866043651539,0.5762745098039215,524.5304007929703,26.636137493318692,0.4206828644384767,0.9279335233915802,0.002342389593297843,0.9246756596852002,0.9313029494540507,0.4198383330675208
8,0.15,0.25,0.55,4,96.62868195315536,0.5599999999999999,572.9976974765264,28.649884873826398,0.40439465714972783,0.9256591985724594,2.2425405839770103e-16,0.9256591985724592,0.9256591985724592,0.4043946571497279
8,0.15,0.25,0.55,5,91.2130754749198,0.5809803921568628,522.3807886264477,26.308283246282098,0.41843649463003546,0.9273861136468109,0.0013394894393835995,0.9253054623554536,0.9311108854650596,0.41653969189156315
8,0.15,0.25,0.55,6,90.72192490122208,0.5827450980392158,517.2704480544861,26.09802491122939,0.4201619883351865,0.9282331141288179,0.0017767026848173858,0.9254396668040525,0.9301875463697564,0.4212060677278863
8,0.15,0.25,0.55,7,96.39208413221365,0.5588235294117647,558.8487190820998,27.962902902176488,0.4137903869304818,0.9270833476517382,0.0003643345572566942,0.9267630603659789,0.9281696963574081,0.413864334991311
8,0.15,0.25,0.55,8,92.7344497077948,0.5747058823529413,536.1501441216038,26.848023000152942,0.4143445019315109,0.9274275569385406,0.0023518845027782785,0.9249174370276749,0.9309531530318514,0.415723910175581
8,0.15,0.25,0.55,9,95.13540503871997,0.5649019607843138,555.5082976557472,27.96517653854417,0.4108267828648026,0.926707843769802,0.0016909270645471823,0.9245518417611109,0.9289375904785235,0.41124591456521037
8,0.15,0.25,0.55,10,96.57444438944277,0.5599999999999999,571.2012809243051,28.56006404621522,0.4054387701165929,0.9258158155174889,0.0,0.9258158155174889,0.9258158155174889,0.4054387701165929
8,0.15,0.25,0.55,11,89.92868651765983,0.5858823529411765,509.11900472017504,25.74001362663664,0.42256939938611426,0.9282880355942147,0.0010326686457306365,0.9270302289779947,0.9297522189520123,0.4220825278176029
8,0.15,0.25,0.55,12,90.20617328831429,0.5825490196078431,503.21177236039364,25.82439920233646,0.4302451094683497,0.9297879609625436,0.003089565785005856,0.924951152302374,0.9334894125616261,0.4315010821798045
8,0.15,0.25,0.55,13,93.10819863581146,0.573529411764706,539.2411772601193,27.13202101563065,0.4137378444315947,0.9269081014219318,0.0012825575388580384,0.9246639648029754,0.9286010003554382,0.41297496821755736
8,0.15,0.25,0.55,14,98.97343614998472,0.55,590.9908772732947,29.54954386366507,0.40205492858523734,0.9253082392877857,4.73897498363419e-16,0.9253082392877852,0.9253082392877868,0.40205492858523795
8,0.15,0.25,0.55,15,94.58682364627663,0.5678431372549021,552.9137993130267,27.609341711077498,0.4097471997978148,0.9265346922550876,0.00047883245003019415,0.9260393188784019,0.9274953229244802,0.4101102612248917
8,0.15,0.25,0.55,16,94.58669007433964,0.5672549019607844,550.0773548846227,27.49957379777027,0.41213852820005153,0.9268468466156911,0.0005014272891212607,0.9262747918640081,0.9279516816876295,0.4122688651284674
8,0.15,0.25,0.55,17,94.66409641785985,0.5684313725490197,560.5656139490195,27.541200259777288,0.4026840078932631,0.9254942378743404,0.0020319673388855073,0.9220012408805435,0.9282636754077135,0.40314219134501694
8,0.15,0.25,0.55,18,92.76955201532166,0.5747058823529412,535.1002571965901,26.74937404953313,0.41522367764991414,0.9270475945016939,0.0008558518120514275,0.9259451358767699,0.928964667863571,0.4140438919209484
8,0.15,0.25,0.55,19,91.73897350581397,0.58,530.8320717326321,26.541603586631677,0.41351118796228,0.9270266781943421,2.2425405839770103e-16,0.9270266781943419,0.9270266781943419,0.41351118796228004
8,0.15,0.25,0.65,0,102.59667761123136,0.5450980392156863,695.3468708491737,34.78391116305058,0.35445903914278276,0.9181728422675092,0.0004473097582614711,0.9176191710767391,0.9187463679664079,0.354478971123241
8,0.15,0.25,0.65,1,105.10157788279572,0.5345098039215688,717.0285003924358,35.94196707420635,0.35284966022323355,0.9178351298423412,0.000518216611114475,0.9171654241201743,0.9184636936613279,0.3523880642675137
8,0.15,0.25,0.65,2,103.44587162537955,0.5425490196078431,711.2383067382793,35.502414246103136,0.3494682501463182,0.9174026616377566,0.0004841909682829292,0.9164757687336043,0.9178614363097466,0.34938037072536254
8,0.15,0.25,0.65,3,104.0266821215619,0.5394117647058824,712.5195825012339,35.684478845033716,0.35106290780981875,0.9175781851419154,0.001607635842563042,0.9152042350572562,0.9197418635579119,0.35065665266203166
8,0.15,0.25,0.65,4,112.46785387669897,0.5047058823529413,791.3423859144265,39.544556640840916,0.3430785328885624,0.9165353497969865,0.0003835924708007588,0.915992917252497,0.9169522910432342,0.34344638220707385
8,0.15,0.25,0.65,5,99.26761227365829,0.5599999999999999,673.2180752501603,33.660903762507985,0.35359330882790696,0.918038996324186,0.0,0.918038996324186,0.918038996324186,0.35359330882790696
8,0.15,0.25,0.65,6,111.33603538723261,0.51,785.3180211366498,39.26590105683261,0.34199857295071273,0.9162997859426067,1.1212702919885052e-16,0.9162997859426069,0.9162997859426069,0.34199857295071306
8,0.15,0.25,0.65,7,108.8638322011043,0.5184313725490196,749.9014022569476,37.960617727962166,0.3503929721271099,0.9177662309820428,0.0014963998113978337,0.9143481576601902,0.9194664104256004,0.35142939794199074
8,0.15,0.25,0.65,8,108.91257932798686,0.519607843137255,760.8490376581578,37.96123035286588,0.3448324022044335,0.9168685961395957,0.0012440517952835906,0.9155470391070164,0.9187551808234439,0.34555108124908657
8,0.15,0.25,0.65,9,116.10234552033761,0.49,827.9158368319837,41.39579184159933,0.33915772263314914,0.9158736583949724,0.0,0.9158736583949724,0.9158736583949724,0.3391577226331492
8,0.15,0.25,0.65,10,101.59927350509686,0.55,691.8144483078738,34.59072241539363,0.35257254748504857,0.9178858821227575,1.1212702919885052e-16,0.9178858821227573,0.9178858821227573,0.3525725474850485
8,0.15,0.25,0.65,11,102.16988244895627,0.5476470588235295,697.9681308121229,34.91486112760704,0.35155631623149286,0.9177176745667498,0.0003342097609241825,0.9173844770400764,0.9183779649576966,0.3514774518916224
8,0.15,0.25,0.65,12,111.24373940681173,0.51,781.0018151566009,39.05009075782997,0.3436035490703059,0.9165405323605458,1.1212702919885052e-16,0.9165405323605459,0.9165405323605459,0.3436035490703058
8,0.15,0.25,0.65,13,108.63834731233521,0.52,749.730218592513,37.48651092962574,0.34911935421706186,0.9173679031325592,0.0,0.9173679031325592,0.9173679031325592,0.3491193542170619
8,0.15,0.25,0.65,14,102.69303831600959,0.5452941176470589,701.0331333761584,35.068754730420984,0.35185821117975946,0.9177701480827253,0.0003668578330554503,0.9173091173950899,0.9182472672783616,0.35181529320856664
8,0.15,0.25,0.65,15,100.39339798415423,0.5550980392156862,682.6287966163532,34.040026987733576,0.3528104382824732,0.917895086229014,0.0005799388188701926,0.9172870694328055,0.9190340431819404,0.35267804071568803
8,0.15,0.25,0.65,16,100.2883861807651,0.5554901960784314,680.9825196571237,34.12642606262027,0.353234182883517,0.9180272939568616,0.00030097852136156945,0.9175153512041005,0.9184454579839942,0.35344501550518637
8,0.15,0.25,0.65,17,103.79320777261042,0.54,704.4026800057253,35.22013400028623,0.3541611110669713,0.9181241666600455,2.2425405839770103e-16,0.9181241666600457,0.9181241666600457,0.35416111106697123
8,0.15,0.25,0.65,18,108.19725358532995,0.5223529411764706,750.8458995973551,37.61320667449955,0.3471487566393083,0.9170715804229947,0.0003454476679557329,0.9163877133101748,0.9173359921648124,0.34714509127480075
8,0.15,0.25,0.65,19,108.77142967512823,0.52,755.7564036820554,37.787820184102735,0.34675983880177474,0.9170139758202663,1.1212702919885052e-16,0.9170139758202662,0.9170139758202662,0.34675983880177474
9,0.15,0.0,0.35,0,81.82999982923927,0.5729411764705882,306.85248246130413,15.119145539583466,0.6394627705627048,1.0,0.0,1.0,1.0,0.9
9,0.15,0.0,0.35,1,84.64382685317553,0.5498039215686275,303.29727968207936,15.438955531531624,0.670191770918238,1.0,0.0,1.0,1.0,0.9
9,0.15,0.0,0.35,2,81.00976589657307,0.5701960784313725,292.16250172748556,14.587091576385491,0.6643173218334603,1.0,0.0,1.0,1.0,0.9
9,0.15,0.0,0.35,3,84.16139694143462,0.553921568627451,304.27547829638326,15.424235560985244,0.6654965635951229,1.0,0.0,1.0,1.0,0.9
9,0.15,0.0,0.35,4,81.32576013371798,0.5694117647058824,294.68091248498166,14.696269820613956,0.6611464554533002,1.0,0.0,1.0,1.0,0.9
9,0.15,0.0,0.35,5,79.73659155994774,0.5772549019607843,288.059366469791,14.348604589455158,0.662462342434298,1.0,0.0,1.0,1.0,0.9
9,0.15,0.0,0.35,6,87.06933269506538,0.531372549019608,305.5811790756865,15.76038716178233,0.6889982252028021,1.0,0.0,1.0,1.0,0.9
9,0.15,0.0,0.35,7,83.2124080872078,0.5599999999999999,301.12336766752185,15.056168383370965,0.6626677902255039,1.0,0.0,1.0,1.0,0.9
9,0.15,0.0,0.35,8,83.57903840220142,0.5588235294117648,304.48996168494705,15.26087369386968,0.6586742217503501,1.0,0.0,1.0,1.0,0.9
9,0.15,0.0,0.35,9,82.7577798981644,0.5547058823529413,290.11102283307974,14.757023476390488,0.6891014763207505,1.0,0.0,1.0,1.0,0.9
9,0.15,0.0,0.35,10,84.26264277224112,0.5580392156862747,312.04140986477927,15.578680642058316,0.6477540765357654,1.0,0.0,1.0,1.0,0.9
9,0.15,0.0,0.35,11,79.22277615863321,0.5843137254901961,292.884803891906,14.36383301932759,0.6464903613990804,1.0,0.0,1.0,1.0,0.9
9,0.15,0.0,0.35,12,80.34159032795986,0.5733333333333334,289.23830412741034,14.434483186422934,0.6651752821218758,1.0,0.0,1.0,1.0,0.9
9,0.15,0.0,0.35,13,83.39556377669919,0.5547058823529413,297.2156482659041,15.078558255090606,0.6740900912442856,1.0,0.0,1.0,1.0,0.9
9,0.15,0.0,0.35,14,84.86964336955745,0.5566666666666668,317.4397607602614,15.815914721705063,0.6413058803461197,1.0,0.0,1.0,1.0,0.9
9,0.15,0.0,0.35,15,81.41134675208986,0.5698039215686276,295.0730036756545,14.73306296466467,0.6607692952702153,1.0,0.0,1.0,1.0,0.9
9,0.15,0.0,0.35,16,81.9393882074038,0.5649019607843137,294.3491764514657,14.691452327222278,0.666965721761226,1.0,0.0,1.0,1.0,0.9
9,0.15,0.0,0.35,17,83.82607264819946,0.5541176470588236,300.4629806089584,15.045669630614034,0.6703973204538141,1.0,0.0,1.0,1.0,0.9
9,0.15,0.0,0.35,18,79.6994912507924,0.5758823529411765,285.0203030860973,14.083913952973862,0.6683861076365077,1.0,0.0,1.0,1.0,0.9
9,0.15,0.0,0.35,19,81.32005037755249,0.5686274509803922,292.77665694106815,14.641390823488544,0.6650602338066804,1.0,0.0,1.0,1.0,0.9
9,0.15,0.0,0.45,0,87.36106032674583,0.5876470588235294,446.1308822702036,22.244862131056713,0.46787799740521263,1.0,0.0,1.0,1.0,0.9
9,0.15,0.0,0.45,1,90.5374528641424,0.5737254901960785,466.95941183274175,23.322501632648688,0.46421785143861916,1.0,0.0,1.0,1.0,0.9
9,0.15,0.0,0.45,2,85.70896601617464,0.5925490196078431,427.77111168133735,21.343081450438905,0.4787996845808017,1.0,0.0,1.0,1.0,0.9
9,0.15,0.0,0.45,3,86.19618695798077,0.5845098039215687,410.47480840503954,21.364275418305823,0.5035128671382385,1.0,0.0,1.0,1.0,0.9
9,0.15,0.0,0.45,4,84.0980568136886,0.6003921568627452,419.5758372229343,20.921101672624683,0.4785243306407186,1.0,0.0,1.0,1.0,0.9
9,0.15,0.0,0.45,5,87.04381905811319,0.5878431372549019,440.88639202930545,21.89350973412068,0.4715162728646905,1.0,0.0,1.0,1.0,0.9
9,0.15,0.0,0.45,6,82.98411118982779,0.6049019607843138,410.81464766901826,20.45737743029576,0.4815257764844187,1.0,0.0,1.0,1.0,0.9
9,0.15,0.0,0.45,7,89.0311666622726,0.58,455.1838327756935,22.759191638784742,0.46799991919062944,1.0,0.0,1.0,1.0,0.9
9,0.15,0.0,0.45,8,86.24360665947343,0.5901960784313727,431.76820303044593,21.577149629427648,0.4777251150993912,1.0,0.0,1.0,1.0,0.9
9,0.15,0.0,0.45,9,86.80131239277068,0.585686274509804,426.9068240722497,21.66887120927508,0.4879258714124548,1.0,0.0,1.0,1.0,0.9
9,0.15,0.0,0.45,10,91.48808871210935,0.5700000000000002,474.46297428742383,23.72314871437126,0.46187974643365315,1.0,0.0,1.0,1.0,0.9
9,0.15,0.0,0.45,11,85.15444384971747,0.5956862745098039,425.8724716947785,21.27441566575772,0.47770905425067034,1.0,0.0,1.0,1.0,0.9
9,0.15,0.0,0.45,12,82.18466967923577,0.6076470588235294,403.488050032077,20.157256157902594,0.48606866858259534,1.0,0.0,1.0,1.0,0.9
9,0.15,0.0,0.45,13,83.17200194860308,0.6031372549019608,410.1966058879931,20.416885158899273,0.48395983781449287,1.0,0.0,1.0,1.0,0.9
9,0.15,0.0,0.45,14,91.41042249966242,0.5700000000000002,472.4968715010554,23.624843575513605,0.46340793914509804,1.0,0.0,1.0,1.0,0.9
9,0.15,0.0,0.45,15,91.73114806600498,0.5684313725490197,474.33988992689837,23.672685223127345,0.4630781400945056,1.0,0.0,1.0,1.0,0.9
9,0.15,0.0,0.45,16,91.01051701136757,0.5700000000000002,462.575208843556,23.12876044217777,0.47127664592537466,1.0,0.0,1.0,1.0,0.9
9,0.15,0.0,0.45,17,86.06243300864706,0.5870588235294119,416.2523846017928,20.95448597721814,0.4958192964286895,1.0,0.0,1.0,1.0,0.9
9,0.15,0.0,0.45,18,86.9055159282861,0.5864705882352942,430.8316083866892,21.492942975582313,0.48224354570502054,1.0,0.0,1.0,1.0,0.9
9,0.15,0.0,0.45,19,85.66801494084127,0.5909803921568628,421.6266630104289,21.34248173886224,0.48659594203622575,1.0,0.0,1.0,1.0,0.9
9,0.15,0.0,0.55,0,98.05124312077314,0.5584313725490196,613.1935307959062,30.690265586778505,0.3835795997030946,1.0,0.0,1.0,1.0,0.9
9,0.15,0.0,0.55,1,95.51516472912742,0.5700000000000002,597.9256032128708,29.896280160643524,0.38264132313792043,1.0,0.0,1.0,1.0,0.9
9,0.15,0.0,0.55,2,101.62183766159305,0.5445098039215686,651.3607630144886,32.58568585694858,0.37490472500866595,1.0,0.0,1.0,1.0,0.9
9,0.15,0.0,0.55,3,98.4906860279138,0.5578431372549021,626.1807705913616,31.21309604976384,0.37722276228614143,1.0,0.0,1.0,1.0,0.9
9,0.15,0.0,0.55,4,97.94462298946068,0.5599999999999999,619.6162228089778,30.98081114044895,0.37906182496506324,1.0,0.0,1.0,1.0,0.9
9,0.15,0.0,0.55,5,98.0329816159903,0.5599999999999999,622.9706596405716,31.148532982028655,0.37736085645949297,1.0,0.0,1.0,1.0,0.9
9,0.15,0.0,0.55,6,104.98578584338732,0.5300000000000001,675.8274715223918,33.79137357611971,0.3738208733220098,1.0,0.0,1.0,1.0,0.9
9,0.15,0.0,0.55,7,99.10880576836736,0.5531372549019608,618.0857765593206,31.048581609772565,0.3854383175900054,1.0,0.0,1.0,1.0,0.9
9,0.15,0.0,0.55,8,98.34777847660928,0.5576470588235294,618.8828121741635,30.91697072814247,0.3811080424358455,1.0,0.0,1.0,1.0,0.9
9,0.15,0.0,0.55,9,95.61134570696038,0.5700000000000002,601.5026549881081,30.075132749405363,0.380748826199119,1.0,0.0,1.0,1.0,0.9
9,0.15,0.0,0.55,10,98.81747096839786,0.556078431372549,625.8145006883965,31.349367019126525,0.37887988231067965,1.0,0.0,1.0,1.0,0.9
9,0.15,0.0,0.55,11,98.21597410308314,0.5564705882352942,608.2960542870564,30.883523241734203,0.3883729265023175,1.0,0.0,1.0,1.0,0.9
9,0.15,0.0,0.55,12,106.70980119812128,0.5229411764705884,693.463399828606,34.71680064641351,0.3707578859446635,1.0,0.0,1.0,1.0,0.9
9,0.15,0.0,0.55,13,100.38193612512907,0.55,641.768821963122,32.088441098156096,0.37551256395095745,1.0,0.0,1.0,1.0,0.9
9,0.15,0.0,0.55,14,100.39446472399223,0.55,642.2527210856884,32.11263605428442,0.37527646977612533,1.0,0.0,1.0,1.0,0.9
9,0.15,0.0,0.55,15,96.91463706821693,0.5635294117647058,606.4956557221806,30.404674160453766,0.38332755513256006,1.0,0.0,1.0,1.0,0.9
9,0.15,0.0,0.55,16,98.12760244439129,0.5599999999999999,626.5965279167079,31.329826395835376,0.37553933596509026,1.0,0.0,1.0,1.0,0.9
9,0.15,0.0,0.55,17,101.06399858333093,0.5454901960784314,637.3086070488172,32.114708271427745,0.38078176187359225,1.0,0.0,1.0,1.0,0.9
9,0.15,0.0,0.55,18,97.69131609893526,0.5598039215686275,610.806804105397,30.797589227593793,0.38349022788593634,1.0,0.0,1.0,1.0,0.9
9,0.15,0.0,0.55,19,94.15291025336933,0.5760784313725489,589.5471830050882,29.33107761734659,0.38205457358304346,1.0,0.0,1.0,1.0,0.9
9,0.15,0.0,0.65,0,119.9274802845376,0.4794117647058823,918.2547761340747,45.730383572235596,0.3162863584046236,1.0,0.0,1.0,1.0,0.9
9,0.15,0.0,0.65,1,112.50423602478354,0.51,843.6712258047378,42.18356129023686,0.3216842091223851,1.0,0.0,1.0,1.0,0.9
9,0.15,0.0,0.65,2,121.2841090630816,0.47254901960784307,919.6109007665068,46.08183217131164,0.31976884211627477,1.0,0.0,1.0,1.0,0.9
9,0.15,0.0,0.65,3,120.64534494680669,0.47686274509803916,930.919468470108,46.17607062705894,0.3139779018504298,1.0,0.0,1.0,1.0,0.9
9,0.15,0.0,0.65,4,117.26124684557595,0.49,886.9450452548539,44.34725226274263,0.3197456926848591,1.0,0.0,1.0,1.0,0.9
9,0.15,0.0,0.65,5,124.55838617645432,0.46,961.1330704803646,48.056653524018365,0.31470537217378497,1.0,0.0,1.0,1.0,0.9
9,0.15,0.0,0.65,6,114.8697507071429,0.5,864.5940251097984,43.229701255489864,0.32090593978960774,1.0,0.0,1.0,1.0,0.9
9,0.15,0.0,0.65,7,112.40553166973008,0.51,838.4572737980994,41.9228636899049,0.3234006233371563,1.0,0.0,1.0,1.0,0.9
9,0.15,0.0,0.65,8,114.85077815056353,0.5,863.5800339750439,43.17900169875218,0.3212296734976596,1.0,0.0,1.0,1.0,0.9
9,0.15,0.0,0.65,9,122.18806022469624,0.46999999999999986,939.7648732653548,46.988243663267866,0.3152978940993632,1.0,0.0,1.0,1.0,0.9
9,0.15,0.0,0.65,10,124.51638437557735,0.46,958.7763808868715,47.93881904434372,0.3153725423413578,1.0,0.0,1.0,1.0,0.9
9,0.15,0.0,0.65,11,126.92160276771652,0.45,982.1221572765883,49.10610786382955,0.3142698635268309,1.0,0.0,1.0,1.0,0.9
9,0.15,0.0,0.65,12,133.4508327138311,0.4227450980392158,1045.0715258155983,52.25008465669583,0.31180855766212484,1.0,0.0,1.0,1.0,0.9
9,0.15,0.0,0.65,13,124.64369270759623,0.46,965.9504456482837,48.29752228241434,0.31335033568752374,1.0,0.0,1.0,1.0,0.9
9,0.15,0.0,0.65,14,124.10346483074689,0.46098039215686265,948.8588176274666,47.62288660077027,0.31783963045510727,1.0,0.0,1.0,1.0,0.9
9,0.15,0.0,0.65,15,125.25815014066177,0.45666666666666667,964.1281044733776,48.22500743974455,0.3156599572462135,1.0,0.0,1.0,1.0,0.9
9,0.15,0.0,0.65,16,123.04822993131116,0.46568627450980393,941.4217902285815,47.071654796518075,0.3172155703199049,1.0,0.0,1.0,1.0,0.9
9,0.15,0.0,0.65,17,124.59193851781949,0.46,963.0228586744108,48.151142933720685,0.31417241594944084,1.0,0.0,1.0,1.0,0.9
9,0.15,0.0,0.65,18,127.96759623392649,0.44352941176470584,971.8776867322414,49.36605215820858,0.3211294463479508,1.0,0.0,1.0,1.0,0.9
9,0.15,0.0,0.65,19,122.10005234583173,0.46999999999999986,934.8706837584896,46.743534187924425,0.31672023911171127,1.0,0.0,1.0,1.0,0.9
10,0.3,1.0,0.35,0,84.01631111886113,0.5370588235294117,278.586991957911,13.995572523632266,0.7258630972227854,0.947797420095736,0.008635803835420943,0.9355779102765673,0.9639766633553574,0.7258630972227854
10,0.3,1.0,0.35,1,83.06119410287734,0.5476470588235294,281.30593516182927,13.958088335472327,0.7083726361310408,0.942540999120148,0.003358567751049647,0.9371731849928091,0.949771095463185,0.7083726361310408
10,0.3,1.0,0.35,2,86.03839747058284,0.5296078431372551,288.6526984363993,14.517298256329491,0.7171233439010896,0.9451854128162291,0.0010446831946173331,0.9441406270254171,0.9496122855219247,0.7171233439010896
10,0.3,1.0,0.35,3,80.50652468505353,0.5611764705882353,272.7500185588225,13.376616426801812,0.7070733663951413,0.9421020574483369,0.0027521257154675895,0.9383725793160804,0.9482606195360347,0.7070733663951413
10,0.3,1.0,0.35,4,83.36435060169333,0.5427450980392158,278.26936639403766,13.967564937425603,0.7205180345466025,0.9461004234873343,0.003757332698059754,0.9396229027823846,0.9519104742736614,0.7205180345466025
10,0.3,1.0,0.35,5,83.82116748473598,0.5427450980392158,283.242470821385,14.133271187486937,0.7109412893218944,0.9431088925603796,0.005737504356433404,0.9318654099687169,0.9495173444499452,0.7109412893218944
10,0.3,1.0,0.35,6,84.13201625344286,0.5401960784313725,283.5213238044996,14.150494020003489,0.7133395055324397,0.944127532923174,0.006176430227284537,0.9354833438114513,0.9551635535796873,0.7133395055324397
10,0.3,1.0,0.35,7,81.19215284170122,0.5511764705882354,266.8934021518732,13.28917237708627,0.7301540756921625,0.9491087088649452,0.00580207364335259,0.9403059439988649,0.9581607655831789,0.7301540756921625
10,0.3,1.0,0.35,8,84.79230475342517,0.5382352941176471,287.40290486706004,14.392850294946257,0.709982891017425,0.942839203926087,0.004909121114447099,0.9336112764646074,0.9481007559321364,0.709982891017425
10,0.3,1.0,0.35,9,82.08315635609502,0.5554901960784313,282.34130877032453,13.73937106208762,0.6960020111546033,0.9390446055313904,0.009720470983552068,0.9255298123706692,0.960803448717288,0.6960020111546033
10,0.3,1.0,0.35,10,80.35678032914787,0.5568627450980393,265.3145801885678,13.223458500579335,0.7264927915448011,0.9476564719028128,0.005472769586461167,0.9402074655560589,0.9582223993614212,0.7264927915448011
10,0.3,1.0,0.35,11,85.01458968252447,0.5292156862745099,279.6861446190204,14.210518324717938,0.7340944732166811,0.950437593250077,0.011311492074359423,0.9325649661099188,0.967543200814065,0.7340944732166811
10,0.3,1.0,0.35,12,81.85382663947696,0.5547058823529413,277.9561622211033,13.694881193687987,0.7053678482795883,0.941555849507236,0.004601142104782488,0.9359933746131386,0.9539254376953794,0.7053678482795883
10,0.3,1.0,0.35,13,88.0676844205137,0.5249019607843137,304.4621598993318,15.242774085332362,0.6966595055197914,0.9389423929957077,0.001714021612619232,0.9368257264232911,0.9409591814612155,0.6966595055197914
10,0.3,1.0,0.35,14,84.7075695359599,0.54,288.2161799029618,14.410808995148239,0.706409937670434,0.9419229813011301,1.1193999482477212e-15,0.9419229813011286,0.9419229813011324,0.706409937670434
10,0.3,1.0,0.35,15,83.59959239709946,0.545686274509804,284.66957139874194,14.151339518699551,0.7058730097027023,0.9417800252510872,0.0036322203513908446,0.9363882025770429,0.948837582078421,0.7058730097027023
10,0.3,1.0,0.35,16,79.53006583454221,0.5654901960784314,267.0900101384911,13.057856023070379,0.712674011695283,0.94362890421431,0.003329041506939201,0.9373798911397658,0.9476539429912059,0.712674011695283
10,0.3,1.0,0.35,17,82.85593277679814,0.5419607843137256,272.95871673932317,13.531206552289458,0.7267936869083514,0.9478691318723612,0.006012722411458645,0.9396329154421375,0.965282276839511,0.7267936869083514
10,0.3,1.0,0.35,18,84.6663231603967,0.5260784313725491,272.247758862279,13.955654114970288,0.7508145852739126,0.9552822154359198,0.00833315549536367,0.9398815841906523,0.9667545105251797,0.7508145852739126
10,0.3,1.0,0.35,19,83.1527992761665,0.5380392156862746,270.9802925004982,13.77482787839046,0.7392856584794154,0.951633369346074,0.00732811248431443,0.9352861967025596,0.9596351726152781,0.7392856584794154
10,0.3,1.0,0.45,0,85.81877847553238,0.58,385.511426546383,19.275571327319213,0.5326422539738185,0.8897926761921455,0.0,0.8897926761921455,0.8897926761921455,0.5326422539738185
10,0.3,1.0,0.45,1,87.91421851445494,0.5700000000000002,395.68584538843453,19.784420545343597,0.5322007029717296,0.8896602537112134,6.351789613160785e-07,0.8896594070871663,0.8896615710080713,0.5322007029717296
10,0.3,1.0,0.45,2,80.7876723443802,0.6023529411764706,356.84869729368614,17.519273025741573,0.5394268056250359,0.8916441373182113,0.003025781504498993,0.8866562852665913,0.898032684220256,0.5394268056250359
10,0.3,1.0,0.45,3,81.41426332092546,0.5949019607843139,349.13998674720773,17.612643100900222,0.5572655868626641,0.8970464938631613,0.005454682543531227,0.8878726267971194,0.9085417128206883,0.5572655868626641
10,0.3,1.0,0.45,4,81.3350969336712,0.5980392156862746,355.38709414989427,17.693715030018165,0.5466530661935581,0.894167980832766,0.00298131120597041,0.8885467459586021,0.8995119960615712,0.5466530661935581
10,0.3,1.0,0.45,5,83.96135022523461,0.5841176470588236,365.67466442345903,18.37453996608858,0.5500215492170061,0.8949688388502056,0.004936788841848093,0.8877898401992512,0.9040241536196533,0.5500215492170061
10,0.3,1.0,0.45,6,80.14323063645836,0.6017647058823529,344.2970326545701,17.249395545911064,0.5558097986749742,0.8968624136004238,0.003661177167394696,0.8913817958275002,0.9044429614423135,0.5558097986749742
10,0.3,1.0,0.45,7,82.28877201480323,0.5913725490196079,355.92922638166215,17.93972405516555,0.5530479854742021,0.8959695838962483,0.005462846279673183,0.8881780866823787,0.9053089439761297,0.5530479854742021
10,0.3,1.0,0.45,8,79.80733599610524,0.6078431372549019,355.88586380579164,17.23676187602809,0.5359691406911568,0.8906866759559717,0.006648561741759038,0.8806243344615069,0.9022119684067658,0.5359691406911568
10,0.3,1.0,0.45,9,82.28113445936849,0.5903921568627452,352.2439735265477,17.769629108172193,0.5599563087064715,0.8978828733576962,0.005657815193989173,0.8908916667348554,0.9096787150590897,0.5599563087064715
10,0.3,1.0,0.45,10,80.46641781602044,0.6084313725490196,369.99732912612933,17.549803576137254,0.5160415773164458,0.8850152648960629,0.00950751873559581,0.870449936477176,0.8977690536312999,0.5160415773164458
10,0.3,1.0,0.45,11,84.2579217911914,0.5829411764705883,367.3008183579989,18.542270790014605,0.5491244239780209,0.8947290679963067,0.0058629704544037676,0.8846777828756636,0.9041867190849496,0.5491244239780209
10,0.3,1.0,0.45,12,77.82588225376641,0.6141176470588234,336.1213983603979,16.623812762231157,0.5519334808911697,0.8954350482050357,0.002050600742107919,0.8913113748280453,0.8986811386607663,0.5519334808911697
10,0.3,1.0,0.45,13,80.22434406213804,0.6019607843137255,346.47992257471975,17.247412264653835,0.5531916969857058,0.8955484147200002,0.006354909841585193,0.8890218763895399,0.9132317168550184,0.5531916969857058
10,0.3,1.0,0.45,14,75.51470374464392,0.6309803921568627,341.568484612243,15.984017926868662,0.5247466435836232,0.887357532630532,0.005211622760315261,0.8773490466132403,0.8973383725016421,0.5247466435836232
10,0.3,1.0,0.45,15,84.24036170582964,0.584313725490196,369.94261216947115,18.539793603314106,0.5447717701364536,0.8935077177195777,0.003984558003478973,0.8874194500238033,0.899136426338384,0.5447717701364536
10,0.3,1.0,0.45,16,87.68412605209308,0.5700000000000002,391.3211641364594,19.566058206823044,0.5367280984840636,0.8910184295452191,0.0,0.8910184295452191,0.8910184295452191,0.5367280984840636
10,0.3,1.0,0.45,17,84.57015479972142,0.5792156862745098,362.83805970409503,18.284201537541293,0.5596685673778409,0.8978844756566524,0.006319769184969824,0.891392915983675,0.9116650360139141,0.5596685673778409
10,0.3,1.0,0.45,18,82.66444633150752,0.59,356.0331166021483,17.80165583010737,0.5549473847295124,0.8964842154188535,2.2425405839770103e-16,0.8964842154188537,0.8964842154188537,0.5549473847295124
10,0.3,1.0,0.45,19,84.23205201833355,0.5850980392156861,371.1861172602012,18.549488885716837,0.5426859401080195,0.8927255204023481,0.001943918022660527,0.8903130539495467,0.895239450469387,0.5426859401080195
10,0.3,1.0,0.55,0,90.22905954882613,0.58,486.3588146486256,24.317940732431353,0.443894926734667,0.8631684780204,1.1212702919885052e-16,0.8631684780204001,0.8631684780204001,0.443894926734667
10,0.3,1.0,0.55,1,92.22062254087072,0.5715686274509805,501.494345223276,25.092882025588796,0.44049345381934285,0.8621532208202304,0.0011447761773822258,0.8592630746365769,0.8631908140184861,0.44049345381934285
10,0.3,1.0,0.55,2,90.01445605718949,0.5803921568627451,485.59331085753666,24.154565803872313,0.4434306132079012,0.8633627442884939,0.007083231370655433,0.8538237977184423,0.8763072789957939,0.4434306132079012
10,0.3,1.0,0.55,3,85.71842278029168,0.6003921568627452,461.9312930630387,22.73914849441012,0.4426638557573853,0.8630003003680778,0.006404154238825598,0.8548254604923399,0.8734791143250987,0.4426638557573853
10,0.3,1.0,0.55,4,95.07232731304498,0.5599999999999999,524.8810608554413,26.244053042772123,0.4343556279151342,0.8603066883745404,1.1212702919885052e-16,0.8603066883745403,0.8603066883745403,0.4343556279151342
10,0.3,1.0,0.55,5,89.67739844245057,0.5825490196078431,484.88429649929316,24.078155276380024,0.4421087838307386,0.86283521513204,0.0037497219455740493,0.8578755860866887,0.8714108273257629,0.4421087838307386
10,0.3,1.0,0.55,6,85.00584320288782,0.602156862745098,448.8503268548009,22.41305225362152,0.4519501481781192,0.8656636094096938,0.0017366410057970448,0.8619635348730478,0.8674356873147285,0.4519501481781192
10,0.3,1.0,0.55,7,90.32976595122928,0.5798039215686275,488.23289698933365,24.401074494815543,0.4426778013046899,0.8628007518538341,0.00036867495981931185,0.8626429110941162,0.8653589091727454,0.4426778013046899
10,0.3,1.0,0.55,8,92.21791680990022,0.5650980392156862,475.1244513454145,24.87720107615319,0.4667202992474629,0.8701300135483098,0.0034622420119897017,0.8651205670344178,0.8771783234823409,0.4667202992474629
10,0.3,1.0,0.55,9,90.36387499778547,0.58,490.080638555475,24.504031927773838,0.4411820586505585,0.8623546175951675,0.0,0.8623546175951675,0.8623546175951675,0.4411820586505585
10,0.3,1.0,0.55,10,95.11025485365484,0.5599999999999999,525.9745950349709,26.298730665052428,0.43362549489639696,0.86008764866787,2.9384889030995573e-09,0.8600876449442119,0.8600876550138474,0.43362549489639696
10,0.3,1.0,0.55,11,87.53726412457245,0.5905882352941177,464.94070664138144,23.307370157885913,0.45015739120438825,0.8650623949981655,0.003835998177812968,0.8604074171468883,0.8720112043328567,0.45015739120438825
10,0.3,1.0,0.55,12,82.69438023715723,0.6139215686274508,441.30128462177504,21.605451101204466,0.4470546307940951,0.8641058099410377,0.002255773765527677,0.8596591963464139,0.8677343952151142,0.4470546307940951
10,0.3,1.0,0.55,13,90.21450658001113,0.58,485.95977228874887,24.297988614437514,0.4441877736222608,0.8632563320866783,0.0,0.8632563320866783,0.8632563320866783,0.4441877736222608
10,0.3,1.0,0.55,14,93.7620147413717,0.5649019607843137,513.0863302757473,25.67684478752032,0.43792925263682286,0.8613316172207445,0.002576495670749294,0.8587480361790332,0.8679613569238788,0.43792925263682286
10,0.3,1.0,0.55,15,93.52776313688223,0.5658823529411766,510.8445128494406,25.557666353893286,0.4388756780091667,0.8617317042310867,0.0016839552088832074,0.8598643143142539,0.8641203397537733,0.4388756780091667
10,0.3,1.0,0.55,16,91.00773341744795,0.5760784313725489,489.6453007800197,24.448379458835106,0.44493848544045933,0.8635257364089959,0.0012352186208435592,0.8621741312305075,0.8654508342389595,0.44493848544045933
10,0.3,1.0,0.55,17,88.6943482679204,0.5849019607843139,469.70817169950305,23.33910069101066,0.4513526523849961,0.8654206605963849,0.00397172593040835,0.8584448554514447,0.870885854357941,0.4513526523849961
10,0.3,1.0,0.55,18,88.02248501855388,0.5874509803921569,462.3395584268919,23.1298174617694,0.45528192012105684,0.8666569414073335,0.0017099395505483176,0.8647398709893283,0.8711919921815128,0.45528192012105684
10,0.3,1.0,0.55,19,89.09331437260747,0.5807843137254901,461.84257942656603,23.813462128401994,0.46277693067640785,0.8688367775110787,0.0026396971735402003,0.8653854355248691,0.8743583168103548,0.46277693067640785
10,0.3,1.0,0.65,0,97.842424844677,0.5594117647058823,611.9541297540002,30.57505089700554,0.38340416866930177,0.8450172126151987,0.0005752113156721727,0.8445850893012171,0.8473471613086918,0.38340416866930177
10,0.3,1.0,0.65,1,95.49151540624257,0.5700000000000002,597.0514780471988,29.852573902359868,0.38310665705500757,0.8449319971165024,0.0,0.8449319971165024,0.8449319971165024,0.38310665705500757
10,0.3,1.0,0.65,2,100.32859381259814,0.549607843137255,637.8103596216616,31.90866382575834,0.37752737633252964,0.8432155810032378,0.0015153638038588003,0.8408585985300194,0.8465913079190693,0.37752737633252964
10,0.3,1.0,0.65,3,99.51503635406043,0.5533333333333333,633.2871949052989,31.574865893767655,0.37707116511846533,0.8431514064218583,0.001270901999135781,0.8409656903939642,0.8459078055851954,0.37707116511846533
10,0.3,1.0,0.65,4,97.90112577581544,0.5599999999999999,617.9759337591174,30.898797435175307,0.37989917824592984,0.8439697535983077,1.83395427091669e-09,0.8439697513372513,0.8439697576448187,0.37989917824592984
10,0.3,1.0,0.65,5,97.98191763243209,0.5599999999999999,621.0283937026527,31.051419685132633,0.37834387567575906,0.8435031627027275,1.1212702919885052e-16,0.8435031627027276,0.8435031627027276,0.37834387567575906
10,0.3,1.0,0.65,6,104.89291326292157,0.5300000000000001,672.2093400432836,33.610467002164256,0.3755004750107384,0.8426501425032217,1.1212702919885052e-16,0.8426501425032216,0.8426501425032216,0.3755004750107384
10,0.3,1.0,0.65,7,97.53005391065312,0.5605882352941176,609.7506946314855,30.442438756881085,0.3838515097870643,0.8452134676457523,0.002337466809246067,0.8421776870162148,0.8507168987641102,0.3838515097870643
10,0.3,1.0,0.65,8,98.76944011172276,0.556470588235294,628.1975968224676,31.1703868687983,0.3771594732370141,0.8432654917106276,0.0031671873496804314,0.839113594671228,0.8500948435145121,0.3771594732370141
10,0.3,1.0,0.65,9,96.12675289781659,0.5674509803921568,604.4141724058288,30.251516697804266,0.38106964141361244,0.8443261654695203,0.0020232238642451795,0.8408680368600356,0.8471785385564463,0.38106964141361244
10,0.3,1.0,0.65,10,98.63290014716908,0.5568627450980392,624.2297118545974,31.203131336819645,0.37905848103239415,0.8437649025444037,0.0010824948897236398,0.8424531867342026,0.8457405825446441,0.37905848103239415
10,0.3,1.0,0.65,11,95.87575209008706,0.5682352941176472,599.5463055622512,29.87885874613083,0.3829796860849659,0.8448756995266624,0.0010507142855363952,0.843628945064674,0.8473241489093027,0.3829796860849659
10,0.3,1.0,0.65,12,106.61850297474686,0.5231372549019608,690.2845673168732,34.52741734111121,0.37201482545289344,0.8415617548012913,0.0010240949710760437,0.8397667919919558,0.8426430429294044,0.37201482545289344
10,0.3,1.0,0.65,13,100.25395139042139,0.55,636.8602298099147,31.843011490495837,0.37792436200291296,0.8433773086008739,1.1212702919885052e-16,0.843377308600874,0.843377308600874,0.37792436200291296
10,0.3,1.0,0.65,14,100.33188122594068,0.55,639.8415800112372,31.99207900056182,0.3764558194777129,0.8429367458433138,1.1212702919885052e-16,0.8429367458433139,0.8429367458433139,0.3764558194777129
10,0.3,1.0,0.65,15,96.73126711691853,0.5645098039215687,606.3006530257289,30.294542744419932,0.38239878360356416,0.8447748881143805,0.0014281743930930116,0.8427482513085739,0.8465895749435083,0.38239878360356416
10,0.3,1.0,0.65,16,97.07937423469237,0.5635294117647058,612.7502879885967,30.56002233503692,0.37948264092383327,0.8437536433614231,0.001879311972412047,0.8409806944101852,0.8457138198891441,0.37948264092383327
10,0.3,1.0,0.65,17,99.5802792680993,0.5523529411764707,629.0197222026754,31.586420401707702,0.37997723195701294,0.8439682927496872,0.001490563778727788,0.8420433461153835,0.846800181016867,0.37997723195701294
10,0.3,1.0,0.65,18,95.55994460816946,0.5700000000000002,599.5865926103536,29.979329630517668,0.3817602156058871,0.8445280646817662,1.1212702919885052e-16,0.8445280646817661,0.8445280646817661,0.3817602156058871
10,0.3,1.0,0.65,19,99.14398182957622,0.5531372549019608,621.3259331939341,31.375909449641526,0.3834527124721224,0.8451328399749816,0.005183862054937681,0.8369116759810729,0.8531344325603888,0.3834527124721224
11,0.3,0.75,0.35,0,83.37686295229905,0.5443137254901962,281.19837450110964,13.957178452537345,0.7125049419784952,0.9442679190483642,0.00960668277378503,0.9327182557237119,0.9651093385847995,0.7129353056908417
11,0.3,0.75,0.35,1,84.67583169640325,0.5386274509803921,286.1382457268637,14.291482600589967,0.711480796126394,0.9434334686827276,0.001603221225701123,0.9422807469699613,0.947661736814743,0.7114718209970685
11,0.3,0.75,0.35,2,86.0779779934276,0.5290196078431374,288.5105990122508,14.521586681113977,0.7171360776415897,0.9454246606225877,0.002934066256470225,0.9425916611405283,0.9549068949002828,0.7173726087500154
11,0.3,0.75,0.35,3,82.24937710632932,0.5511764705882353,278.4072677034207,13.751515058331101,0.7085661822080268,0.9429519073843092,0.009370997064832088,0.9289719431123432,0.9590149287330867,0.7088845594762777
11,0.3,0.75,0.35,4,84.34255232744181,0.5394117647058825,284.4108320871741,14.243759924419678,0.7130127251858334,0.9440901162116759,0.004997514722216959,0.9354089210414621,0.951960878020266,0.7131679740657716
11,0.3,0.75,0.35,5,86.6498775851467,0.5319607843137256,298.51240107756354,14.939244993296125,0.6982225016402897,0.9394749976788145,0.0011017063584216565,0.9370723922321463,0.9402486913232515,0.6982293742958962
11,0.3,0.75,0.35,6,82.36481692426612,0.5494117647058824,276.78077545797385,13.756640944099932,0.7145596491461719,0.9442609768892598,0.004644964374852158,0.936430840876444,0.9534833987105023,0.714470550934012
11,0.3,0.75,0.35,7,80.76356483752585,0.5554901960784315,267.7023769665749,13.22621732073789,0.7227392546867609,0.9463050320510407,0.0049798903185862406,0.9369487656735203,0.9581623184851218,0.7223086343909381
11,0.3,0.75,0.35,8,84.3447198601569,0.539607843137255,284.5912105280397,14.266797696198784,0.7129414727206307,0.9439774689939162,0.003737690200662673,0.9357581234155825,0.9478098898221002,0.7130206620354033
11,0.3,0.75,0.35,9,82.97417587481175,0.5445098039215687,276.5361159486827,13.870326488808832,0.7214533150969277,0.946464077549267,0.0035020816072714794,0.9395298206383373,0.9501861877398247,0.7214767176137515
11,0.3,0.75,0.35,10,84.93488468569242,0.5327450980392158,283.09545723551906,14.21952404041432,0.7217246811173468,0.947010423751968,0.013295165935066949,0.9298993294481551,0.9641029993042505,0.7221355306313169
11,0.3,0.75,0.35,11,82.86006264935155,0.5405882352941177,271.2121059108316,13.71948765896686,0.734775236704011,0.9501380955068534,0.009739355608163856,0.9328515651988513,0.9638604406041431,0.7345298404503857
11,0.3,0.75,0.35,12,83.06856797348378,0.5445098039215686,278.21380023369846,13.903899146298686,0.7178711819168828,0.9453582032757039,0.007390801176975998,0.9326149481448633,0.956000034658017,0.7178685558340824
11,0.3,0.75,0.35,13,82.95354270051,0.547843137254902,280.63697655443013,13.929950091742821,0.7101715556373879,0.9431804599095558,0.004004112600253839,0.9341571467218962,0.9473923004152798,0.710279049986004
11,0.3,0.75,0.35,14,83.09092359696382,0.5456862745098039,279.0404965128203,13.97372255383969,0.7153288566608765,0.9445145178531907,0.002130484306634511,0.9397648824880575,0.9472116018042893,0.7152587407066496
11,0.3,0.75,0.35,15,80.19051370846002,0.5647058823529413,274.06742839821356,13.35430181143043,0.7012756693555355,0.9402959036319826,0.006947563167926106,0.9287733124083267,0.9496371585731292,0.701203338376637
11,0.3,0.75,0.35,16,80.09393367170719,0.5539215686274509,259.3040757961403,12.954433704796454,0.7419350637847203,0.951853523276186,0.00839412203156184,0.9465025576457791,0.9755609747210598,0.7413292339020284
11,0.3,0.75,0.35,17,84.73089576702098,0.5294117647058825,276.0571761799851,13.885276182644963,0.7402550588630255,0.9515893961256585,0.006693828914063307,0.9436763330978037,0.9634436543605448,0.7398491242519846
11,0.3,0.75,0.35,18,84.18428994024369,0.5258823529411765,267.3551283357895,13.743240328123072,0.7613790058144744,0.9577396070569194,0.011793242818558944,0.9354128417944523,0.9724446044630028,0.7608172602416217
11,0.3,0.75,0.35,19,83.51468903851753,0.5458823529411765,284.36464862805843,14.085134328521347,0.7046773151753577,0.9415779441614583,0.005831976481426554,0.9339378888061303,0.9534917305546491,0.7048229398494001
11,0.3,0.75,0.45,0,85.81945915803044,0.58,385.5243983003946,19.2762199150198,0.5326285567170229,0.8897885670151071,2.2425405839770103e-16,0.8897885670151069,0.8897885670151069,0.5326285567170229
11,0.3,0.75,0.45,1,86.43224008813091,0.5754901960784315,384.6090755019248,19.297293993755424,0.5383445305765813,0.8915382901393377,0.0024425409202769085,0.8867321864781512,0.8948382291545423,0.5383736397152175
11,0.3,0.75,0.45,2,81.54015733353623,0.5960784313725491,353.98755332296145,17.671985676197536,0.5503494337191116,0.8952621408259969,0.004460837882637253,0.8891902097920715,0.9064341230417325,0.5504805259776643
11,0.3,0.75,0.45,3,81.6449499887016,0.5941176470588235,351.7270100360878,17.750908135826496,0.5552677700850945,0.8961354968628847,0.009431098885809671,0.8843819517930942,0.9103659313646855,0.5548970749495583
11,0.3,0.75,0.45,4,80.76402467619243,0.602156862745098,356.5886889484547,17.57468200178261,0.540215936260094,0.8919419698818754,0.003141316045792231,0.8870331483487142,0.8988471160281595,0.5401135937633
11,0.3,0.75,0.45,5,80.9112595112409,0.5984313725490197,349.45840267303856,17.461425126392253,0.5531543240991397,0.896121746763274,0.006086877460795544,0.8890426467407437,0.9081037144156203,0.5533005320437498
11,0.3,0.75,0.45,6,80.78529477900966,0.5998039215686275,350.0621855881325,17.523109920787626,0.5512557556171848,0.8953859314670976,0.002848468667358658,0.8903574803192514,0.9018117518567819,0.5512634262688035
11,0.3,0.75,0.45,7,83.11792006932845,0.59,364.1128725023597,18.20564362511804,0.545609693908054,0.8936829081724162,0.0,0.8936829081724162,0.8936829081724162,0.545609693908054
11,0.3,0.75,0.45,8,79.5294282083026,0.6058823529411765,345.0631487218077,17.053471856197415,0.5490666348136585,0.8945614531486427,0.004491205015753784,0.8869599841940261,0.903167044850622,0.5489345204007795
11,0.3,0.75,0.45,9,82.10113298955228,0.5919607843137256,353.2563083120813,17.74080156804755,0.5570710766501915,0.8970818201420647,0.00506995801756121,0.8905407828286714,0.907002168908952,0.5570381576060308
11,0.3,0.75,0.45,10,84.68193555604115,0.5825490196078431,373.6794009340978,18.62927289860923,0.5419977285244788,0.8924159580741616,0.0037514400299908917,0.8859868840565548,0.8977565103528677,0.541844928121827
11,0.3,0.75,0.45,11,81.42123271042125,0.5980392156862745,357.5219531713043,17.749352967154376,0.543964620978118,0.8930162969644887,0.003679867811227499,0.8882091583099596,0.9029700833159182,0.5438203798706625
11,0.3,0.75,0.45,12,78.00982206048549,0.614313725490196,339.69419743765627,16.713876740236866,0.5470624532467582,0.8938821051492831,0.0020547196125737317,0.8888504627477044,0.8971809972324527,0.5468652608928045
11,0.3,0.75,0.45,13,80.63133634477288,0.604313725490196,360.0032728876527,17.465731738044525,0.5324806830101302,0.8898550256843982,0.004564901464214749,0.8828189683195926,0.9033253815600639,0.5325730336612631
11,0.3,0.75,0.45,14,79.72469116352588,0.597843137254902,329.72528737754584,16.967985676314843,0.5781500934596915,0.9028013915260193,0.011551763770127501,0.8867465201025523,0.9187108387529985,0.5776137296997849
11,0.3,0.75,0.45,15,88.86786299196153,0.5658823529411765,402.15996001495273,20.10692419747083,0.5296043920951924,0.8888806695867442,0.0017945777949110139,0.8869827291415957,0.8913749325376941,0.5296038520603479
11,0.3,0.75,0.45,16,82.5853271710981,0.5935294117647057,366.01364087133885,18.0174291923886,0.5374763806557027,0.8916118265809988,0.006709699291576266,0.8830033683662004,0.9052934017291149,0.5377838076426094
11,0.3,0.75,0.45,17,85.65294957822594,0.5741176470588235,368.38603551421863,18.618296935106326,0.5579359120273728,0.8977717394004067,0.006211903297866192,0.8880792406258553,0.91097483215144,0.5582617168542018
11,0.3,0.75,0.45,18,82.66444633150752,0.59,356.0331166021483,17.80165583010737,0.5549473847295124,0.8964842154188535,2.2425405839770103e-16,0.8964842154188537,0.8964842154188537,0.5549473847295124
11,0.3,0.75,0.45,19,82.03051204052974,0.5933333333333334,356.2901149904104,17.870470822998055,0.5507704456251529,0.8951888250416665,0.0077620741124109415,0.8833509026397163,0.9064523377225914,0.5507351884202534
11,0.3,0.75,0.55,0,92.42286044863513,0.5700000000000002,499.1894629590765,24.95947314795393,0.4434867888061577,0.8630460366418474,1.1212702919885052e-16,0.8630460366418473,0.8630460366418473,0.4434867888061577
11,0.3,0.75,0.55,1,92.13826185462871,0.5719607843137255,501.1731731269328,25.063291913269147,0.4403350930352817,0.8621029613399331,0.0011746049211990702,0.8594013765031022,0.8632093162434271,0.4403371208930723
11,0.3,0.75,0.55,2,91.0851965012191,0.573529411764706,484.3723624490909,24.48287828634399,0.45123895168655653,0.8658709351104833,0.007795343416819377,0.8538626831856002,0.8791428469891484,0.45165499302365353
11,0.3,0.75,0.55,3,88.24574769110662,0.5858823529411766,465.81956149288044,23.54744955863119,0.4540685893622987,0.8665328402117735,0.009794581327444169,0.8535797129010942,0.8820345517150173,0.4543288088648684
11,0.3,0.75,0.55,4,88.52697583661323,0.586078431372549,471.36563241769574,23.669081358810896,0.44963001347500314,0.8648291525980883,0.0046174944951982416,0.8569332397564244,0.8728794335200994,0.4495801372713261
11,0.3,0.75,0.55,5,91.04121032682716,0.5754901960784314,489.89480013056493,24.572643187331845,0.44514208532529465,0.8635880086396835,0.002916618614237328,0.8590802893450059,0.8699203119602954,0.44517990452704065
11,0.3,0.75,0.55,6,85.09237129077023,0.6015686274509805,448.44350852335674,22.468947779693636,0.45328914136793835,0.8660916114269717,0.0014364509708418498,0.8622954002127796,0.8673846016388271,0.45337653221509666
11,0.3,0.75,0.55,7,94.64998186411606,0.5599999999999999,512.9477678502873,25.647388392514422,0.4424860882370587,0.8627458264711177,1.1212702919885052e-16,0.8627458264711176,0.8627458264711176,0.4424860882370587
11,0.3,0.75,0.55,8,85.11725798418837,0.6005882352941178,446.92082358974204,22.349198906363497,0.45428824975021215,0.8660421058353533,0.005053792986333379,0.8553898873448931,0.8728364008646677,0.4540846088421204
11,0.3,0.75,0.55,9,90.36387499778552,0.58,490.0806385554762,24.50403192777386,0.44118205865055754,0.8623546175951671,1.1212702919885052e-16,0.8623546175951672,0.8623546175951672,0.44118205865055754
11,0.3,0.75,0.55,10,95.08589163236017,0.5599999999999999,525.2717270420495,26.26358635210246,0.43409450479834477,0.8602283514395035,0.0,0.8602283514395035,0.8602283514395035,0.43409450479834477
11,0.3,0.75,0.55,11,86.68060625971441,0.5958823529411765,465.1010463212527,23.012578321119427,0.4449919527098292,0.8635200415640003,0.0014707568233898764,0.8602227536572938,0.8649106606111452,0.4450106658357055
11,0.3,0.75,0.55,12,83.32817003331584,0.6078431372549019,431.60134853197025,21.767046569867528,0.4609198854721078,0.8683461793416258,0.0027886349225845434,0.8651299213723614,0.8760466144136178,0.4609783968887689
11,0.3,0.75,0.55,13,90.92769847341367,0.5756862745098039,487.79350858202895,24.53831163244189,0.44634712907352464,0.8641096450217474,0.0034543509305254134,0.8592942132406813,0.8709267437414487,0.44651838432326635
11,0.3,0.75,0.55,14,86.45607633238923,0.5876470588235294,429.12868914298514,22.6992069067336,0.4835550621948429,0.8748548161668009,0.009838786477720164,0.8613980170599312,0.8905545684778027,0.4833786434517995
11,0.3,0.75,0.55,15,92.63708642197388,0.569607843137255,503.3603197404586,25.16874128917,0.4408636698350646,0.8622594082138575,0.0005144791365437179,0.8620629970603886,0.8646802306173973,0.44086392588784634
11,0.3,0.75,0.55,16,91.62342218131874,0.5727450980392158,490.7190552450385,24.51216709395614,0.4471067409238785,0.8641249901508161,0.0010568060021102826,0.8620369124831798,0.8651372818728212,0.447100880818589
11,0.3,0.75,0.55,17,89.80778505328563,0.5788235294117647,471.72035954528957,23.684992863264434,0.45657588972143576,0.8667265471145703,0.004599931340099177,0.8604506726987532,0.8750729503738353,0.4563707065532187
11,0.3,0.75,0.55,18,87.92991881699054,0.5876470588235294,460.6071122054183,23.068861361931074,0.4566224294254722,0.8670021152066197,0.0014232724490260257,0.865443510973865,0.8698956033090897,0.45663525140795397
11,0.3,0.75,0.55,19,85.51168116002042,0.600392156862745,455.9922043216823,22.569246211653375,0.44768359596254287,0.864220687839668,0.005155423607419359,0.8559864902859197,0.872695570888012,0.4476132701716304
11,0.3,0.75,0.65,0,98.56082354186819,0.5564705882352942,619.1579253376058,30.93765435142025,0.38187536285740725,0.8445126748677894,0.0009476701106223258,0.8434330172030966,0.846055719179011,0.38183375119954677
11,0.3,0.75,0.65,1,95.49151540624257,0.5700000000000002,597.0514780471983,29.852573902359868,0.3831066570550078,0.8449319971165024,0.0,0.8449319971165024,0.8449319971165024,0.3831066570550078
11,0.3,0.75,0.65,2,100.38609278411141,0.5492156862745098,637.3809590764142,31.927144184671334,0.37822912697534367,0.84336224613072,0.0014773564568706877,0.8411866899771407,0.846644978337636,0.37814038367377434
11,0.3,0.75,0.65,3,99.90287083831728,0.5511764705882353,633.1431065447073,31.7161994487209,0.3788771051010528,0.8436120584304446,0.0013427344264319422,0.8413444526531455,0.8462163817643716,0.3788345441844935
11,0.3,0.75,0.65,4,97.85508094550731,0.5599999999999999,616.2474321362389,30.812371606812047,0.38078557512586947,0.844235672537761,1.1212702919885052e-16,0.8442356725377609,0.8442356725377609,0.38078557512586947
11,0.3,0.75,0.65,5,97.98191763243209,0.5599999999999999,621.0283937026527,31.05141968513263,0.37834387567575906,0.8435031627027275,1.1212702919885052e-16,0.8435031627027276,0.8435031627027276,0.37834387567575906
11,0.3,0.75,0.65,6,98.96919739882082,0.5507843137254901,600.7700760759686,31.1813686234163,0.39689418839284274,0.8491327401510812,0.005087198633153191,0.8421298539925759,0.8572314495834943,0.39694792475386637
11,0.3,0.75,0.65,7,97.25343011337499,0.5623529411764707,610.851277136138,30.287956646830064,0.3814366828442893,0.8444969419953887,0.0014655200667073008,0.8425381041716854,0.8474939649704438,0.38149163046270756
11,0.3,0.75,0.65,8,99.94051104494402,0.5505882352941177,631.4536349106838,31.623404781795255,0.38010810171490217,0.8440444463623586,0.0027305390930364884,0.8402686161949026,0.8494839206406057,0.3801181149214753
11,0.3,0.75,0.65,9,97.55559955510363,0.5615686274509804,616.5458733862503,30.941416645158476,0.37943602160206297,0.8439736531777583,0.0010671924188173359,0.839830461569902,0.8453579388764456,0.3795550605163461
11,0.3,0.75,0.65,10,98.63225267629684,0.5568627450980392,624.2070318427957,31.20240459105424,0.37906219345598885,0.8437209912551742,0.001021452308835769,0.8425459928346459,0.8456145074573538,0.3790641378046368
11,0.3,0.75,0.65,11,97.20820641692498,0.5619607843137256,607.768067278869,30.476648382399237,0.3837023908757367,0.8451323588399557,0.0024944992572701573,0.8418184386156782,0.8507736065356715,0.38372042552343216
11,0.3,0.75,0.65,12,102.71530994526823,0.54,660.0131862201938,33.00065931100979,0.3740550355022878,0.8422165106506864,0.0,0.8422165106506864,0.8422165106506864,0.3740550355022878
11,0.3,0.75,0.65,13,98.23316934600363,0.5594117647058824,626.6384124597463,31.284562377112742,0.37602489169086295,0.8427869334394038,0.00041657349738950496,0.842357440840712,0.8445582390381376,0.37600777996765034
11,0.3,0.75,0.65,14,100.33188122594068,0.55,639.8415800112372,31.99207900056182,0.3764558194777129,0.8429367458433138,1.1212702919885052e-16,0.8429367458433139,0.8429367458433139,0.3764558194777129
11,0.3,0.75,0.65,15,97.50685959152045,0.5609803921568627,611.5025313633997,30.65206378507079,0.3825929982972619,0.8449175191342002,0.0020294575428898105,0.8417494723888879,0.8484503754018519,0.38270934800144657
11,0.3,0.75,0.65,16,97.10611997664314,0.5633333333333334,612.400819435855,30.577521236148918,0.3799777693739582,0.8439074258809104,0.0017577503068054445,0.8412050352978715,0.8457639270148322,0.3799061819312271
11,0.3,0.75,0.65,17,99.4139380356416,0.5531372549019608,628.2019810995342,31.531141886217867,0.37976333871343465,0.8438756846677284,0.001502148032065716,0.8421773800569708,0.8466986019435,0.3797189079248497
11,0.3,0.75,0.65,18,95.55389879073391,0.5700000000000002,599.3618916823273,29.96809458411634,0.38187917562529106,0.8445637526875873,1.1212702919885052e-16,0.8445637526875874,0.8445637526875874,0.38187917562529106
11,0.3,0.75,0.65,19,104.94852319149392,0.5300000000000001,674.6257219564965,33.85225461154661,0.3741642621226177,0.8422702568976713,0.00022924351557341942,0.841994873321244,0.8427922586644577,0.37418174400668935
12,0.3,0.5,0.35,0,83.5344573369583,0.5425490196078431,279.39869974872084,13.924196744180781,0.7178186344502263,0.9452949208568017,0.0014224263435418522,0.9426326231319845,0.9470427021002278,0.7177341853197825
12,0.3,0.5,0.35,1,82.52166233758392,0.5466666666666667,274.77053912615827,13.71277638134482,0.7212498334130478,0.9462812605778885,0.004640570029106787,0.9390027493241504,0.952921905822703,0.7210936843363379
12,0.3,0.5,0.35,2,82.38053615723656,0.55,276.71006585776195,13.835503716034289,0.7147384995633759,0.9444215503561629,3.6306374913254303e-09,0.9444215449670746,0.9444215572256558,0.7147385003752927
12,0.3,0.5,0.35,3,82.96836622439032,0.5413725490196079,273.2497671315481,13.793930094217023,0.7308991597887872,0.9494490875430127,0.002847082750826902,0.9441247959829797,0.9545381417016825,0.7311980591327479
12,0.3,0.5,0.35,4,84.03460933906678,0.5425490196078432,284.96678089197525,14.261255243404122,0.708799611136175,0.9426604717677537,0.002994758639370652,0.9392915141947361,0.9474346649371223,0.7088339251810103
12,0.3,0.5,0.35,5,80.57894235934396,0.5627450980392157,276.0820046859456,13.485652834319819,0.7002548762163718,0.9399417937364836,0.0071784093266866415,0.9283528707645825,0.9500498137653663,0.7000304276689922
12,0.3,0.5,0.35,6,84.49947446778745,0.5392156862745098,286.22993338306026,14.267986452994505,0.7100541743618294,0.9429580995936239,0.007421559347445092,0.9316033827519122,0.9522482857055824,0.7099572531702875
12,0.3,0.5,0.35,7,81.40108097755721,0.5525490196078432,270.1824254654032,13.44074048469576,0.723164081533756,0.9468728789021379,0.002727953460346647,0.9432929098454178,0.9516401542211372,0.7230368389371079
12,0.3,0.5,0.35,8,84.57711682830934,0.5380392156862746,284.4989177683387,14.25896538224474,0.7150343589643114,0.9442378797794121,0.0018577130668365309,0.9403767202139328,0.9480667474562414,0.7145803124478423
12,0.3,0.5,0.35,9,83.0121847546723,0.5403921568627452,272.55881184886596,13.746777694279661,0.7326723438913169,0.9497778478554355,0.009189518020641222,0.9355650922182808,0.9623549624828225,0.7326325850380508
12,0.3,0.5,0.35,10,84.92585701950459,0.54,290.6163285739082,14.530816428695454,0.7023811748390613,0.9407143524517184,1.1212702919885052e-16,0.9407143524517183,0.9407143524517183,0.7023811748390613
12,0.3,0.5,0.35,11,81.8919525858057,0.5527450980392157,276.07592625044475,13.640492573689716,0.7112939946122384,0.943547325820884,0.006898689046673723,0.9353045949768706,0.9544717054648626,0.7115592070075923
12,0.3,0.5,0.35,12,85.16702923735596,0.5274509803921569,278.1381395051491,14.23660392855514,0.7382125256901808,0.9521549906441771,0.006660563352610716,0.9391641796760982,0.9605403563142728,0.7393645805853852
12,0.3,0.5,0.35,13,85.28976567032998,0.537843137254902,291.9561125804712,14.51286976904898,0.701756509883725,0.9408125779157348,0.0029634523392355924,0.9361139037141134,0.9456675167005214,0.7022325514680868
12,0.3,0.5,0.35,14,84.22355697911107,0.5405882352941177,284.425028269152,14.223110957548643,0.7117976846018359,0.9436389000097544,0.0021498381683043508,0.9404777444540342,0.9474105586582766,0.7119636756505089
12,0.3,0.5,0.35,15,83.29430871803874,0.5423529411764707,277.4544438779521,13.904288874534833,0.7214573591504571,0.9468467362226789,0.006260722010404067,0.9357020674199085,0.9538213755953961,0.7221399066130266
12,0.3,0.5,0.35,16,81.96358939770451,0.547450980392157,269.8581310794029,13.378992583042377,0.7276512667424654,0.9481020428920973,0.0027819475758382017,0.9438692671321844,0.9563386239482966,0.727329038191395
12,0.3,0.5,0.35,17,82.96733641867591,0.5447058823529412,277.22998138474054,13.81277552828338,0.7216717873468956,0.9459611135841494,0.0072830719360919205,0.9322864875584937,0.9555921162274545,0.7207710829803636
12,0.3,0.5,0.35,18,82.9719606773867,0.5423529411764707,274.91588497623417,13.698443544008857,0.7223640783885311,0.946190086061425,0.008879988765463257,0.9338160839218699,0.9605367971438332,0.7214988492966404
12,0.3,0.5,0.35,19,85.7683076585539,0.5349019607843137,293.12810227131536,14.666882423685712,0.7040753786062155,0.9414031549228936,0.0018986319669197923,0.9387139661724122,0.9435919512199067,0.7043762808412638
12,0.3,0.5,0.45,0,85.81877847553238,0.58,385.511426546383,19.275571327319202,0.5326422539738185,0.8897926761921455,0.0,0.8897926761921455,0.8897926761921455,0.5326422539738185
12,0.3,0.5,0.45,1,83.06070085791919,0.5929411764705884,372.1231964628569,18.36722975140324,0.5328246435204498,0.8900743543899395,0.0031977883879315606,0.8861428620467866,0.8962683168080041,0.533202912410124
12,0.3,0.5,0.45,2,81.05546030909925,0.5972549019607843,348.34156069153977,17.50175095179913,0.5557962342811525,0.8965406923527992,0.0020252103938441144,0.892298580627149,0.8990789459029518,0.5554659377285748
12,0.3,0.5,0.45,3,81.52415759725834,0.5950980392156862,351.96816469448356,17.682229306199552,0.5537683291402932,0.896161122952007,0.005777672923967039,0.8877202684782549,0.9034336440582829,0.5538193694901585
12,0.3,0.5,0.45,4,79.17354536847442,0.6068627450980392,340.9292105146935,16.98343969968902,0.5541021914881843,0.8959509919272003,0.0027066219437295673,0.8915359178783111,0.9019445626655417,0.5536360822894261
12,0.3,0.5,0.45,5,84.1126371753395,0.5864705882352941,373.82616457353225,18.493286980542383,0.5375664476366264,0.8909335395108816,0.0038073532122960955,0.8840738073461368,0.8967957692160053,0.5370057896697827
12,0.3,0.5,0.45,6,80.54570749835554,0.600392156862745,347.59229152508607,17.416170431829535,0.5535546725389843,0.896263546559815,0.002184294929047841,0.8911070995763966,0.8995879502679154,0.5538832472025171
12,0.3,0.5,0.45,7,83.88625409339814,0.5833333333333334,361.8604196744961,18.304776325140104,0.5544214730603444,0.8962008570325902,0.0046582138978865355,0.8898965908009517,0.9032904820464427,0.5542121649178225
12,0.3,0.5,0.45,8,84.32330997841004,0.5788235294117647,360.47434833949177,18.45069823084495,0.5622263492185953,0.8993466419709851,0.012077671502102616,0.8781636800766159,0.912888419966294,0.5633575778942729
12,0.3,0.5,0.45,9,84.14727013526623,0.5827450980392157,364.1652842855433,18.409107697494086,0.553013415557443,0.8962308516393458,0.004203916596917264,0.889102573002736,0.9028984936403603,0.553558127177631
12,0.3,0.5,0.45,10,85.07715698339511,0.5803921568627451,374.3712974481934,18.73905387207946,0.544195732244487,0.8934733277618456,0.003477773523497904,0.8885971535491984,0.8980943551948846,0.5445534123919865
12,0.3,0.5,0.45,11,82.22107459083396,0.5943137254901961,360.74155493301413,17.937080217427216,0.5444797643204738,0.8934616052818076,0.002925351362599905,0.8885983221275534,0.8977552224585299,0.5446758909632496
12,0.3,0.5,0.45,12,81.88704542701078,0.5909803921568628,348.45126045078024,17.768145014256376,0.562880587050631,0.8991373619206794,0.008209596402711985,0.8850923166009782,0.9115801334074964,0.5633358967264479
12,0.3,0.5,0.45,13,79.6578385175917,0.6045098039215686,343.90807276612503,17.057809575764995,0.5523424572429588,0.895309472377886,0.005228197658771577,0.8859441248275044,0.9073117003328537,0.5516870159179558
12,0.3,0.5,0.45,14,78.07588824938645,0.6088235294117648,329.3781267391401,16.534892116933804,0.5655850658211516,0.8984604073615609,0.013024125901724321,0.8816391868379592,0.9189602246270574,0.5635598785131772
12,0.3,0.5,0.45,15,86.41054226508275,0.5764705882352941,386.64024795996454,19.2881643589762,0.53496398957694,0.8904683632387123,0.001321809524535527,0.8892018986598916,0.8925363857940759,0.5349292668529908
12,0.3,0.5,0.45,16,87.57951233870921,0.5700000000000002,389.36103788696954,19.468051894348523,0.5387865214362548,0.8916359564308763,0.0,0.8916359564308763,0.8916359564308763,0.5387865214362548
12,0.3,0.5,0.45,17,83.2149520339157,0.5868627450980393,358.9260615558209,17.966955090261813,0.554889905057938,0.8968065134667467,0.00438250226769959,0.8905644314420968,0.9043685098377912,0.5554558083068799
12,0.3,0.5,0.45,18,82.75838657641242,0.59,357.6844870623524,17.884224353117578,0.5530130170044284,0.8959039051013284,0.0,0.8959039051013284,0.8959039051013284,0.5530130170044284
12,0.3,0.5,0.45,19,83.17374016643322,0.589607843137255,365.6291694533015,18.23424083450753,0.5434326636345274,0.8928807638728639,0.004267242381733009,0.8853351291772567,0.8993333902945194,0.5431842716053702
12,0.3,0.5,0.55,0,90.31138854773074,0.58,488.6262272126267,24.4313113606314,0.4422382344545984,0.8626714703363796,0.0,0.8626714703363796,0.8626714703363796,0.4422382344545984
12,0.3,0.5,0.55,1,92.56744174987098,0.5700000000000002,503.19824169038765,25.15991208451945,0.4406419469656861,0.8621925840897058,0.0,0.8621925840897058,0.8621925840897058,0.4406419469656861
12,0.3,0.5,0.55,2,87.45045182511112,0.592549019607843,471.60579997129435,23.213374833581806,0.442321778757224,0.8632352007643707,0.006163130273055122,0.8560427782727255,0.8762280480755562,0.4432195573192297
12,0.3,0.5,0.55,3,87.67823131571492,0.5884313725490196,459.78505519574674,23.390489007938395,0.45662093762115136,0.8667064132726437,0.004841889466549702,0.8583366782935551,0.8740182230508975,0.456154490931649
12,0.3,0.5,0.55,4,86.09497811122931,0.5970588235294116,455.8138881312289,22.81083197642537,0.4509830458039599,0.8651491812768085,0.0024949542517345657,0.8611257490954973,0.8695881299240608,0.4507401583633274
12,0.3,0.5,0.55,5,92.57796573737181,0.568235294117647,497.019350328261,25.101253515244302,0.446729722498508,0.864112616122052,0.002839535810725738,0.8595910965890191,0.8678611294467882,0.4468858881193406
12,0.3,0.5,0.55,6,84.66887643881205,0.6037254901960785,447.28147175340376,22.260533354708688,0.45121180778908826,0.8653094746137121,0.0017451636140864866,0.8624564341687695,0.8672549127594605,0.4511216949173973
12,0.3,0.5,0.55,7,92.58779518958161,0.5700000000000002,503.7667378226542,25.188336891132792,0.4402414642172846,0.8620724392651853,0.0,0.8620724392651853,0.8620724392651853,0.4402414642172846
12,0.3,0.5,0.55,8,88.97461125488196,0.585686274509804,482.7691398390553,23.882013352029656,0.4404217119882374,0.8627464563936464,0.009135513983026118,0.8507461175978289,0.8798800742963062,0.44145494998352974
12,0.3,0.5,0.55,9,86.8272890133823,0.5935294117647057,459.78505571771603,22.935332192335494,0.4512147008284768,0.8653312623419149,0.004262497751766586,0.8592258387791905,0.8720731667575358,0.4511594543174298
12,0.3,0.5,0.55,10,95.04544644226105,0.5599999999999999,524.1082505743879,26.20541252871947,0.43487310443555516,0.8604619313306667,2.2425405839770103e-16,0.8604619313306665,0.8604619313306665,0.43487310443555516
12,0.3,0.5,0.55,11,88.28453796894846,0.5872549019607843,469.9000864743727,23.600252997757377,0.449606737872166,0.865183940601573,0.004819986851689713,0.8601853815728848,0.8739838123061145,0.4501099366053712
12,0.3,0.5,0.55,12,82.95000287015242,0.6098039215686275,429.8648764229212,21.649370141996314,0.4604808483829676,0.8682174573351059,0.0017635508242009712,0.8652665085622833,0.8710879952257284,0.4606028530833272
12,0.3,0.5,0.55,13,90.57664259140093,0.5766666666666668,484.7769101527736,24.32075424860589,0.4474928634481236,0.8648070218097059,0.006805977432210439,0.8536981447702952,0.8749184318919185,0.44842480140690505
12,0.3,0.5,0.55,14,78.31831209064784,0.63921568627451,441.3653475294991,20.07914286488555,0.4204164251491779,0.8555938725989675,0.006517089058578356,0.8444069774930437,0.8649413122459165,0.419531333572868
12,0.3,0.5,0.55,15,92.60090497783794,0.5700000000000002,504.10697772886675,25.16665355236661,0.4397743542113694,0.8619090808420034,0.00017164776288455778,0.8615372223241377,0.8621251110235774,0.43973564517569
12,0.3,0.5,0.55,16,91.7488814340942,0.5727450980392158,494.27819884495227,24.685741614412898,0.4444805537724337,0.8633298280694592,0.00119640703180011,0.8607950129438781,0.8646231023576227,0.4444566570019824
12,0.3,0.5,0.55,17,91.15879078308531,0.5731372549019608,483.1274849198132,24.281937837011945,0.4535101333742009,0.8661432578269149,0.006994664850357368,0.8567960513248462,0.8778505512395987,0.4536604963986252
12,0.3,0.5,0.55,18,87.94673477207317,0.5874509803921569,460.3694557438592,23.063406400554285,0.45704793270599925,0.8669942580633869,0.0013050586323277585,0.8658225239481473,0.8707686817586655,0.45684772979197774
12,0.3,0.5,0.55,19,85.65774648945758,0.6011764705882354,463.10555957153304,22.673217612003945,0.4411423887091493,0.8623465990094314,0.0038648018211470386,0.85596929260364,0.8670787191317164,0.4411488593702941
12,0.3,0.5,0.65,0,97.73825110663536,0.5598039215686275,610.6178290090721,30.532139953563156,0.3838491607842759,0.8451552214313671,0.00019023760535994856,0.8450609206995191,0.8462923663782256,0.38384994944441625
12,0.3,0.5,0.65,1,95.49151540624257,0.5700000000000002,597.0514780471983,29.852573902359868,0.3831066570550078,0.8449319971165024,0.0,0.8449319971165024,0.8449319971165024,0.3831066570550077
12,0.3,0.5,0.65,2,100.3585661819534,0.5492156862745098,636.5463945110873,31.940621824832604,0.37866071906381055,0.8435442797670921,0.0013842748222331852,0.8415644923375496,0.8465009813869392,0.37857082581039214
12,0.3,0.5,0.65,3,99.86037062843323,0.5519607843137256,636.5495783060021,31.712678759387227,0.37643744050756467,0.8429893573590824,0.001376848711799527,0.8409939661851815,0.8454929829615321,0.37653431585225333
12,0.3,0.5,0.65,4,97.88935540261056,0.5599999999999999,617.5333118557768,30.87666559278971,0.38012576663440717,0.8440377299903223,2.1194503573256674e-15,0.8440377299903197,0.8440377299903272,0.38012576663440767
12,0.3,0.5,0.65,5,97.98191763243209,0.5599999999999999,621.0283937026527,31.05141968513264,0.37834387567575906,0.8435031627027275,1.1212702919885052e-16,0.8435031627027276,0.8435031627027276,0.37834387567575906
12,0.3,0.5,0.65,6,95.54556638857866,0.5700000000000002,599.0524360898804,29.95262180449399,0.3820431274370419,0.8446129382311128,2.2425405839770103e-16,0.8446129382311126,0.8446129382311126,0.3820431274370419
12,0.3,0.5,0.65,7,97.04333837667797,0.5629411764705884,607.1838031014598,30.167523764428363,0.38311813495195424,0.8449467512150806,0.0014264619980695354,0.8431255200156242,0.8479928431946426,0.38313698616777814
12,0.3,0.5,0.65,8,98.58185450347158,0.5590196078431373,639.1352509178238,31.181118391703876,0.3695580057006024,0.8407966934397774,0.003193701277126693,0.8360068338713024,0.8457371821339281,0.3694401585832633
12,0.3,0.5,0.65,9,96.12216018276203,0.5686274509803921,612.2247159624767,30.311406338119607,0.3761897740129671,0.8428537110740411,0.0014336130842463998,0.840322132070843,0.8443336715490137,0.3761844054632187
12,0.3,0.5,0.65,10,98.35283999453709,0.5580392156862746,621.7815923768062,31.096618451497452,0.3794229461201948,0.8437911219245035,0.0005908831323056756,0.843361908388475,0.8451475181200252,0.3793633429342699
12,0.3,0.5,0.65,11,109.87666418276157,0.51,721.4870087275048,36.07435043637537,0.36737623210895565,0.8402128696326866,0.0,0.8402128696326866,0.8402128696326866,0.3673762321089557
12,0.3,0.5,0.65,12,106.63493968121041,0.5231372549019607,690.9639835806961,34.597234483622856,0.37172011799297816,0.8414424046135458,0.0008039110565396569,0.8398153939520923,0.8423402926224162,0.37159740001906544
12,0.3,0.5,0.65,13,98.58057606046623,0.5576470588235294,627.6374878893341,31.40136269045885,0.37673948961341513,0.8430275307870924,0.0007260248326511982,0.8423524053159216,0.8444725759776677,0.37674896278519493
12,0.3,0.5,0.65,14,100.33188122594068,0.55,639.8415800112372,31.99207900056182,0.3764558194777129,0.8429367458433138,1.1212702919885052e-16,0.8429367458433139,0.8429367458433139,0.3764558194777129
12,0.3,0.5,0.65,15,97.43024366806708,0.5615686274509805,612.5918103739488,30.611565865374235,0.38132485183790477,0.844394674703017,0.0018946043823428404,0.841457215280933,0.8471297261225652,0.3813202170906475
12,0.3,0.5,0.65,16,97.13930561324656,0.5631372549019606,612.375076963229,30.614579303248192,0.38032875431697954,0.8440976651332603,0.0014645489369081392,0.8414748504748644,0.8456743810313109,0.38032715238059034
12,0.3,0.5,0.65,17,99.10843805569436,0.5547058823529413,627.7730226600813,31.405992435678208,0.3788520590437301,0.8435671962075625,0.0009348152669994959,0.8422958596785511,0.8448348651352149,0.3787046898678026
12,0.3,0.5,0.65,18,95.55994460816949,0.5700000000000002,599.5865926103542,29.97932963051768,0.3817602156058868,0.8445280646817662,1.1212702919885052e-16,0.8445280646817661,0.8445280646817661,0.38176021560588674
12,0.3,0.5,0.65,19,97.21191662021683,0.5623529411764705,609.7565147344077,30.704871575686887,0.38264333933619205,0.8446562131319624,0.001291760254735277,0.8406733137179618,0.846372776145263,0.3824153582213667
13,0.3,0.25,0.35,0,81.90683838372603,0.5501960784313726,272.51286807410986,13.577965923579146,0.7206281440918932,0.9455302122627424,0.003421817522339313,0.940882013266511,0.9496905316909107,0.7189825666798293
13,0.3,0.25,0.35,1,85.36707871625603,0.5258823529411765,278.7072750731166,14.244302092104808,0.7381363643773247,0.9514938247196449,0.00743039031870485,0.9390409109456803,0.9600417659507248,0.7382686528934436
13,0.3,0.25,0.35,2,82.59447169857053,0.5419607843137255,270.0047009479814,13.609204350152927,0.7366518967750673,0.9500001593251328,0.003696573615128407,0.9388826973858396,0.9523549865283526,0.7341633725065989
13,0.3,0.25,0.35,3,83.37394386790595,0.5433333333333333,279.1549874697593,13.999710415955533,0.7180306695506453,0.9454758969851205,0.0030738552337333056,0.9397831557848975,0.9499623223407528,0.7181974098504625
13,0.3,0.25,0.35,4,81.97738602347482,0.5505882352941177,274.26527412498103,13.619746623128172,0.7162618003447205,0.9452442625175754,0.005287896638226035,0.9383972382485547,0.9546984490470084,0.7171761063801191
13,0.3,0.25,0.35,5,83.3528472784291,0.5433333333333334,278.7153145780769,13.998501843088011,0.718265435102278,0.9453497208255301,0.0022054372581947097,0.9413215372565645,0.9492466705153051,0.7179406608393955
13,0.3,0.25,0.35,6,85.32049159072626,0.5343137254901961,287.97203737573835,14.406277932654636,0.7125403932184429,0.9437766747571527,0.004652800396578011,0.9376778190931526,0.9497017915859299,0.7125767851974928
13,0.3,0.25,0.35,7,82.5922467851169,0.5431372549019607,271.1600038992771,13.57897565705756,0.7321966384128188,0.9497431695958571,0.004223255242171927,0.9440867660377537,0.9565137193582152,0.7324070835928477
13,0.3,0.25,0.35,8,83.29567177493911,0.5492156862745099,287.13507830655925,14.07959690845742,0.6964596153168205,0.9386246996578727,0.007231167904452894,0.9278271433284526,0.9491547408681429,0.6956766529738871
13,0.3,0.25,0.35,9,84.27277231931072,0.5388235294117646,283.11219637157944,14.21083612032285,0.7166442692323091,0.9452576798675463,0.0048372089915720475,0.9375527438208475,0.9516185503454923,0.7173052669769434
13,0.3,0.25,0.35,10,82.77832852495415,0.5466666666666667,277.6740228373815,13.85280455094557,0.7157375423606239,0.9446381415371551,0.0046316173602909735,0.937310171715367,0.9511121279406233,0.7155297394330435
13,0.3,0.25,0.35,11,82.89689149166038,0.542156862745098,273.37206407283327,13.744537057631181,0.7291396373604266,0.9475687318170729,0.003987327785472275,0.9394412545731134,0.9540898327629392,0.7262067388827889
13,0.3,0.25,0.35,12,83.01991198226865,0.5433333333333334,276.1033906496175,13.864983973514486,0.7229746326282139,0.9456312432881507,0.007694816660593577,0.9275943816721786,0.9521293119091372,0.7198217663774301
13,0.3,0.25,0.35,13,85.39589023481112,0.533921568627451,288.3349013262731,14.500693310461624,0.7127635872125326,0.9445071936112278,0.003966129769284671,0.9347492263752798,0.9480141396485816,0.7144588808312028
13,0.3,0.25,0.35,14,82.32750639161159,0.5490196078431373,275.4653274116374,13.737088934954965,0.717811014234972,0.9453006056351901,0.001248355691315695,0.9435355856807434,0.9483282054272459,0.7177042676467181
13,0.3,0.25,0.35,15,83.49254230582858,0.5435294117647058,280.5017508511294,14.068238747735696,0.7158269759481058,0.9450970217674889,0.002225798559990472,0.9426345536914255,0.9491304585221336,0.7166992984057484
13,0.3,0.25,0.35,16,82.74700537558041,0.5523529411764707,285.0483621438323,13.921607020012356,0.6959655723705452,0.9410926275087772,0.011785071315940285,0.9315138185715659,0.9683702609039271,0.701722961864579
13,0.3,0.25,0.35,17,82.17666118823338,0.5501960784313726,275.8253100866452,13.550040929236783,0.7146130347949771,0.9435899328436921,0.007435758104560206,0.9348774501819266,0.9557321909265648,0.7126280908079744
13,0.3,0.25,0.35,18,81.22592327977446,0.5556862745098041,273.2939898958204,13.404454369663888,0.7119548014252076,0.9435015476505484,0.0077517900918651714,0.9352410167439944,0.9582211241553568,0.7117425694826732
13,0.3,0.25,0.35,19,83.8099605694795,0.5362745098039218,275.2002990288652,13.953884459913978,0.7335678410976932,0.9489835993212092,0.004691168491765537,0.935153452594393,0.9534951191881706,0.7308509585774464
13,0.3,0.25,0.45,0,85.83787511220557,0.58,385.8756041847188,19.293780209235997,0.5322579756396629,0.889677392691899,1.1212702919885052e-16,0.8896773926918989,0.8896773926918989,0.5322579756396632
13,0.3,0.25,0.45,1,83.61321176181427,0.5847058823529413,360.75560529798395,18.323326006184747,0.5554500920685231,0.8955661591313159,0.0069224652823050925,0.8826112876133486,0.9045216344398769,0.5527779208454204
13,0.3,0.25,0.45,2,79.78086441200969,0.6041176470588235,343.77319124753427,17.195718920629968,0.5542034963276963,0.8963191351166518,0.0016531774500307991,0.8938115474452921,0.8982782454178327,0.5543487118735537
13,0.3,0.25,0.45,3,82.10386908440691,0.5931372549019607,356.6955211265721,17.866411924649775,0.5507851429663942,0.8946891366377977,0.005745460974659287,0.8888525570520572,0.9050698222362416,0.5494191273360928
13,0.3,0.25,0.45,4,80.85696770304959,0.6003921568627452,353.29067028828666,17.578745864278034,0.5463992721413262,0.8943013082454712,0.0023830535891797926,0.8905186762589213,0.8987390464143352,0.5473530886490094
13,0.3,0.25,0.45,5,82.52929055321246,0.5901960784313727,355.8639634989896,17.910543652108146,0.5549584282889062,0.895511017172374,0.00273641574128643,0.8926607156250818,0.9043748319812283,0.5525171500031618
13,0.3,0.25,0.45,6,79.8476468127246,0.6033333333333333,343.20152293900674,17.1507872184528,0.5554644643768427,0.8966284375356067,0.002059917664930987,0.8937832435384754,0.8996814729341217,0.5554372099332276
13,0.3,0.25,0.45,7,82.53205991679367,0.5907843137254902,357.3620595005932,17.947347453268577,0.5519662593341279,0.8958060999119709,0.0029362102225097267,0.890018191599434,0.8993385054487906,0.5525068146134597
13,0.3,0.25,0.45,8,83.81986308209358,0.5805882352941177,355.78397107072647,18.227109504116026,0.565880504220286,0.9004912607230079,0.01026116413527892,0.8847763074326378,0.9131313670116372,0.5676982778625913
13,0.3,0.25,0.45,9,81.77162479012637,0.5933333333333334,351.4999722427879,17.65189361838012,0.5562747379665981,0.8968211998256477,0.005875659087031866,0.8877728823993815,0.9059577851238579,0.5561216840557686
13,0.3,0.25,0.45,10,78.08851199492888,0.6127450980392157,340.94263775867034,16.597023985563226,0.5466932003115408,0.89131696060731,0.014139510546676405,0.8766412110526168,0.9170632286228131,0.5399657015961608
13,0.3,0.25,0.45,11,82.60919312639034,0.592156862745098,362.3080002368132,18.068014255347176,0.544991778391895,0.8931503194282024,0.0034961244474855904,0.8875104333670525,0.8990161827325706,0.5441237431684796
13,0.3,0.25,0.45,12,79.47404580858507,0.6054901960784314,343.25543204970546,17.08543510380121,0.5521097410664314,0.8956204115626923,0.0030997110375166385,0.8904597338754165,0.8995209962733627,0.5520784641733392
13,0.3,0.25,0.45,13,82.88369442639583,0.5864705882352942,353.3922244531383,18.003113525353022,0.561887623285449,0.8971263918446767,0.005179406781745948,0.885638037370603,0.9034380005734857,0.5582878854330537
13,0.3,0.25,0.45,14,76.91060569671508,0.6237254901960786,346.7444471069272,16.41859106896638,0.5266330322796019,0.8895159352326192,0.008477689493944285,0.8800657205582182,0.9117553908944295,0.5304480961514483
13,0.3,0.25,0.45,15,85.69727528411654,0.5809803921568628,387.4485753001108,19.1191719719404,0.529212533908935,0.8899491869650422,0.003493175908724586,0.8786367990784946,0.8927034426251875,0.5321761008898394
13,0.3,0.25,0.45,16,82.2918485371158,0.5923529411764706,357.488422954467,17.770714416307403,0.5501455120267983,0.8938230501971818,0.005856250065312798,0.8853738642117316,0.9014064497667629,0.5470940034996542
13,0.3,0.25,0.45,17,83.92449678280157,0.5829411764705883,360.9662561705456,18.00153010955709,0.5554077532121562,0.89646981743401,0.004189899171649879,0.8893654734647216,0.9010144811345727,0.5550264818880644
13,0.3,0.25,0.45,18,82.81366761846556,0.59,358.66168011220816,17.93308400561038,0.5518746990911118,0.8955624097273335,0.0,0.8955624097273335,0.8955624097273335,0.5518746990911115
13,0.3,0.25,0.45,19,80.9669021418726,0.6007843137254902,356.53235586994896,17.583551203649304,0.541968107334381,0.8927377602796446,0.0028723630724566116,0.8878471509352529,0.8971175283122597,0.5423364275327066
13,0.3,0.25,0.55,0,89.26480172494392,0.5849019607843138,483.7877189604481,23.976973473456695,0.44103646203030644,0.8628031480089039,0.002674294767889343,0.860368242811529,0.8688616980502794,0.4422669855298363
13,0.3,0.25,0.55,1,92.60272864205551,0.5700000000000002,504.1845054474262,25.20922527237139,0.43994762739290055,0.8619842882178702,0.0,0.8619842882178702,0.8619842882178702,0.4399476273929007
13,0.3,0.25,0.55,2,85.89205983157282,0.5982352941176471,456.68996733985256,22.590586498993943,0.4491236766159905,0.8640722447766398,0.004277416138485301,0.8592524047201225,0.8754496509206134,0.4474615310955971
13,0.3,0.25,0.55,3,88.3240592579413,0.5880392156862746,472.6065560493121,23.622110409537804,0.446765076319456,0.8641902894742323,0.0010788691428140974,0.8633034862775023,0.8665139326999209,0.4471669927654442
13,0.3,0.25,0.55,4,85.52759483674458,0.5992156862745098,450.77223838828576,22.595186505388398,0.4534014857558781,0.8658675313214558,0.0032397550542156493,0.8620100818101808,0.871255615783908,0.4530191997426088
13,0.3,0.25,0.55,5,85.39279906993357,0.6045098039215686,471.1427926093115,22.51576861788637,0.43083561372123513,0.8595130602565493,0.0040198145329192435,0.8538882681778338,0.8686001056940078,0.43149155407168155
13,0.3,0.25,0.55,6,84.84976384423322,0.6027450980392156,447.7768650997845,22.323383590510254,0.45192859225134824,0.865309218016729,0.001354670878540795,0.8629568613850417,0.8678793267985799,0.4512551931046595
13,0.3,0.25,0.55,7,92.47029961644535,0.5700000000000002,500.4991189002775,25.02495594501395,0.44255335600184503,0.8627660068005537,1.1212702919885052e-16,0.8627660068005536,0.8627660068005536,0.4425533560018451
13,0.3,0.25,0.55,8,87.2562808095066,0.5919607843137256,466.23747026232064,23.192695744760385,0.44828778380077094,0.8638507860433878,0.008097111953693248,0.8526091907732912,0.8744798253542442,0.4466989110586623
13,0.3,0.25,0.55,9,90.38440243330962,0.58,490.65135450016004,24.53256772500803,0.44076898859729713,0.8622306965791892,1.1212702919885052e-16,0.862230696579189,0.862230696579189,0.4407689885972972
13,0.3,0.25,0.55,10,91.15863787590044,0.574313725490196,487.7081914504047,24.545376503597833,0.448174279752484,0.8645090031498501,0.0035545187726681677,0.8597008517467959,0.8694560911535939,0.44831607781274657
13,0.3,0.25,0.55,11,86.70917851489466,0.5950980392156864,462.94837746221475,23.04637015635742,0.4473901858650688,0.8645449346285896,0.002990693400295973,0.8604518590930832,0.8694205232030848,0.4482098830377413
13,0.3,0.25,0.55,12,83.02940228017492,0.6092156862745097,429.7756858262378,21.64703765235696,0.4608814801778229,0.8679684392085754,0.0019467581082185847,0.8653446690614268,0.8719838625880119,0.46014146806589423
13,0.3,0.25,0.55,13,89.1282193777281,0.5801960784313726,462.15020951779076,23.75517186058615,0.4631132159808921,0.868453413761302,0.006625017057768912,0.8578177729759332,0.8777751982193503,0.4619118383984783
13,0.3,0.25,0.55,14,81.17396027666818,0.616078431372549,414.82372917438033,20.865624775429154,0.4674283334792193,0.867899844803361,0.009965310713922728,0.855452318166728,0.8863302089339452,0.4616066953782075
13,0.3,0.25,0.55,15,90.18569485075933,0.58,485.1713047521033,24.258565237605143,0.44476754709287175,0.8634302641278615,1.1212702919885052e-16,0.8634302641278614,0.8634302641278614,0.44476754709287164
13,0.3,0.25,0.55,16,93.7418928599812,0.5645098039215687,510.77052274108377,25.551321560368553,0.4400955761322119,0.8620949957271853,0.0010077265552880953,0.8603726617076877,0.8636494533781006,0.4402613833510159
13,0.3,0.25,0.55,17,91.85746028419781,0.5696078431372549,484.7153392159253,24.451180789667116,0.45559163973318506,0.8668401442728207,0.002638022471646358,0.8620526908250052,0.8728386796891661,0.45599827061534876
13,0.3,0.25,0.55,18,88.24153715645923,0.5866666666666667,464.856482538687,23.197731863258497,0.45374702782358695,0.8660623865454957,0.0017954153987364107,0.8643762647255923,0.8704891752431626,0.45359272331963585
13,0.3,0.25,0.55,19,88.50483981679987,0.5870588235294117,473.14828797039394,23.65171675768376,0.4472723185612561,0.8642475530802042,0.0011961788908744562,0.8629550404219077,0.8662943623615904,0.447436962340825
13,0.3,0.25,0.65,0,97.69531567652525,0.5599999999999999,610.3118234848242,30.51559117424128,0.3838611739835681,0.8451583521950704,0.0,0.8451583521950704,0.8451583521950704,0.38386117398356817
13,0.3,0.25,0.65,1,95.49151540624254,0.5700000000000002,597.0514780471975,29.852573902359854,0.38310665705500807,0.8449319971165024,0.0,0.8449319971165024,0.8449319971165024,0.3831066570550079
13,0.3,0.25,0.65,2,100.25094332240072,0.55,636.7456149634156,31.83728074817089,0.3779810472990845,0.8433943141897253,1.1212702919885052e-16,0.8433943141897254,0.8433943141897254,0.37798104729908466
13,0.3,0.25,0.65,3,99.35623526197337,0.5529411764705883,625.0702691000715,31.466883783984034,0.3817159613577573,0.8441010065205558,0.0014162010266698189,0.8424397465650542,0.8476077007259928,0.3806815066408281
13,0.3,0.25,0.65,4,97.85535410968043,0.5599999999999999,616.257662859087,30.812883142954444,0.380780316514757,0.8442340949544275,2.2425405839770103e-16,0.8442340949544272,0.8442340949544272,0.38078031651475736
13,0.3,0.25,0.65,5,97.98191763243209,0.5599999999999999,621.0283937026527,31.05141968513263,0.37834387567575906,0.8435031627027275,1.1212702919885052e-16,0.8435031627027276,0.8435031627027276,0.3783438756757589
13,0.3,0.25,0.65,6,104.89448909557,0.5300000000000001,672.2704967790995,33.613558454148446,0.37547197101455737,0.842641614127884,8.40287488481386e-08,0.8426415106426299,0.842641799662594,0.37547202807334934
13,0.3,0.25,0.65,7,96.93256424713752,0.5625490196078431,600.0118623228825,30.05885014677876,0.3870872063456794,0.8460052275857805,0.0007424842499282826,0.8447029647584439,0.8466975245433759,0.38678487055087135
13,0.3,0.25,0.65,8,99.13709578560818,0.553921568627451,625.0217551338059,31.31970227438783,0.3810032264314288,0.8444049661871258,0.003594943055530841,0.8402026426589082,0.8499560134793956,0.3812632220756718
13,0.3,0.25,0.65,9,95.59226410725951,0.5700000000000002,600.7901694269872,30.039508471349336,0.3811242836943011,0.8443372851082902,2.2425405839770103e-16,0.8443372851082904,0.8443372851082904,0.38112428369430107
13,0.3,0.25,0.65,10,98.78732064552584,0.5560784313725492,624.7057062532258,31.278663656323413,0.37943476794224623,0.843842840432172,0.0009421127287011272,0.8428336655340811,0.8451608956825758,0.37946579306599176
13,0.3,0.25,0.65,11,97.85127919278352,0.5598039215686275,617.1169321776966,30.7680199800865,0.3799993084669246,0.8442493193325198,0.0025466724386945003,0.8411555517920256,0.8487200978873503,0.3806231254480307
13,0.3,0.25,0.65,12,97.52419312229408,0.5658823529411765,648.4234352969432,30.85803165481234,0.35953004962385876,0.8384552648315833,0.004920935852871888,0.8307319172286494,0.843476188902956,0.3610206744849231
13,0.3,0.25,0.65,13,97.15908528064656,0.5637254901960785,616.8513051203058,30.760900127394606,0.37747647098003106,0.8431014908267205,0.000948285411802954,0.8414964248205626,0.8441416966881045,0.3771228448118092
13,0.3,0.25,0.65,14,100.33188122594068,0.55,639.8415800112372,31.99207900056182,0.3764558194777129,0.8429367458433137,1.1212702919885052e-16,0.8429367458433138,0.8429367458433138,0.37645581947771284
13,0.3,0.25,0.65,15,96.69490217148434,0.5647058823529412,606.2914129453595,30.274354395797346,0.3822305892618484,0.8444536075613441,0.0011343317605900219,0.8430541607212755,0.8459522797906732,0.3816916662188228
13,0.3,0.25,0.65,16,97.00746023248644,0.5637254901960783,611.6417173427512,30.51638726828481,0.37999884809348017,0.8439522026744213,0.0011023580917774247,0.8419564100243775,0.8454912676235031,0.37988021870942335
13,0.3,0.25,0.65,17,99.17121495282986,0.5547058823529412,629.6139567837317,31.440828339455525,0.3780380862610098,0.8434723455768415,0.000825130349397235,0.8422942719449594,0.8445234300510679,0.3781903855073556
13,0.3,0.25,0.65,18,94.79875777208166,0.5727450980392157,591.1281484586793,29.518326109963954,0.38385237920118037,0.8452949995368656,0.0012233258902563918,0.8427448522432991,0.8469715027069158,0.38420059364245973
13,0.3,0.25,0.65,19,96.0614909228119,0.5678431372549021,604.0084278946521,30.245264989867024,0.3811108315602037,0.844371169717524,0.0005914060674768863,0.8438243252530517,0.8457473498473471,0.38120563218386155
14,0.3,0.0,0.35,0,81.82999982923927,0.5729411764705882,306.85248246130413,15.119145539583466,0.6394627705627048,1.0,0.0,1.0,1.0,0.9
14,0.3,0.0,0.35,1,84.64382685317553,0.5498039215686275,303.29727968207936,15.438955531531624,0.670191770918238,1.0,0.0,1.0,1.0,0.9
14,0.3,0.0,0.35,2,81.00976589657307,0.5701960784313725,292.16250172748556,14.587091576385491,0.6643173218334603,1.0,0.0,1.0,1.0,0.9
14,0.3,0.0,0.35,3,84.16139694143462,0.553921568627451,304.27547829638326,15.424235560985244,0.6654965635951229,1.0,0.0,1.0,1.0,0.9
14,0.3,0.0,0.35,4,81.32576013371798,0.5694117647058824,294.68091248498166,14.696269820613956,0.6611464554533002,1.0,0.0,1.0,1.0,0.9
14,0.3,0.0,0.35,5,79.73659155994774,0.5772549019607843,288.059366469791,14.348604589455158,0.662462342434298,1.0,0.0,1.0,1.0,0.9
14,0.3,0.0,0.35,6,87.06933269506538,0.531372549019608,305.5811790756865,15.76038716178233,0.6889982252028021,1.0,0.0,1.0,1.0,0.9
14,0.3,0.0,0.35,7,83.2124080872078,0.5599999999999999,301.12336766752185,15.056168383370965,0.6626677902255039,1.0,0.0,1.0,1.0,0.9
14,0.3,0.0,0.35,8,83.57903840220142,0.5588235294117648,304.48996168494705,15.26087369386968,0.6586742217503501,1.0,0.0,1.0,1.0,0.9
14,0.3,0.0,0.35,9,82.7577798981644,0.5547058823529413,290.11102283307974,14.757023476390488,0.6891014763207505,1.0,0.0,1.0,1.0,0.9
14,0.3,0.0,0.35,10,84.26264277224112,0.5580392156862747,312.04140986477927,15.578680642058316,0.6477540765357654,1.0,0.0,1.0,1.0,0.9
14,0.3,0.0,0.35,11,79.22277615863321,0.5843137254901961,292.884803891906,14.36383301932759,0.6464903613990804,1.0,0.0,1.0,1.0,0.9
14,0.3,0.0,0.35,12,80.34159032795986,0.5733333333333334,289.23830412741034,14.434483186422934,0.6651752821218758,1.0,0.0,1.0,1.0,0.9
14,0.3,0.0,0.35,13,83.39556377669919,0.5547058823529413,297.2156482659041,15.078558255090606,0.6740900912442856,1.0,0.0,1.0,1.0,0.9
14,0.3,0.0,0.35,14,84.86964336955745,0.5566666666666668,317.4397607602614,15.815914721705063,0.6413058803461197,1.0,0.0,1.0,1.0,0.9
14,0.3,0.0,0.35,15,81.41134675208986,0.5698039215686276,295.0730036756545,14.73306296466467,0.6607692952702153,1.0,0.0,1.0,1.0,0.9
14,0.3,0.0,0.35,16,81.9393882074038,0.5649019607843137,294.3491764514657,14.691452327222278,0.666965721761226,1.0,0.0,1.0,1.0,0.9
14,0.3,0.0,0.35,17,83.82607264819946,0.5541176470588236,300.4629806089584,15.045669630614034,0.6703973204538141,1.0,0.0,1.0,1.0,0.9
14,0.3,0.0,0.35,18,79.6994912507924,0.5758823529411765,285.0203030860973,14.083913952973862,0.6683861076365077,1.0,0.0,1.0,1.0,0.9
14,0.3,0.0,0.35,19,81.32005037755249,0.5686274509803922,292.77665694106815,14.641390823488544,0.6650602338066804,1.0,0.0,1.0,1.0,0.9
14,0.3,0.0,0.45,0,87.36106032674583,0.5876470588235294,446.1308822702036,22.244862131056713,0.46787799740521263,1.0,0.0,1.0,1.0,0.9
14,0.3,0.0,0.45,1,90.5374528641424,0.5737254901960785,466.95941183274175,23.322501632648688,0.46421785143861916,1.0,0.0,1.0,1.0,0.9
14,0.3,0.0,0.45,2,85.70896601617464,0.5925490196078431,427.77111168133735,21.343081450438905,0.4787996845808017,1.0,0.0,1.0,1.0,0.9
14,0.3,0.0,0.45,3,86.19618695798077,0.5845098039215687,410.47480840503954,21.364275418305823,0.5035128671382385,1.0,0.0,1.0,1.0,0.9
14,0.3,0.0,0.45,4,84.0980568136886,0.6003921568627452,419.5758372229343,20.921101672624683,0.4785243306407186,1.0,0.0,1.0,1.0,0.9
14,0.3,0.0,0.45,5,87.04381905811319,0.5878431372549019,440.88639202930545,21.89350973412068,0.4715162728646905,1.0,0.0,1.0,1.0,0.9
14,0.3,0.0,0.45,6,82.98411118982779,0.6049019607843138,410.81464766901826,20.45737743029576,0.4815257764844187,1.0,0.0,1.0,1.0,0.9
14,0.3,0.0,0.45,7,89.0311666622726,0.58,455.1838327756935,22.759191638784742,0.46799991919062944,1.0,0.0,1.0,1.0,0.9
14,0.3,0.0,0.45,8,86.24360665947343,0.5901960784313727,431.76820303044593,21.577149629427648,0.4777251150993912,1.0,0.0,1.0,1.0,0.9
14,0.3,0.0,0.45,9,86.80131239277068,0.585686274509804,426.9068240722497,21.66887120927508,0.4879258714124548,1.0,0.0,1.0,1.0,0.9
14,0.3,0.0,0.45,10,91.48808871210935,0.5700000000000002,474.46297428742383,23.72314871437126,0.46187974643365315,1.0,0.0,1.0,1.0,0.9
14,0.3,0.0,0.45,11,85.15444384971747,0.5956862745098039,425.8724716947785,21.27441566575772,0.47770905425067034,1.0,0.0,1.0,1.0,0.9
14,0.3,0.0,0.45,12,82.18466967923577,0.6076470588235294,403.488050032077,20.157256157902594,0.48606866858259534,1.0,0.0,1.0,1.0,0.9
14,0.3,0.0,0.45,13,83.17200194860308,0.6031372549019608,410.1966058879931,20.416885158899273,0.48395983781449287,1.0,0.0,1.0,1.0,0.9
14,0.3,0.0,0.45,14,91.41042249966242,0.5700000000000002,472.4968715010554,23.624843575513605,0.46340793914509804,1.0,0.0,1.0,1.0,0.9
14,0.3,0.0,0.45,15,91.73114806600498,0.5684313725490197,474.33988992689837,23.672685223127345,0.4630781400945056,1.0,0.0,1.0,1.0,0.9
14,0.3,0.0,0.45,16,91.01051701136757,0.5700000000000002,462.575208843556,23.12876044217777,0.47127664592537466,1.0,0.0,1.0,1.0,0.9
14,0.3,0.0,0.45,17,86.06243300864706,0.5870588235294119,416.2523846017928,20.95448597721814,0.4958192964286895,1.0,0.0,1.0,1.0,0.9
14,0.3,0.0,0.45,18,86.9055159282861,0.5864705882352942,430.8316083866892,21.492942975582313,0.48224354570502054,1.0,0.0,1.0,1.0,0.9
14,0.3,0.0,0.45,19,85.66801494084127,0.5909803921568628,421.6266630104289,21.34248173886224,0.48659594203622575,1.0,0.0,1.0,1.0,0.9
14,0.3,0.0,0.55,0,98.05124312077314,0.5584313725490196,613.1935307959062,30.690265586778505,0.3835795997030946,1.0,0.0,1.0,1.0,0.9
14,0.3,0.0,0.55,1,95.51516472912742,0.5700000000000002,597.9256032128708,29.896280160643524,0.38264132313792043,1.0,0.0,1.0,1.0,0.9
14,0.3,0.0,0.55,2,101.62183766159305,0.5445098039215686,651.3607630144886,32.58568585694858,0.37490472500866595,1.0,0.0,1.0,1.0,0.9
14,0.3,0.0,0.55,3,98.4906860279138,0.5578431372549021,626.1807705913616,31.21309604976384,0.37722276228614143,1.0,0.0,1.0,1.0,0.9
14,0.3,0.0,0.55,4,97.94462298946068,0.5599999999999999,619.6162228089778,30.98081114044895,0.37906182496506324,1.0,0.0,1.0,1.0,0.9
14,0.3,0.0,0.55,5,98.0329816159903,0.5599999999999999,622.9706596405716,31.148532982028655,0.37736085645949297,1.0,0.0,1.0,1.0,0.9
14,0.3,0.0,0.55,6,104.98578584338732,0.5300000000000001,675.8274715223918,33.79137357611971,0.3738208733220098,1.0,0.0,1.0,1.0,0.9
14,0.3,0.0,0.55,7,99.10880576836736,0.5531372549019608,618.0857765593206,31.048581609772565,0.3854383175900054,1.0,0.0,1.0,1.0,0.9
14,0.3,0.0,0.55,8,98.34777847660928,0.5576470588235294,618.8828121741635,30.91697072814247,0.3811080424358455,1.0,0.0,1.0,1.0,0.9
14,0.3,0.0,0.55,9,95.61134570696038,0.5700000000000002,601.5026549881081,30.075132749405363,0.380748826199119,1.0,0.0,1.0,1.0,0.9
14,0.3,0.0,0.55,10,98.81747096839786,0.556078431372549,625.8145006883965,31.349367019126525,0.37887988231067965,1.0,0.0,1.0,1.0,0.9
14,0.3,0.0,0.55,11,98.21597410308314,0.5564705882352942,608.2960542870564,30.883523241734203,0.3883729265023175,1.0,0.0,1.0,1.0,0.9
14,0.3,0.0,0.55,12,106.70980119812128,0.5229411764705884,693.463399828606,34.71680064641351,0.3707578859446635,1.0,0.0,1.0,1.0,0.9
14,0.3,0.0,0.55,13,100.38193612512907,0.55,641.768821963122,32.088441098156096,0.37551256395095745,1.0,0.0,1.0,1.0,0.9
14,0.3,0.0,0.55,14,100.39446472399223,0.55,642.2527210856884,32.11263605428442,0.37527646977612533,1.0,0.0,1.0,1.0,0.9
14,0.3,0.0,0.55,15,96.91463706821693,0.5635294117647058,606.4956557221806,30.404674160453766,0.38332755513256006,1.0,0.0,1.0,1.0,0.9
14,0.3,0.0,0.55,16,98.12760244439129,0.5599999999999999,626.5965279167079,31.329826395835376,0.37553933596509026,1.0,0.0,1.0,1.0,0.9
14,0.3,0.0,0.55,17,101.06399858333093,0.5454901960784314,637.3086070488172,32.114708271427745,0.38078176187359225,1.0,0.0,1.0,1.0,0.9
14,0.3,0.0,0.55,18,97.69131609893526,0.5598039215686275,610.806804105397,30.797589227593793,0.38349022788593634,1.0,0.0,1.0,1.0,0.9
14,0.3,0.0,0.55,19,94.15291025336933,0.5760784313725489,589.5471830050882,29.33107761734659,0.38205457358304346,1.0,0.0,1.0,1.0,0.9
14,0.3,0.0,0.65,0,119.9274802845376,0.4794117647058823,918.2547761340747,45.730383572235596,0.3162863584046236,1.0,0.0,1.0,1.0,0.9
14,0.3,0.0,0.65,1,112.50423602478354,0.51,843.6712258047378,42.18356129023686,0.3216842091223851,1.0,0.0,1.0,1.0,0.9
14,0.3,0.0,0.65,2,121.2841090630816,0.47254901960784307,919.6109007665068,46.08183217131164,0.31976884211627477,1.0,0.0,1.0,1.0,0.9
14,0.3,0.0,0.65,3,120.64534494680669,0.47686274509803916,930.919468470108,46.17607062705894,0.3139779018504298,1.0,0.0,1.0,1.0,0.9
14,0.3,0.0,0.65,4,117.26124684557595,0.49,886.9450452548539,44.34725226274263,0.3197456926848591,1.0,0.0,1.0,1.0,0.9
14,0.3,0.0,0.65,5,124.55838617645432,0.46,961.1330704803646,48.056653524018365,0.31470537217378497,1.0,0.0,1.0,1.0,0.9
14,0.3,0.0,0.65,6,114.8697507071429,0.5,864.5940251097984,43.229701255489864,0.32090593978960774,1.0,0.0,1.0,1.0,0.9
14,0.3,0.0,0.65,7,112.40553166973008,0.51,838.4572737980994,41.9228636899049,0.3234006233371563,1.0,0.0,1.0,1.0,0.9
14,0.3,0.0,0.65,8,114.85077815056353,0.5,863.5800339750439,43.17900169875218,0.3212296734976596,1.0,0.0,1.0,1.0,0.9
14,0.3,0.0,0.65,9,122.18806022469624,0.46999999999999986,939.7648732653548,46.988243663267866,0.3152978940993632,1.0,0.0,1.0,1.0,0.9
14,0.3,0.0,0.65,10,124.51638437557735,0.46,958.7763808868715,47.93881904434372,0.3153725423413578,1.0,0.0,1.0,1.0,0.9
14,0.3,0.0,0.65,11,126.92160276771652,0.45,982.1221572765883,49.10610786382955,0.3142698635268309,1.0,0.0,1.0,1.0,0.9
14,0.3,0.0,0.65,12,133.4508327138311,0.4227450980392158,1045.0715258155983,52.25008465669583,0.31180855766212484,1.0,0.0,1.0,1.0,0.9
14,0.3,0.0,0.65,13,124.64369270759623,0.46,965.9504456482837,48.29752228241434,0.31335033568752374,1.0,0.0,1.0,1.0,0.9
14,0.3,0.0,0.65,14,124.10346483074689,0.46098039215686265,948.8588176274666,47.62288660077027,0.31783963045510727,1.0,0.0,1.0,1.0,0.9
14,0.3,0.0,0.65,15,125.25815014066177,0.45666666666666667,964.1281044733776,48.22500743974455,0.3156599572462135,1.0,0.0,1.0,1.0,0.9
14,0.3,0.0,0.65,16,123.04822993131116,0.46568627450980393,941.4217902285815,47.071654796518075,0.3172155703199049,1.0,0.0,1.0,1.0,0.9
14,0.3,0.0,0.65,17,124.59193851781949,0.46,963.0228586744108,48.151142933720685,0.31417241594944084,1.0,0.0,1.0,1.0,0.9
14,0.3,0.0,0.65,18,127.96759623392649,0.44352941176470584,971.8776867322414,49.36605215820858,0.3211294463479508,1.0,0.0,1.0,1.0,0.9
14,0.3,0.0,0.65,19,122.10005234583173,0.46999999999999986,934.8706837584896,46.743534187924425,0.31672023911171127,1.0,0.0,1.0,1.0,0.9
15,0.5,1.0,0.35,0,85.25473439559288,0.5241176470588236,274.60089127591556,13.74753441143562,0.7478806587128507,0.9241963541611381,0.008039607596539457,0.9063769899596119,0.933820719904055,0.7478806587128507
15,0.5,1.0,0.35,1,85.08927221822452,0.5213725490196078,270.3687573684554,13.653757325481324,0.7588133156919977,0.9293331133388406,0.014696686016567444,0.9060684188060228,0.9507294141522061,0.7588133156919977
15,0.5,1.0,0.35,2,84.58592043129718,0.5284313725490196,272.7765373178501,13.63358087109717,0.7471855152505749,0.9235986263555812,0.00600144611889525,0.9155500877863526,0.936896991707121,0.7471855152505749
15,0.5,1.0,0.35,3,83.4702876791378,0.5329411764705881,268.2149371439035,13.380322621877442,0.7488242925220971,0.9243615098490565,0.017397218858516063,0.8984770581055701,0.9510735383791327,0.7488242925220971
15,0.5,1.0,0.35,4,85.72412825143581,0.5219607843137255,276.3297215015352,13.921001098831216,0.7478095524027791,0.9238871670701824,0.004911496364189078,0.9178542407421194,0.9337840592437404,0.7478095524027791
15,0.5,1.0,0.35,5,83.86569313597396,0.5370588235294118,276.58196842763334,13.586416502399993,0.7294528622073787,0.9145906074444005,0.012148568066354094,0.894931228809382,0.9388318968225728,0.7294528622073787
15,0.5,1.0,0.35,6,85.46580755189679,0.5254901960784314,277.67793214718296,13.876386984958188,0.7409502139991321,0.9203664874368392,0.002802410810167286,0.9134272566815154,0.9237327165743233,0.7409502139991321
15,0.5,1.0,0.35,7,84.57792858180414,0.523529411764706,267.75522698783453,13.545500501695615,0.7615624072333712,0.9305765091582338,0.005565439441938572,0.9174964856909258,0.9391038231185009,0.7615624072333712
15,0.5,1.0,0.35,8,83.4321162854177,0.5354901960784313,269.6226719515517,13.461592295381976,0.7446728759878859,0.9223283764730581,0.004478452526433663,0.9129099861018496,0.9267849933869081,0.7446728759878859
15,0.5,1.0,0.35,9,83.54524544156975,0.5266666666666668,262.35686848063773,13.242988502140493,0.7694437287788792,0.9338048915782312,0.023184417189520492,0.8845068423516784,0.9577899792258036,0.7694437287788792
15,0.5,1.0,0.35,10,85.48069484843856,0.515686274509804,268.73140716181405,13.686971128244574,0.7684299673219538,0.9350178719623753,0.019871774509276817,0.8950618968298073,0.9543665709713522,0.7684299673219538
15,0.5,1.0,0.35,11,81.45121485712286,0.5443137254901961,262.9875226217139,12.931280555367099,0.7446500718257898,0.9216416428004303,0.02433228589086017,0.8927154780776305,0.9724395820868704,0.7446500718257898
15,0.5,1.0,0.35,12,84.63827155884715,0.5237254901960785,269.14514009140714,13.59802885972868,0.7583265287355998,0.9290332493411356,0.018905626643281083,0.9042907063148778,0.9609740817013568,0.7583265287355998
15,0.5,1.0,0.35,13,84.85536871844039,0.5272549019607845,273.9811319918048,13.743433191208693,0.7453878081220865,0.922243409397374,0.0054279455014964485,0.9081902480879549,0.9331044442507144,0.7453878081220865
15,0.5,1.0,0.35,14,84.27197570217442,0.5319607843137254,273.72482144913454,13.67153658956016,0.7405414769224842,0.9203543275801003,0.004833237888696451,0.9150769274729867,0.9317807179265719,0.7405414769224842
15,0.5,1.0,0.35,15,84.72321096327283,0.5235294117647059,269.43154988823153,13.636328874911653,0.758244543987196,0.9290258780707991,0.015395607300226755,0.9011233842604973,0.9546611615193058,0.758244543987196
15,0.5,1.0,0.35,16,83.68975956890476,0.5270588235294118,264.142891977621,13.260417429276004,0.7634494598468788,0.9317647416088264,0.017928884423522883,0.9061559868373242,0.9595460866422642,0.7634494598468788
15,0.5,1.0,0.35,17,84.89171860219588,0.5301960784313725,277.92005256153425,13.779038677744392,0.7342060275620006,0.9172089810148462,0.007289496752800033,0.9057331954622031,0.9258042832053983,0.7342060275620006
15,0.5,1.0,0.35,18,87.02909668626677,0.5025490196078433,268.87280378023814,13.913914903937414,0.7856263855334028,0.942265540887809,0.022546291468305255,0.8967117036645996,0.9742749571336896,0.7856263855334028
15,0.5,1.0,0.35,19,84.78151868730372,0.5272549019607843,273.3789644050017,13.634294265622403,0.7459493061348849,0.9225788958559962,0.004625928106398663,0.9144523944810823,0.9290003321645022,0.7459493061348849
15,0.5,1.0,0.45,0,83.60829561599263,0.5774509803921569,341.10221716389094,17.05645458817815,0.5869092324735593,0.8434596119116833,0.004025843436590596,0.8401008913832362,0.8606303251517338,0.5869092324735593
15,0.5,1.0,0.45,1,84.67132373076959,0.573529411764706,349.35935533137337,17.432834680097358,0.5803681395235185,0.8400339129445078,0.005280484621916928,0.8292386054328503,0.8509185800981663,0.5803681395235185
15,0.5,1.0,0.45,2,80.38835628036442,0.594313725490196,330.44804823809596,16.198148284383738,0.5797876359019039,0.8396545198148601,0.011440375140612972,0.8244343329581447,0.8638383261265756,0.5797876359019039
15,0.5,1.0,0.45,3,80.72739631937445,0.5854901960784314,317.11560663935774,16.25144665483726,0.6096618834714649,0.8541940640774047,0.01297753479089006,0.8396765481890212,0.8810561618816903,0.6096618834714649
15,0.5,1.0,0.45,4,81.31885121681766,0.587843137254902,330.3511807612471,16.49644872856518,0.5886041607774755,0.8445216693598048,0.008920251432105852,0.829504873380311,0.8616498060535145,0.5886041607774755
15,0.5,1.0,0.45,5,82.72084089160919,0.5805882352941177,335.686901232432,16.7999831476145,0.589636494064391,0.845349914887486,0.008892979319356153,0.8308387662813438,0.8643542224189883,0.589636494064391
15,0.5,1.0,0.45,6,79.01304543248428,0.5988235294117646,318.6515582544027,15.864624314078664,0.591757543474721,0.845936109362324,0.0057761375472103575,0.8364468114726007,0.8536420719845186,0.591757543474721
15,0.5,1.0,0.45,7,82.37741017478875,0.583921568627451,336.6266982569773,16.82019390876376,0.5852634003043061,0.8426234490483074,0.003216439673300596,0.838042943486864,0.8460835735857364,0.5852634003043061
15,0.5,1.0,0.45,8,83.41701746353158,0.5774509803921569,341.0054325734654,17.05836246178754,0.5860023226400635,0.8433396256178634,0.019052642794359285,0.8119133384286895,0.8683763468524923,0.5860023226400635
15,0.5,1.0,0.45,9,81.0496063186635,0.5864705882352942,324.1778421069081,16.347200453000365,0.5983661964494917,0.8492935450187541,0.015379869528269972,0.8260845415854104,0.8731594053767273,0.5983661964494917
15,0.5,1.0,0.45,10,82.27732180169565,0.5843137254901961,336.35130406905364,16.713395285492542,0.5847343662664614,0.8421659142139538,0.0057091804567852575,0.8326656059344861,0.852148819820837,0.5847343662664614
15,0.5,1.0,0.45,11,81.95989488484759,0.5835294117647059,330.45045142139634,16.666529046074412,0.5935596286514854,0.846780800267035,0.007734515386322941,0.834074091017691,0.8659565214032868,0.5935596286514854
15,0.5,1.0,0.45,12,79.18766742696633,0.5933333333333334,310.5310909434463,15.86215189641954,0.6099198287655432,0.8547466127036595,0.0121187537453119,0.842336356521845,0.8806333717606526,0.6099198287655432
15,0.5,1.0,0.45,13,81.41354419570577,0.5850980392156864,326.62849940888043,16.45909746187604,0.5971555635186097,0.848091507446403,0.010982920523870008,0.8240239666933658,0.8674327083389777,0.5971555635186097
15,0.5,1.0,0.45,14,76.76153512063443,0.6184313725490197,329.440918600912,15.224108478011495,0.5539894420848835,0.8263978514634002,0.01257799631449814,0.8019246493768971,0.8499818350368227,0.5539894420848835
15,0.5,1.0,0.45,15,84.83130506566339,0.5731372549019609,350.2906810526497,17.507340643800642,0.5798022515837498,0.839792117711955,0.0024497821213102407,0.835702511414042,0.8421981095163591,0.5798022515837498
15,0.5,1.0,0.45,16,84.93597007718995,0.5721568627450981,349.70014018401486,17.520569181409293,0.5818169659776462,0.8408022356396435,0.0027918249477290507,0.8349251969888094,0.8436195708305055,0.5818169659776462
15,0.5,1.0,0.45,17,83.35669266374111,0.5768627450980394,335.9292305118116,16.799407242739555,0.5942092068591215,0.8471097408613641,0.0037300731450807334,0.8436047192077176,0.8601754825893753,0.5942092068591215
15,0.5,1.0,0.45,18,81.14760044636755,0.5864705882352941,323.6735863759488,16.23487226048274,0.6000487444943019,0.8496343506287075,0.004190585704700727,0.8464086416701411,0.8670362362299177,0.6000487444943019
15,0.5,1.0,0.45,19,78.95376605499337,0.5994117647058823,318.2837671483979,15.674690748002796,0.5912723199203851,0.8455463640140923,0.003413985512071235,0.8394829561932171,0.8555827192318027,0.5912723199203851
15,0.5,1.0,0.55,0,86.27656755878533,0.587058823529412,419.2835346221436,21.038272972017065,0.4923198130721245,0.796437442458552,0.004594001967315599,0.7873254370222388,0.8019296015682317,0.4923198130721245
15,0.5,1.0,0.55,1,82.63932234751869,0.6029411764705882,398.0435012076371,19.79759934075381,0.4955828684766644,0.7980505802856617,0.01287874608119682,0.7787660317810479,0.8211826545270418,0.4955828684766644
15,0.5,1.0,0.55,2,83.31123727350041,0.5984313725490197,395.67097303056624,19.95242969255188,0.5034291899653709,0.8016951313233852,0.007352833691309016,0.7936941990728579,0.818429134793566,0.5034291899653709
15,0.5,1.0,0.55,3,79.3202933277679,0.62078431372549,387.59325334600425,18.765848499444672,0.4870904608789333,0.7924710399789406,0.010937417652112822,0.7743190327205716,0.8239980761469031,0.4870904608789333
15,0.5,1.0,0.55,4,82.21564995664309,0.606078431372549,397.60124891052993,19.721627003873127,0.49315136708352836,0.796612743346743,0.0041100217328215154,0.7911293625782102,0.8082516892156629,0.49315136708352836
15,0.5,1.0,0.55,5,85.92708783022205,0.5888235294117647,418.8343738002564,20.848079733116386,0.4900590327664074,0.7949657613551814,0.0072844615622547435,0.7856608122941913,0.8109643409629154,0.4900590327664074
15,0.5,1.0,0.55,6,83.64455801683745,0.6000000000000001,406.58872503683256,20.329436251841692,0.491187643921059,0.7955938219605295,0.0,0.7955938219605295,0.7955938219605295,0.491187643921059
15,0.5,1.0,0.55,7,88.10650474693627,0.58,433.23187478871944,21.661593739436043,0.4866067318227884,0.793303365911394,1.1212702919885052e-16,0.7933033659113942,0.7933033659113942,0.4866067318227884
15,0.5,1.0,0.55,8,82.79114360402619,0.6064705882352941,414.3234629934531,19.89138686117233,0.47629871566524296,0.7880708848538289,0.01508084996521878,0.7622095245336183,0.8101166538165394,0.47629871566524296
15,0.5,1.0,0.55,9,85.57764926429947,0.5894117647058825,412.6463173595142,20.71938884840449,0.49660109794342844,0.7983559690746751,0.005055554362774914,0.7889287885774989,0.8065484410609154,0.49660109794342844
15,0.5,1.0,0.55,10,92.83514701668553,0.5599999999999999,466.2956120612264,23.314780603073014,0.47742299298008656,0.7887114964900485,7.585143643153304e-14,0.7887114964899536,0.7887114964902141,0.47742299298008656
15,0.5,1.0,0.55,11,84.9969020225964,0.5933333333333334,414.62517753672336,20.648249181748806,0.4900096500903583,0.7948719943843084,0.007939817079000851,0.7846803463661225,0.8106416807362671,0.4900096500903583
15,0.5,1.0,0.55,12,80.00058456943651,0.6147058823529412,379.8758356386038,18.98983202052479,0.502086106084756,0.8010411665836416,0.002982129626122485,0.7970858611638295,0.804638142024501,0.502086106084756
15,0.5,1.0,0.55,13,82.19092393303043,0.6052941176470588,394.34626130240946,19.597331375983863,0.49697703058714654,0.7984195058286648,0.0030101977377569736,0.7937043988048645,0.8027826317095981,0.49697703058714654
15,0.5,1.0,0.55,14,84.89057251578383,0.5852941176470589,389.30351734451585,20.51868738363799,0.5244795876469835,0.8127841281286923,0.020444252755528813,0.77153831080788,0.848686642298446,0.5244795876469835
15,0.5,1.0,0.55,15,86.17659864036064,0.5900000000000001,427.9317029789851,21.011078902252674,0.4805135795525038,0.7901890257661529,0.005805325392355075,0.7800369772673938,0.7970847339456706,0.4805135795525038
15,0.5,1.0,0.55,16,87.10497505315988,0.5801960784313726,414.36318781868175,21.226221824211162,0.5050584477634903,0.8022493637840726,0.008619925272330754,0.7928904351096314,0.818429963146255,0.5050584477634903
15,0.5,1.0,0.55,17,85.25722239624235,0.5896078431372549,407.87846314622533,20.365385349821427,0.4996208903493536,0.7997333490188235,0.009278161254070973,0.7864305237389437,0.8240444660240259,0.4996208903493536
15,0.5,1.0,0.55,18,84.3299730550896,0.5943137254901962,403.4759813073253,20.202110576318873,0.49953333188449517,0.799895132807932,0.0029399013320350257,0.7965524749271895,0.8067789775292299,0.49953333188449517
15,0.5,1.0,0.55,19,83.43409610346274,0.6007843137254902,405.6212351859075,20.116971746563085,0.49094588966611413,0.7954787910620151,0.004697716249140808,0.7881429858329961,0.8020075595166164,0.49094588966611413
15,0.5,1.0,0.65,0,90.91567659764733,0.5815686274509805,514.3739018061827,25.713113799608763,0.4228554361997845,0.7614249215802293,0.001792775184266215,0.7568874882165055,0.7632005067548018,0.4228554361997845
15,0.5,1.0,0.65,1,89.10437549888088,0.5880392156862746,494.7671004122836,24.79351891422663,0.4307700930446999,0.765212219132521,0.0021200461626732204,0.7637396146064308,0.7738214288936861,0.4307700930446999
15,0.5,1.0,0.65,2,90.47377435338835,0.5800000000000002,497.0701685563819,25.338948070280512,0.43693273407599853,0.7685545906275966,0.010295465269022686,0.7516367613041776,0.786556862728485,0.43693273407599853
15,0.5,1.0,0.65,3,93.58683150621884,0.5700000000000002,533.0250772291257,26.67292752488276,0.42057686185274407,0.7602958720737296,0.00010962789062152957,0.760160612623089,0.7605375137625242,0.42057686185274407
15,0.5,1.0,0.65,4,87.73341524491534,0.5970588235294119,503.04091449825216,24.399028884056335,0.41607514540327045,0.7582200264017777,0.007473558473574518,0.7451833828131857,0.7701714619384805,0.41607514540327045
15,0.5,1.0,0.65,5,89.14090764464508,0.5890196078431371,502.93567550701823,24.884482519090934,0.42341524000488723,0.7615048295751096,0.009214233708441476,0.7470806149068152,0.7810631454289263,0.42341524000488723
15,0.5,1.0,0.65,6,86.55506290509787,0.6000000000000001,480.8042763666264,24.040213818331374,0.4298225818439705,0.7649112909219852,0.0,0.7649112909219852,0.7649112909219852,0.4298225818439705
15,0.5,1.0,0.65,7,91.64510532318869,0.5768627450980393,512.0682909580524,25.653366766654994,0.42848062165882117,0.7642330109328676,0.0031781019590968844,0.7582345313980337,0.7683682561164896,0.42848062165882117
15,0.5,1.0,0.65,8,88.53231642315015,0.5913725490196079,497.4381659284632,24.637415123702084,0.425492238383768,0.7622921740520732,0.012449558377553864,0.7406595377350502,0.7785626534716727,0.425492238383768
15,0.5,1.0,0.65,9,90.67607041626441,0.5811764705882353,506.7347876461745,25.442860903415646,0.4286751413637728,0.7642337623363903,0.005030940718071412,0.7571744069072898,0.7725248831444521,0.4286751413637728
15,0.5,1.0,0.65,10,95.8828776630616,0.5599999999999999,549.0810557484979,27.45405278742497,0.41875193791102555,0.7593759689555126,1.1212702919885052e-16,0.7593759689555127,0.7593759689555127,0.41875193791102555
15,0.5,1.0,0.65,11,89.68088474909261,0.5864705882352943,504.5215819969595,25.075952655373275,0.42512053629260516,0.762675033809017,0.004131871670801772,0.7563400203150532,0.7745704729332974,0.42512053629260516
15,0.5,1.0,0.65,12,85.24523456055131,0.6041176470588235,465.6958205958905,23.452609142295568,0.43700845005666433,0.7686634232894188,0.004784586526144277,0.7626304516389206,0.7771515823739741,0.43700845005666433
15,0.5,1.0,0.65,13,91.07437015428309,0.5747058823529412,488.40510882060585,25.6169013588249,0.4483982203384895,0.7740103080687198,0.008381949039613784,0.7625076293034121,0.788430532989801,0.4483982203384895
15,0.5,1.0,0.65,14,98.40553817095132,0.55,572.3649027208597,28.618245136043036,0.4127566364308697,0.7563783182154348,1.1212702919885052e-16,0.7563783182154349,0.7563783182154349,0.4127566364308697
15,0.5,1.0,0.65,15,93.99842521908128,0.5674509803921569,532.4811954237689,26.611969284926015,0.42291421901511955,0.7615621968140195,0.0027490886431722978,0.758791282645795,0.769353111808113,0.42291421901511955
15,0.5,1.0,0.65,16,94.30823754634585,0.5658823529411765,533.9717726817227,26.70361891991701,0.42307478297887974,0.7615352318737684,0.0037740732037100746,0.7575216441369124,0.7667780882205841,0.42307478297887974
15,0.5,1.0,0.65,17,94.47603168921808,0.5652941176470588,535.5092944574745,26.70877727434523,0.4227086024036351,0.7614068304929988,0.0028545781153087426,0.7584979592109233,0.7718229639957245,0.4227086024036351
15,0.5,1.0,0.65,18,89.89064837466155,0.584313725490196,499.62758170678745,24.894150108412386,0.4301142478880831,0.764966479617776,0.004729876348137836,0.7595932232057355,0.7750170842842229,0.4301142478880831
15,0.5,1.0,0.65,19,91.17694044189598,0.58,513.5345886449453,25.676729919999737,0.42482088259549183,0.7624104414764741,2.6297828578586766e-09,0.7624104382622899,0.7624104473171649,0.42482088259549183
16,0.5,0.75,0.35,0,84.90151358383957,0.5260784313725491,273.1922233157106,13.664990127714109,0.7482151744868227,0.9239440488754626,0.004783515323893225,0.9107673611418983,0.9291117838789535,0.7481334053028484
16,0.5,0.75,0.35,1,83.99057297686892,0.5276470588235295,266.68252867699584,13.428569808555029,0.758869171588478,0.9293195525460303,0.010154658545218536,0.9134315413203542,0.9474043883572204,0.7588116549643736
16,0.5,0.75,0.35,2,84.26622117528503,0.5313725490196081,272.9481148256923,13.553013438594174,0.7424911387751747,0.9211594977615264,0.004555224805422294,0.9141179391169999,0.9283261728015786,0.7424481029621441
16,0.5,0.75,0.35,3,85.54719580510744,0.5223529411764706,276.33676757408745,13.849202912551602,0.7455630647921694,0.9235266895980015,0.017793808283772476,0.8918952490005276,0.9429225315394619,0.7459356433931277
16,0.5,0.75,0.35,4,83.66399510050469,0.5329411764705884,268.748343456363,13.448916237946912,0.7492280745691564,0.924424609381663,0.003418742822239482,0.9184524526058869,0.9276381140757065,0.749133360617699
16,0.5,0.75,0.35,5,83.22796509220403,0.5370588235294118,269.81222735564023,13.382682449322829,0.7416570586495195,0.9205765457881294,0.008956587159536017,0.9050082123311611,0.9342932332514089,0.7415310668812044
16,0.5,0.75,0.35,6,83.31412184487706,0.5349019607843137,267.60032403162563,13.378734856120646,0.7487905276099968,0.9244097309670541,0.0029224833284227482,0.9208980648308845,0.9278256524935206,0.7487977611910244
16,0.5,0.75,0.35,7,86.81739819139062,0.5115686274509804,276.4245839767819,14.015440498531584,0.7596520304679072,0.9305629028687429,0.020878797118475113,0.9006994585250695,0.9593555334689302,0.7600204742853017
16,0.5,0.75,0.35,8,83.89858640537122,0.5343137254901962,273.0926801498586,13.567825860603605,0.73863620632828,0.9193665851583488,0.007485295280444648,0.9026424464072388,0.9256253442881626,0.7386604473253843
16,0.5,0.75,0.35,9,84.14609418122424,0.5294117647058824,270.573945614427,13.494835192616854,0.7490823829941156,0.924776139400432,0.013334952888099267,0.9023420674140379,0.9415730067581339,0.7491998569458026
16,0.5,0.75,0.35,10,81.60051188571327,0.5431372549019607,260.47837761515194,13.02159478014048,0.7527098697539417,0.9264859315753667,0.002158972834022464,0.922744776562339,0.9284853060152214,0.7527753681031397
16,0.5,0.75,0.35,11,83.12643619939998,0.5288235294117647,261.49161174315014,13.191102357921581,0.7669780634613905,0.9322135490579746,0.029989541218085544,0.8875212964071867,0.9743380847862875,0.7663403221250302
16,0.5,0.75,0.35,12,84.95078509341575,0.5276470588235295,275.32818913862354,13.795205992000863,0.742915774522437,0.9213300100714764,0.005205818071306428,0.9129721705052903,0.9268732345644883,0.7428518359275659
16,0.5,0.75,0.35,13,86.26416090747443,0.5229411764705882,282.3870711949749,14.085494146485468,0.7360197191533561,0.9180979099443883,0.001801247809120833,0.9146689558048016,0.9201721891802151,0.7360637443372113
16,0.5,0.75,0.35,14,84.3033601341966,0.527843137254902,269.8733503788423,13.568371345581818,0.7525852340304072,0.9263000804315212,0.006891177875248491,0.911895876007271,0.9363508401854606,0.752588965738566
16,0.5,0.75,0.35,15,82.47556841586203,0.5366666666666666,262.57773747494707,13.15517736162198,0.7555425809678057,0.9267817799875272,0.0129487539549498,0.9094342525245371,0.952441639490044,0.7550478257196179
16,0.5,0.75,0.35,16,86.12228882486413,0.5152941176470588,274.14748366200894,13.882246286934837,0.7599435564029827,0.9306374954531009,0.023089806880135382,0.8930499878349328,0.9536348813887517,0.7602764150287876
16,0.5,0.75,0.35,17,85.16130690219428,0.5225490196078432,272.577982825847,13.643714222782005,0.7532635551112803,0.9263438698537442,0.01685962929638554,0.897787871801809,0.9455156300454262,0.7531196012603324
16,0.5,0.75,0.35,18,86.24923344355692,0.513529411764706,272.8560438006914,13.8272225878251,0.7631160934763501,0.9326364756836358,0.016471544604146623,0.9169218222135234,0.9679579302337608,0.7636553079490807
16,0.5,0.75,0.35,19,81.16618900480661,0.5501960784313726,265.42603140669985,12.953154092654591,0.7338018823859468,0.9165145290316242,0.012819238792460719,0.8969336207245846,0.9338396028913797,0.7336086763052723
16,0.5,0.75,0.45,0,83.34221038685777,0.5786274509803921,339.51052885361537,16.991364551589687,0.5875887023224503,0.8438115556627469,0.0020365531271383866,0.8422838618191435,0.8517794673942027,0.5875973045732112
16,0.5,0.75,0.45,1,85.60641728817947,0.5700000000000002,355.0081626857011,17.75040813428511,0.5776099606154245,0.8388049803077122,0.0,0.8388049803077122,0.8388049803077122,0.5776099606154245
16,0.5,0.75,0.45,2,82.15195023176975,0.5837254901960786,332.9483038767709,16.655235575962443,0.5902168140405807,0.8450715295169232,0.004280981408227334,0.8401325747379781,0.8581130321738069,0.590198375288897
16,0.5,0.75,0.45,3,82.63275188545914,0.5829411764705883,340.71288482296603,16.89295608367667,0.5805321265194615,0.8407883421736955,0.018038718947571683,0.8179211848815804,0.8674815769263577,0.5807932659764439
16,0.5,0.75,0.45,4,80.33841813884511,0.5919607843137255,324.4238360100743,16.246223804784666,0.5926025390680555,0.8464797547096098,0.007720181403514366,0.8326032194078066,0.860564246966906,0.5926917816558465
16,0.5,0.75,0.45,5,81.95033741144499,0.5847058823529413,333.2905531249255,16.598449716094315,0.5873795352362966,0.8436057735822031,0.010808647621187129,0.8269778160924149,0.8593290697410445,0.5873375382183242
16,0.5,0.75,0.45,6,79.43820838169056,0.5980392156862745,322.83759897234484,16.08232622654729,0.5876079878927474,0.8434668396892286,0.0023050715717992,0.8404798761947745,0.8488540794648666,0.5874394107641748
16,0.5,0.75,0.45,7,84.14409024121498,0.5747058823529412,344.9981724729162,17.256418784736557,0.5838935253850237,0.8422297218302296,0.013890054681783526,0.8224641447843618,0.8666248533076383,0.5840350049538826
16,0.5,0.75,0.45,8,81.34254895011692,0.5868627450980394,328.20193996061573,16.45953039111532,0.592775744313881,0.8464335166060822,0.007551085141940565,0.8361618516833522,0.8605927118627367,0.592798566538452
16,0.5,0.75,0.45,9,80.65741754105973,0.5907843137254903,327.1152339844143,16.191731529568123,0.5879279682416355,0.8443517768604079,0.013507685472455627,0.8280352819699086,0.8720164585439919,0.5881218646114306
16,0.5,0.75,0.45,10,83.65894393496353,0.5750980392156864,338.88298114487026,17.11923032125507,0.592015890551415,0.8463211540056188,0.00942926984104319,0.8273569337431725,0.8600174042712083,0.5921724949163708
16,0.5,0.75,0.45,11,80.98370659447797,0.59,328.3188512388084,16.415942561940337,0.589556286429389,0.8447781432146945,9.975957777290774e-16,0.8447781432146921,0.8447781432146957,0.5895562864293888
16,0.5,0.75,0.45,12,78.90892208077904,0.6001960784313726,320.48726310206206,15.835014191227742,0.5875206658078617,0.8443405970779172,0.008627208737186852,0.834684461068185,0.8681161854893652,0.5878107978948549
16,0.5,0.75,0.45,13,79.68750631788875,0.5964705882352942,324.47240871791274,16.011563709057793,0.5863022679781232,0.842944619786182,0.011148037214199257,0.8223994719408612,0.8566574410777206,0.5861990108766835
16,0.5,0.75,0.45,14,84.46343773139519,0.5770588235294118,355.41903224635695,17.43606221533895,0.5681038808155577,0.8350039678120046,0.016181631768336528,0.8015652870641972,0.8485603664465534,0.5685798945176705
16,0.5,0.75,0.45,15,83.36005673344438,0.58,342.63916366403896,17.131958183202,0.5821186885612707,0.8410593442806356,2.2425405839770103e-16,0.8410593442806353,0.8410593442806353,0.5821186885612707
16,0.5,0.75,0.45,16,84.7716730027301,0.5719607843137257,346.6776390071789,17.351887365139063,0.5857302870894839,0.8433197911924202,0.0029766100669097882,0.8285802426091203,0.8458288815690237,0.5859576109133232
16,0.5,0.75,0.45,17,83.6114112743565,0.5766666666666665,339.5455811720416,16.850480858686826,0.5880319851340451,0.8441213434687223,0.005257722126844176,0.838586756358286,0.8567422412664903,0.588084660584895
16,0.5,0.75,0.45,18,83.13324972492778,0.5782352941176471,336.83360167315834,16.850335812062294,0.5912911378385317,0.845881481116283,0.011832703586859618,0.8300879035358847,0.8676702688707285,0.5914090939370403
16,0.5,0.75,0.45,19,80.85111901053574,0.5886274509803923,324.56106023225277,16.237855847172415,0.5958227737255852,0.8475988410344737,0.007753776960867304,0.8380001178475123,0.8658721028406561,0.5956665008114258
16,0.5,0.75,0.55,0,84.11748858776237,0.598235294117647,413.05954931722084,20.386423261417267,0.4863966102733031,0.7929151460042476,0.01085414775477841,0.7775377441923417,0.8084503286035492,0.4862550307071012
16,0.5,0.75,0.55,1,86.2500374851951,0.587843137254902,420.6609822347481,21.01133778949239,0.49012136441085474,0.7950447193333346,0.0018018666880239298,0.7932544456775432,0.7989348104265044,0.49011338297480833
16,0.5,0.75,0.55,2,82.71560817857053,0.6043137254901961,402.8535486606784,19.782964956367685,0.4890395112491688,0.7950290047815247,0.006536090155704179,0.7869587397023194,0.8091388771195719,0.4892941358276389
16,0.5,0.75,0.55,3,81.9251640498557,0.6068627450980393,396.29450072980933,19.63979820354835,0.4933559576809087,0.7972496065108481,0.012340806005792938,0.7802049851657074,0.8182177453757875,0.4936417715161055
16,0.5,0.75,0.55,4,84.24403192776748,0.5964705882352941,408.6398764504928,20.3902694148952,0.49252832362557636,0.7963399021400502,0.0063040583588432186,0.7859867241745032,0.805714894269645,0.4925661937892074
16,0.5,0.75,0.55,5,83.58322089209058,0.5986274509803922,402.46550650037625,20.073080554512664,0.49582801104624397,0.7978741463383346,0.005202734357883075,0.7901313535683405,0.8093418121394965,0.49580808145385025
16,0.5,0.75,0.55,6,84.41602810292623,0.5964705882352942,411.38388777579564,20.513887555875325,0.4901899406546349,0.795094915288625,0.0020248371395025066,0.7930133661021941,0.7982713669123689,0.49018991313528854
16,0.5,0.75,0.55,7,84.63258335647046,0.5947058823529413,410.5685596535116,20.572204072984334,0.4926489869470241,0.796286497980593,0.003464749487956563,0.7926441995622855,0.8041402211994473,0.4926299892005646
16,0.5,0.75,0.55,8,82.1598779625779,0.6047058823529412,393.4743039025298,19.714821571342153,0.4988085088455161,0.7999670121403654,0.011516683681101814,0.7820687679558376,0.8215487913059439,0.4990898877043197
16,0.5,0.75,0.55,9,86.24015443438148,0.5864705882352941,417.358592273488,20.960029105265974,0.4953104379479207,0.7978124640902836,0.00772174742167718,0.7870800865498346,0.8114968164032043,0.4953890605060822
16,0.5,0.75,0.55,10,84.56227013896508,0.5905882352941179,397.5044164263792,20.45010308687397,0.510088282557726,0.8047595121018778,0.016246932721530005,0.7752789016498642,0.8279733559265667,0.5099459679692334
16,0.5,0.75,0.55,11,84.55164976014512,0.5945098039215688,408.55392891792366,20.498224063749085,0.49472349608060284,0.7973576097853449,0.00544261100377257,0.7878717859234581,0.8075579438284066,0.49472142695312454
16,0.5,0.75,0.55,12,80.59678407312636,0.6119607843137255,383.62149728805434,19.20760543657003,0.5011972073671318,0.8006237177600567,0.0042580690786610505,0.7944626534896017,0.8090978087425318,0.5012097644053771
16,0.5,0.75,0.55,13,84.93038265065618,0.5919607843137256,408.43484758280306,20.557856222994243,0.4977347714060484,0.7980793995208378,0.009952314289575348,0.7832944820539417,0.8184284535229744,0.4973407783149554
16,0.5,0.75,0.55,14,77.72132292155973,0.6237254901960784,364.71556988466523,18.176528277988897,0.5078283298770438,0.8023797678254944,0.01722009584901284,0.7828080989079726,0.8447345995433153,0.5070611313205301
16,0.5,0.75,0.55,15,88.77626120853198,0.5768627450980393,437.2359635822227,21.864857568458,0.4859146924365878,0.7929560981406806,0.0019135020260379761,0.7909610621308476,0.7963622144228178,0.48591406839778106
16,0.5,0.75,0.55,16,84.0541592412147,0.5968627450980392,404.9318974004548,20.181034519080153,0.4957172225232445,0.7975194849494192,0.002876394296277881,0.7941428510928279,0.8063419433365789,0.4955476593671431
16,0.5,0.75,0.55,17,87.46386225907064,0.5798039215686275,420.65912537128673,21.186324734113384,0.4986804926220514,0.7992865329533967,0.009543109202001531,0.7833753840902296,0.8138615883617906,0.49865363594323686
16,0.5,0.75,0.55,18,84.56145062054385,0.5929411764705881,402.75336670673363,20.28746901461101,0.50243154343174,0.8010786552059881,0.003866329176797191,0.7974128372839322,0.8088702823243417,0.502362985176799
16,0.5,0.75,0.55,19,84.14236623036204,0.5968627450980393,406.9923062431159,20.353632538774768,0.49402052930133306,0.7969001685807717,0.002745287004253667,0.7909839299250948,0.8008688256285398,0.49396548126638573
16,0.5,0.75,0.65,0,90.54342776149097,0.5843137254901961,518.134340587383,25.385531229339666,0.41765020599813324,0.7589221297905846,0.0030663836008176307,0.7536807112039141,0.7644477547179763,0.4176987193938922
16,0.5,0.75,0.65,1,94.45845637272475,0.565686274509804,537.35886845337,26.896247502727647,0.42138609390892673,0.760699717140648,0.0024033897597002863,0.7578693461208409,0.7641501317225262,0.42138942900201903
16,0.5,0.75,0.65,2,88.31980926995617,0.5913725490196078,490.73319563776363,24.43759916373334,0.43019112313549296,0.764888617269046,0.007185464846587476,0.7546245301459957,0.7829373991248378,0.4300876509861428
16,0.5,0.75,0.65,3,93.44789508183875,0.5700000000000002,528.7735262210239,26.438676311051278,0.4233177808670625,0.7616588904335312,1.1212702919885052e-16,0.7616588904335313,0.7616588904335313,0.4233177808670625
16,0.5,0.75,0.65,4,85.79838545262066,0.6035294117647059,478.0507725722146,23.620045414325503,0.4281124700186167,0.7639055689407322,0.005435878116613967,0.757828365203445,0.7756766394092771,0.4280371369843287
16,0.5,0.75,0.65,5,89.61037740460003,0.5868627450980393,506.5024745521773,25.08120388726685,0.4230325007771205,0.7612735589208274,0.011718552208803745,0.7463940324765492,0.7803851254779555,0.42291115504325405
16,0.5,0.75,0.65,6,86.55506290509788,0.6000000000000001,480.8042763666268,24.04021381833141,0.4298225818439702,0.7649112909219851,0.0,0.7649112909219851,0.7649112909219851,0.4298225818439702
16,0.5,0.75,0.65,7,91.79870339032121,0.5770588235294117,517.0854418395613,25.807015478302418,0.42498521472997475,0.7624736784637285,0.001964888469771353,0.7601484803378458,0.7660541694668584,0.4249757502793454
16,0.5,0.75,0.65,8,88.93104450131041,0.5890196078431373,494.38951582462164,24.724612810835808,0.4300352018467138,0.7650186999407239,0.001412466164944987,0.7640802505991766,0.7697045062683899,0.4300357513553971
16,0.5,0.75,0.65,9,92.34684009186064,0.5745098039215687,520.8980014663819,26.08598059516154,0.4247684596842154,0.7624049063550914,0.0032178897026467327,0.7576502200037287,0.7661215360326488,0.42477879794070716
16,0.5,0.75,0.65,10,95.17627804459178,0.5627450980392157,542.8811399455482,27.19568548017386,0.4203030257227749,0.7601743133387429,0.00171831272713212,0.756860312998802,0.7617888034848165,0.42031442596145263
16,0.5,0.75,0.65,11,89.35571093472997,0.5876470588235294,501.200790441729,24.96595552234691,0.4262758657142114,0.7628707821335855,0.005025589616745918,0.7563385686903261,0.7709304430987156,0.42614229035245116
16,0.5,0.75,0.65,12,83.65195518694868,0.6127450980392156,462.00658232817693,22.873131476298916,0.43160006585525323,0.7658962794101795,0.002868316566990481,0.7607027144286247,0.7718491816675789,0.43164818909652974
16,0.5,0.75,0.65,13,89.59025922153353,0.5845098039215686,495.25814973778046,25.08522905676201,0.43401937860399,0.7674670543152259,0.012923995594369735,0.7491842767798621,0.7875427774033449,0.4342480611106055
16,0.5,0.75,0.65,14,96.54609031028777,0.5574509803921569,556.3125996981963,27.79531392037248,0.4162283104275973,0.7579648081212355,0.0021360687118844876,0.7558458938270819,0.7623626310609373,0.4161536368813158
16,0.5,0.75,0.65,15,91.56651433400069,0.5778431372549021,514.741852210408,25.747004911962208,0.4257643178876227,0.7628550934651791,0.002070045026627058,0.761035259674936,0.769506631418289,0.4257507851483065
16,0.5,0.75,0.65,16,93.24387242816574,0.5700000000000002,522.6625199720137,26.133125998600736,0.42733221549043304,0.7636661077452165,0.0,0.7636661077452165,0.7636661077452165,0.42733221549043304
16,0.5,0.75,0.65,17,90.69272909130196,0.5809803921568627,506.4140403926437,25.064505145746384,0.42698179820968973,0.7639346107930061,0.006239484635394551,0.754304527374118,0.7807601702869388,0.4272036540537704
16,0.5,0.75,0.65,18,92.54704995598448,0.5745098039215687,527.1682681588992,26.04020172133014,0.41961874145037953,0.7595562048120765,0.004981996830149508,0.7517033414884742,0.7692497898351429,0.4194921584938229
16,0.5,0.75,0.65,19,91.21955604526957,0.58,514.8138182241795,25.740690911209015,0.4239633361538764,0.7619816680769385,2.2425405839770103e-16,0.7619816680769382,0.7619816680769382,0.4239633361538764
17,0.5,0.5,0.35,0,83.6318935266593,0.5321568627450982,267.5070991891726,13.417193586858438,0.7516096208646891,0.92575938492588,0.0024218070606343654,0.9208474642486962,0.9278753993309463,0.7515641953582246
17,0.5,0.5,0.35,1,85.76409951722285,0.5127450980392158,268.141969648277,13.723084451789662,0.7719566120881919,0.9355195995967202,0.021851561182356677,0.9042093890725047,0.9663259138034181,0.7714979056408162
17,0.5,0.5,0.35,2,84.73329916816296,0.5290196078431373,275.73656638883676,13.67432433149188,0.7396375069215074,0.9203718955447183,0.015337035942523588,0.8968625111258038,0.9437501628894805,0.7401906490054722
17,0.5,0.5,0.35,3,84.07226658856953,0.5276470588235295,267.54187991774853,13.488757843471396,0.7569238675838176,0.9293526078734423,0.00862013784986694,0.9168425370691649,0.940158578638999,0.7578145416653509
17,0.5,0.5,0.35,4,85.3252161968699,0.5186274509803921,270.0695304982939,13.693859117046799,0.7627924353374077,0.9327351371016809,0.015937133866671362,0.9008828484812937,0.9515963135539719,0.7641313547703846
17,0.5,0.5,0.35,5,86.86257750124435,0.52,284.6585017626551,14.232925088132799,0.7351980461690674,0.9175990230845337,0.0,0.9175990230845337,0.9175990230845337,0.7351980461690674
17,0.5,0.5,0.35,6,82.40628220645789,0.5411764705882354,266.5693890205565,13.182251696517488,0.7424805197617423,0.9205482857307454,0.006399295174869726,0.9105209393839111,0.9309738965609939,0.7417885456116167
17,0.5,0.5,0.35,7,81.81762117081527,0.5443137254901962,265.5628721760637,13.00304909182322,0.7399676583285697,0.9192967942897181,0.0183701813013048,0.8929959976660055,0.9463326738074598,0.7392806234540031
17,0.5,0.5,0.35,8,84.76640369788164,0.5305882352941178,276.64372885463894,13.796336712485106,0.7372776466733212,0.918514304410171,0.0012630917362447885,0.9146807495486984,0.9223308485629497,0.7371531277468315
17,0.5,0.5,0.35,9,81.52246498899329,0.5462745098039216,266.0932138251458,12.94376024375431,0.7363803033386708,0.9172655864089773,0.028084237866810562,0.8820997453540549,0.9690081253109142,0.7354557380783125
17,0.5,0.5,0.35,10,84.01043207303712,0.5333333333333332,273.03414122516347,13.609415049142916,0.739992087595454,0.9196814834976353,0.007902875014193242,0.9098919382311017,0.9319225070503423,0.7396775272953624
17,0.5,0.5,0.35,11,84.27513715543624,0.5280392156862745,270.03778535617096,13.543033432345796,0.7525951684095653,0.9263559322205345,0.013785511779196428,0.9089507904629832,0.946710242829336,0.7526535164253173
17,0.5,0.5,0.35,12,84.7991152538302,0.5211764705882352,268.19072047342127,13.601996083334145,0.7629858910790273,0.931796327606246,0.01696134540967535,0.9046145633201588,0.9589608599570519,0.7632892731457597
17,0.5,0.5,0.35,13,85.42792376766909,0.526470588235294,278.56794235601063,13.924037577706287,0.7384664849061093,0.9192277175312497,0.004531592454931274,0.9116820756221544,0.923903708797698,0.7384609599843044
17,0.5,0.5,0.35,14,83.60310459692784,0.5354901960784314,271.0587725695808,13.501812078500508,0.7415790950357081,0.9205346759310773,0.002193392701615938,0.9169714728343772,0.9233975601081369,0.7413242234489313
17,0.5,0.5,0.35,15,84.87772512784179,0.5300000000000001,276.9587488550068,13.847937442750386,0.7374753832483455,0.9187376916241728,0.0,0.9187376916241728,0.9187376916241728,0.7374753832483455
17,0.5,0.5,0.35,16,83.27583014332447,0.5354901960784314,268.97766240192476,13.25569973909239,0.7452153083610955,0.9233537325461557,0.01396716334981665,0.9041930235727926,0.9531745294806537,0.7459613867267034
17,0.5,0.5,0.35,17,83.40047609858047,0.5335294117647059,268.5516965205157,13.260616267409919,0.7468594631076558,0.9226959761935954,0.023683243337600017,0.8914635097155349,0.9521174670220838,0.7461257077474233
17,0.5,0.5,0.35,18,85.1662401545391,0.5194117647058822,269.80012924932754,13.620124441523181,0.7621584139044941,0.9328855277515673,0.022212374842343185,0.8955182728972332,0.9637696632982177,0.7639647347038143
17,0.5,0.5,0.35,19,83.72972268366138,0.529607843137255,266.6837892410389,13.393140537677818,0.7556158914727533,0.9269994578190681,0.016942930077710087,0.9011241299556302,0.9470205745284671,0.7548074035554452
17,0.5,0.5,0.45,0,84.0235109107517,0.5758823529411764,344.05733208053425,17.207160845105996,0.5847415014991191,0.8427585118250828,0.0035088051225592273,0.8391303654461353,0.8509183216590614,0.5851292625746423
17,0.5,0.5,0.45,1,85.65629712678378,0.5700000000000002,355.8196107711404,17.790980538557076,0.576628504157054,0.8383142520785271,0.0,0.8383142520785271,0.8383142520785271,0.5766285041570542
17,0.5,0.5,0.45,2,80.73207956999782,0.5856862745098039,317.54093301793205,16.21514072465907,0.6095664977090627,0.853936964460418,0.009854248184767968,0.8415352998767098,0.8737775174893511,0.6087202133149494
17,0.5,0.5,0.45,3,80.43482935472738,0.5947058823529413,332.1321898971726,16.26733852318682,0.5773533196627565,0.8393932569461665,0.012614635713962848,0.8205571889599156,0.8623321827748945,0.5780699167775448
17,0.5,0.5,0.45,4,79.18776326349281,0.6,323.78583767927483,15.910312264740856,0.5831367504123545,0.8407499380706429,0.007143491908993565,0.8278717400108799,0.8497684618260465,0.58231831327682
17,0.5,0.5,0.45,5,83.64516413533002,0.5770588235294117,342.58282945839017,17.13376405917093,0.584598619538621,0.8429598770567631,0.013599116179526713,0.8238064570600516,0.860875496111116,0.5852591868260737
17,0.5,0.5,0.45,6,79.29343156298513,0.5976470588235295,319.7498477920337,15.987214179731337,0.5922315552546287,0.8461124838107599,0.0018663421250503876,0.8444698293652273,0.8499859243062623,0.5922282614380742
17,0.5,0.5,0.45,7,82.26761255149344,0.5852941176470589,338.2163241514925,16.88375061953115,0.5815590049262312,0.8412463424425558,0.004388805750635202,0.8368601951457981,0.8509420938770788,0.5820258449056716
17,0.5,0.5,0.45,8,81.52989107640606,0.5876470588235295,333.36562342813306,16.588401150747732,0.5853047458615643,0.8424817084082714,0.012641167353512565,0.8187178059654496,0.857572406994499,0.5851340813390536
17,0.5,0.5,0.45,9,81.51286982678063,0.5874509803921569,332.5365001711826,16.545544262258158,0.5863279471671956,0.84245714719859,0.010076773224783307,0.8275418278052016,0.8567799625109178,0.585621120782188
17,0.5,0.5,0.45,10,84.85401375043045,0.5709803921568628,346.7808166537817,17.466993451307196,0.5872905817522498,0.8434556105635751,0.004853505982906703,0.8313351199544667,0.8511030662864361,0.5871009014397001
17,0.5,0.5,0.45,11,81.0170783684766,0.59,328.8374306025927,16.441871530129685,0.5888691125496837,0.8444345562748417,0.0,0.8444345562748417,0.8444345562748417,0.5888691125496837
17,0.5,0.5,0.45,12,80.50591342787317,0.5894117647058824,322.1731071142349,16.242118363112752,0.5979629170111858,0.8492018266413843,0.013894224060897747,0.8271692621364709,0.8682019568933823,0.598183285146977
17,0.5,0.5,0.45,13,84.47457846536369,0.5650980392156864,329.8706112925218,17.29725714240099,0.6161309165700035,0.8571978984699942,0.010460874508488135,0.8313155725742429,0.8729852284637614,0.6152633567549958
17,0.5,0.5,0.45,14,77.37493535190976,0.6064705882352941,313.33848693110167,15.328642388739942,0.5894826867366523,0.8432293649436148,0.024723878180053876,0.8142917984804056,0.8823740839153192,0.5879707083119408
17,0.5,0.5,0.45,15,80.80975181313366,0.59,328.348886181658,16.321112533891675,0.5883242147477237,0.8453645237670577,0.016732204713957324,0.8211293461826947,0.8688801420680969,0.5895266311409196
17,0.5,0.5,0.45,16,82.36491668009602,0.5835294117647059,336.97594106135955,16.69549803215669,0.5845065541406881,0.8418587626318992,0.007544120216043337,0.8333073094770811,0.8565354901569833,0.5841120397022431
17,0.5,0.5,0.45,17,81.40136691572062,0.5854901960784313,327.32914051627927,16.27355551661385,0.5945676962260021,0.846766253830631,0.013672471224878784,0.8241101084524587,0.8713583315952832,0.594050101943632
17,0.5,0.5,0.45,18,84.79260719235486,0.57,343.7041329518783,17.2354878323701,0.5913621240821434,0.8459138078195172,0.0078975803059611,0.8346998740257613,0.8614458776907995,0.5915948698605891
17,0.5,0.5,0.45,19,79.33279025405233,0.5970588235294119,320.5220852693985,15.891401303201738,0.5912444344627392,0.8456608331435284,0.012452743750024918,0.8288205197350564,0.8650276447512389,0.5912830503748979
17,0.5,0.5,0.55,0,86.26227348501914,0.59,428.8120592373114,21.128722834307144,0.4803254008949149,0.7900441773129231,0.0019694394603204826,0.7864800412596612,0.7926658650831055,0.4802068777603804
17,0.5,0.5,0.55,1,83.52627069256744,0.5980392156862746,400.57565005735967,20.13441171460055,0.4986131253168618,0.7996163054888987,0.012583253106821813,0.7784410976512651,0.8174615690269817,0.49892286814732956
17,0.5,0.5,0.55,2,82.92325790546349,0.6015686274509805,397.72972837143226,19.917013408762372,0.4979986625180463,0.798921177014214,0.003938834871874615,0.79373296073264,0.8064572128188912,0.49792050827323703
17,0.5,0.5,0.55,3,81.89774698222921,0.6041176470588235,385.625201094569,19.605959840361592,0.5074773587111585,0.802588759578806,0.00910279669892984,0.793848087978629,0.8237679595966514,0.5063274389343853
17,0.5,0.5,0.55,4,82.56568414074279,0.6043137254901961,400.5903054051803,19.801942632648927,0.4914162098061224,0.7952730925058077,0.007122884310232535,0.7841075315234305,0.8090959552764285,0.49098119740886914
17,0.5,0.5,0.55,5,82.81077058608287,0.602156862745098,398.35348662216796,19.7818102404095,0.4955292926681724,0.7972627790476231,0.007089481841201762,0.7796074164790754,0.8047403722531005,0.4950274253817091
17,0.5,0.5,0.55,6,83.64117745196836,0.5988235294117649,403.6220192867542,20.149148730510436,0.4950984857424806,0.7971779247124041,0.00526405695095227,0.7889109489624021,0.8038335218917734,0.49472716758364443
17,0.5,0.5,0.55,7,86.83221317696338,0.5854901960784313,425.4457141173046,21.282869828560965,0.48818373833809403,0.7941056102691922,0.003284027377295573,0.7911466306457011,0.8018275682699528,0.4881974794382393
17,0.5,0.5,0.55,8,79.8233979674327,0.6162745098039215,381.4330424318452,18.92165565308396,0.49842579438835755,0.7990850379217832,0.0026783914910664024,0.795145473779192,0.8030926337317096,0.498297935115962
17,0.5,0.5,0.55,9,89.1020888938813,0.5750980392156864,438.7064171592436,22.02325293614419,0.48663520852047326,0.7928814021371235,0.0048457843940603864,0.7832741817560775,0.7981688969034237,0.4861990063973602
17,0.5,0.5,0.55,10,87.78949785326735,0.579607843137255,426.6781750445899,21.462368488875775,0.4936517543100061,0.7966582759855019,0.005522229717775812,0.7875077414908535,0.8037867005720265,0.49348415314050514
17,0.5,0.5,0.55,11,83.46861966375575,0.5992156862745099,400.79486251497354,20.063734445100845,0.4972523899876666,0.7985990101683574,0.0035990178256923118,0.7928594292601078,0.8034804525678092,0.49722520516219076
17,0.5,0.5,0.55,12,80.16587158763703,0.6150980392156863,384.99611363583324,19.04551923173605,0.49569692046536845,0.7981096874810517,0.0030891033352474467,0.7928619027212015,0.8038956507697648,0.4959581477137359
17,0.5,0.5,0.55,13,83.59477763155483,0.5992156862745098,404.27842077380166,20.07203957875032,0.49400386563465803,0.7958445254534686,0.007709803013266254,0.7833799835592451,0.8170335361894816,0.4928464582707974
17,0.5,0.5,0.55,14,76.0977468553165,0.6376470588235295,376.1989882149126,17.65652262563275,0.48002359996632127,0.7880142266854577,0.011113008154152615,0.7660420206648171,0.8128003136954114,0.4780260266686184
17,0.5,0.5,0.55,15,86.72266998847977,0.5850980392156864,422.90641926732684,21.180753418090337,0.49072008391634486,0.7954175545170407,0.006993459142165364,0.7852271792899094,0.8070198901947421,0.49077759647521324
17,0.5,0.5,0.55,16,87.24769079510581,0.5803921568627453,418.8199989450742,21.177487268472255,0.49950753081013954,0.8000191220484548,0.011376651152541896,0.7869645884867384,0.8222275009519674,0.4997728874535244
17,0.5,0.5,0.55,17,83.15995977281817,0.6007843137254902,400.17968716873776,19.792223935281164,0.49572884763637964,0.798310051170698,0.007566973500941026,0.7886735614224601,0.814499461288779,0.49617447498888784
17,0.5,0.5,0.55,18,84.76554225391347,0.5919607843137255,403.63241318196236,20.352290855734406,0.502433449599758,0.8013178604774556,0.0037968903254438253,0.7975819139639859,0.8082042541497911,0.5025345852773346
17,0.5,0.5,0.55,19,81.27202794788325,0.6068627450980392,381.31928364601293,19.3308416355566,0.5091650243668998,0.8039636503711278,0.006792517828111738,0.7966040079411596,0.8179819018363549,0.5085461625545779
17,0.5,0.5,0.65,0,91.5122050327309,0.5788235294117646,519.1175531484676,25.728411931185864,0.42155578846199165,0.761009915562378,0.004355820380565342,0.7550916953017882,0.7690946491321975,0.42178780979337377
17,0.5,0.5,0.65,1,93.54045785176764,0.5700000000000002,531.5844065952099,26.579220329760552,0.4214964772924456,0.7607482386462228,0.0,0.7607482386462228,0.7607482386462228,0.4214964772924456
17,0.5,0.5,0.65,2,88.98924257412467,0.5872549019607844,489.34488605756655,24.73775517584961,0.4357860794149218,0.7673263668810429,0.008708182955828574,0.7541503134194754,0.7804949340188705,0.43521940658850394
17,0.5,0.5,0.65,3,88.2412408154639,0.5894117647058823,480.1588136400684,24.56907707008811,0.4396552143352402,0.7689251467861671,0.012705454100427897,0.7519849947649686,0.7899482864650518,0.4387527539537871
17,0.5,0.5,0.65,4,88.55150222088918,0.5901960784313726,491.73462137414697,24.730443862047288,0.4307742431835394,0.7655038679497672,0.005361463184561598,0.753878810547808,0.7712875422641365,0.43089098954153693
17,0.5,0.5,0.65,5,90.80493759376336,0.5813725490196079,512.6622405253544,25.50367026467581,0.42352021576468546,0.7618051963378616,0.00665836212115556,0.7506185445656569,0.7722344618718313,0.4235653042202042
17,0.5,0.5,0.65,6,86.66708050225654,0.599607843137255,482.1714841212583,24.034343774302517,0.4290515605802264,0.7644619509516601,0.0008881131487664536,0.763227886867537,0.7685308364141428,0.4289877312417734
17,0.5,0.5,0.65,7,91.14075944061655,0.58,512.4525579175269,25.6226278958764,0.4255489466721782,0.7627744733360888,2.2425405839770103e-16,0.762774473336089,0.762774473336089,0.4255489466721782
17,0.5,0.5,0.65,8,96.23863971465994,0.558235294117647,550.7385708328206,27.522459829610728,0.41911815141620384,0.759548378479784,0.0014534294843763858,0.7582734045948729,0.7629560059756305,0.4191074541878859
17,0.5,0.5,0.65,9,93.05720788735277,0.5721568627450981,529.1971931241794,26.42771495420816,0.4210220571289658,0.7602345993009445,0.002553657887581481,0.7552153312307094,0.7628825230061672,0.4207456278654275
17,0.5,0.5,0.65,10,95.9135369197567,0.5599999999999999,550.0318752332066,27.5015937616604,0.4181617246846453,0.7590808623423227,1.1212702919885052e-16,0.7590808623423226,0.7590808623423226,0.4181617246846453
17,0.5,0.5,0.65,11,89.20012777343304,0.5882352941176471,499.7962241146835,24.898841012289694,0.42658727173260474,0.7632195651594771,0.004582788190673938,0.7570265785238668,0.772304758592395,0.42651320102577944
17,0.5,0.5,0.65,12,87.22364431964894,0.5947058823529412,476.90292778152235,24.20738442719007,0.43764130282186753,0.7689913234409136,0.009258279275513197,0.7566006961800985,0.7850313025556321,0.4378119748518474
17,0.5,0.5,0.65,13,84.52724413216262,0.6072549019607842,460.5981388181236,23.06076968596875,0.4379247438843912,0.7689838521303457,0.0022574489160854384,0.766574979438629,0.7759280543199025,0.4379462240725414
17,0.5,0.5,0.65,14,99.0520701748337,0.5460784313725491,571.622075864869,28.774323363311883,0.4161798097939155,0.758204801716307,0.0019025701472074978,0.7553374826969453,0.7615634217000904,0.4162947066132648
17,0.5,0.5,0.65,15,93.64274194308172,0.569607843137255,532.7216319383099,26.581686489478642,0.4208163134407569,0.7603605294252518,0.0009242706891124674,0.7592336696713392,0.7646182920642544,0.4207686861456303
17,0.5,0.5,0.65,16,93.17637449344977,0.5703921568627451,523.0474789371374,26.1595591362004,0.42678333789123046,0.7633763691169413,0.00046433965707160917,0.7611207360375516,0.7637368102363833,0.42676803806255664
17,0.5,0.5,0.65,17,93.7985917926404,0.5662745098039216,523.5736461055991,26.258896804329105,0.42919414333389616,0.764719783546469,0.008701391228109383,0.752671833191356,0.7809975670469314,0.42931685521341706
17,0.5,0.5,0.65,18,89.6374913880101,0.5847058823529413,495.16941614738766,24.959433344325767,0.4345300155285868,0.7675860227412228,0.006312935310751754,0.7551018282554848,0.7774415210004179,0.43485103050551627
17,0.5,0.5,0.65,19,91.1920412451672,0.58,513.9872910326199,25.699364551631074,0.42451701174235423,0.7622585058711774,2.2425405839770103e-16,0.7622585058711772,0.7622585058711772,0.42451701174235423
18,0.5,0.25,0.35,0,81.93361665954212,0.5507843137254902,273.2234350027507,13.155109307008583,0.7169964071015964,0.9094014982649334,0.00850209890672824,0.8950781263228123,0.9303875116637821,0.7183513491727993
18,0.5,0.25,0.35,1,83.48524399501832,0.5347058823529413,269.91690931740493,13.385952746319127,0.7440216500177517,0.9212072522614884,0.009399957216129703,0.9074408651287499,0.9379889761900607,0.7428162908966702
18,0.5,0.25,0.35,2,85.33192771442529,0.5245098039215685,275.6918620986823,13.844960813841496,0.7461869430981056,0.9235121029817988,0.006590320120259931,0.9134630924097079,0.932718012414122,0.7468148902472246
18,0.5,0.25,0.35,3,84.09125269102628,0.5327450980392157,272.85560305512405,13.650294050366702,0.7414800193173161,0.9209965529973306,0.002610475934639351,0.9171926475779479,0.9253639602789215,0.7418648343253247
18,0.5,0.25,0.35,4,83.24683692561186,0.5360784313725491,268.4627618043358,13.38552370054688,0.7455769819625251,0.9223379526366442,0.002495865889601003,0.9195664957995107,0.9294524781403819,0.7449011744455977
18,0.5,0.25,0.35,5,84.6602507362833,0.5300000000000001,274.78378093775075,13.739289446656853,0.7414084030586865,0.9207046145298735,1.5380848488430674e-06,0.9207023879717943,0.9207075898834715,0.7414090225594816
18,0.5,0.25,0.35,6,84.93941560692986,0.5294117647058824,277.4586118955594,13.786943119802684,0.736131665029441,0.9187713128853403,0.004933816031064151,0.9121594552218427,0.9265808130942508,0.7371898855853708
18,0.5,0.25,0.35,7,83.53433044124637,0.5343137254901961,270.25083331799067,13.356095216758977,0.743134424900783,0.9215611645157756,0.015524602249175732,0.9034908430844286,0.9441793715961053,0.7431253529988594
18,0.5,0.25,0.35,8,84.89863404667588,0.5300000000000001,277.1690928562165,13.85845464281094,0.7370972452101103,0.9185486226050553,1.5393313301747659e-15,0.9185486226050532,0.9185486226050583,0.7370972452101109
18,0.5,0.25,0.35,9,81.84602432013318,0.5486274509803921,270.797980588731,13.100889644222184,0.7229441401593927,0.9146782662084582,0.02070651584691124,0.8899617040309495,0.9575852013432764,0.7277534343525354
18,0.5,0.25,0.35,10,82.19555677683883,0.5449019607843137,268.63094761789785,13.177887602490046,0.7345735337077052,0.9180020000318876,0.006418173565226644,0.9113041170160641,0.936356043957207,0.7356463834747575
18,0.5,0.25,0.35,11,84.07573024200136,0.5299999999999999,270.7445456967742,13.5178705512151,0.7479621650046343,0.9255248332086826,0.014745283161433878,0.9066430383598316,0.9444956428709181,0.7502777910641827
18,0.5,0.25,0.35,12,85.84456121850005,0.5245098039215688,280.2561084543757,14.065886683281633,0.7378512680205227,0.9194192885293555,0.0022425278943014174,0.9161763177841953,0.9231689924762669,0.7385917497991638
18,0.5,0.25,0.35,13,87.01024453796042,0.5184313725490197,284.6179295020898,14.247984888902913,0.7367124141854738,0.9181403635725507,0.0022339932196554614,0.9141513694165567,0.9223556060789699,0.7363886489051942
18,0.5,0.25,0.35,14,83.0073802314354,0.5343137254901962,264.7554267126135,13.254568668843806,0.7535675826113274,0.9267944978385152,0.0048673603708493845,0.9201662273285116,0.9346292393545845,0.7535836424106046
18,0.5,0.25,0.35,15,83.31285293740474,0.5372549019607844,271.46244983346475,13.407545806889015,0.7377206341827313,0.9212082106490445,0.016970550705206155,0.8999408989935006,0.9498749147205242,0.7412424745192495
18,0.5,0.25,0.35,16,86.25789038350672,0.518235294117647,278.6301832706034,13.981068462959248,0.747757865199438,0.9281575120493926,0.02426135287871537,0.8983440861810152,0.9595605043729692,0.754175734373948
18,0.5,0.25,0.35,17,85.25926753827484,0.5219607843137256,272.86454210408857,13.71222211744735,0.7510851392798037,0.9242993459869672,0.01314083608462946,0.9056711371956012,0.9466485648060253,0.7492203038004019
18,0.5,0.25,0.35,18,82.63067087408781,0.5325490196078432,261.2337803490272,12.984694380449545,0.7644718008687176,0.9276770961221815,0.03213896950172285,0.8865558732488055,0.9687253623465872,0.7576335944004516
18,0.5,0.25,0.35,19,83.17317108593782,0.5331372549019608,264.96753977573525,13.310726913589479,0.756355567751254,0.9270985767893293,0.006562514526163768,0.9163250885572373,0.9354151746238928,0.7547367571218075
18,0.5,0.25,0.45,0,82.58802940185899,0.5829411764705883,337.909056287773,16.85333441154116,0.5845832776608905,0.8425266265636776,0.003231214998639198,0.8388284925929057,0.8476919791790056,0.5849357592607388
18,0.5,0.25,0.45,1,85.65790471641834,0.5700000000000002,355.8458090818782,17.792290454093976,0.5765968725545183,0.8382984362772589,2.2425405839770103e-16,0.8382984362772591,0.8382984362772591,0.5765968725545185
18,0.5,0.25,0.45,2,81.95711261219422,0.5847058823529413,333.23630177961667,16.613358303655996,0.5879498330284337,0.846350000957835,0.007049112250740855,0.8304508901265619,0.8601834257638992,0.5915124596938606
18,0.5,0.25,0.45,3,81.73068910774774,0.5794117647058824,319.70007014256163,16.52730646100625,0.6130488352756656,0.8538088236544573,0.016464118594908615,0.8316363640017961,0.8737851908302906,0.6089754443006025
18,0.5,0.25,0.45,4,79.79308556899485,0.5954901960784313,323.4892637291346,16.082870329381112,0.5891192332255304,0.843477114785494,0.004973766292835737,0.8365839461975622,0.851524561119056,0.5874954804846236
18,0.5,0.25,0.45,5,82.42921600579405,0.5831372549019608,337.62574722101755,16.801307452732708,0.5842301161848124,0.8430705280983543,0.012612391343879856,0.8294849700111453,0.8621607704575652,0.5856633211937343
18,0.5,0.25,0.45,6,81.00469589724086,0.59,328.6448725166488,16.432243625832488,0.5891240858333857,0.8445620429166929,0.0,0.8445620429166929,0.8445620429166929,0.5891240858333858
18,0.5,0.25,0.45,7,82.9748050257486,0.58,336.5733350293024,16.82866675146516,0.5898710423918141,0.8449355211959072,1.1212702919885052e-16,0.8449355211959071,0.8449355211959071,0.5898710423918142
18,0.5,0.25,0.45,8,82.41039811954717,0.5782352941176471,326.968652802677,16.68470464451259,0.6040538529897009,0.8497759439502173,0.01523986056885267,0.8212030899693321,0.8676277341398857,0.6006773791727512
18,0.5,0.25,0.45,9,84.1344684855501,0.5764705882352941,347.1012451859268,17.32878364228623,0.5802103569927066,0.8404203851768708,0.0017656409551579351,0.8384372117454321,0.8429915343516978,0.5806831670134828
18,0.5,0.25,0.45,10,83.16471222338576,0.5790196078431373,338.67992062262846,16.942116356437694,0.5882297932761917,0.84425948672939,0.007007405998053345,0.8349031011315869,0.8558591193759832,0.588446678413133
18,0.5,0.25,0.45,11,79.26448437802702,0.6001960784313726,326.44671180420454,15.971817960021335,0.579104849217381,0.8398131679251942,0.009473311981572273,0.8295983210511008,0.8623507166748661,0.5794959641921364
18,0.5,0.25,0.45,12,80.60347520257078,0.5829411764705883,310.5183284259202,16.186776966909154,0.6220292496083789,0.8588638257214608,0.01380259921399541,0.8452356330943636,0.881158974097195,0.6188030509842861
18,0.5,0.25,0.45,13,78.4306905323394,0.6047058823529412,323.1157503519767,15.622833295411297,0.5782702004512038,0.837551025419286,0.00919596942724029,0.8247180352868341,0.8519271075923764,0.5758940882417303
18,0.5,0.25,0.45,14,83.83841728512843,0.5670588235294118,325.09121602609736,17.076002603912052,0.6211998803349031,0.8609287652100268,0.013249732641852032,0.8413686366855602,0.8782314339466246,0.621693117898766
18,0.5,0.25,0.45,15,83.8565361841391,0.5754901960784314,341.61110640634973,17.217655482370105,0.5879279538947646,0.8449008450660883,0.005510535351209541,0.8337985540694783,0.851592610213379,0.5893332560728235
18,0.5,0.25,0.45,16,82.61661858454602,0.581764705882353,336.0563133681314,16.825118193972827,0.5897054536381039,0.8447649109089717,0.006216471455598032,0.839395137938148,0.8578893079610415,0.5895737297729834
18,0.5,0.25,0.45,17,83.77358399737734,0.5750980392156863,339.2299453412429,16.941633840900476,0.5908079737388889,0.8456100961261716,0.006468372022943799,0.8351570682551415,0.8564141279424046,0.5911171376239795
18,0.5,0.25,0.45,18,83.55134541168395,0.5758823529411764,336.91479231327787,16.84600855774673,0.5941136251258268,0.8473384733800471,0.004522881450822589,0.8432447140710029,0.8609153043298802,0.5945361163515274
18,0.5,0.25,0.45,19,80.75705242322952,0.59,325.2412971884341,16.263058291357993,0.5929529431246149,0.8461970728336894,0.0012469057839093465,0.843044629624367,0.8490372362328238,0.5925338450316879
18,0.5,0.25,0.55,0,85.38336702959133,0.5915686274509804,415.97992725762174,20.842228705579707,0.4909215061467342,0.7947145136197177,0.0041502936815976214,0.7899294033742146,0.8013800693392572,0.4898021469662599
18,0.5,0.25,0.55,1,89.03044286353325,0.5758823529411764,439.47334713731334,21.961348501416037,0.4849507094107787,0.7926854290191807,0.002141427463204208,0.7902952268430903,0.795506267290441,0.4852658208814657
18,0.5,0.25,0.55,2,85.57458023721422,0.5911764705882353,418.9033983711902,20.790202306958555,0.4879516848362679,0.7953008882695365,0.007998577089671381,0.7876642117439466,0.8091629892668631,0.4899392536133716
18,0.5,0.25,0.55,3,80.98318442431847,0.6129411764705882,395.044571262629,19.33162217761392,0.48828961188591646,0.7932779437491625,0.005151375251198952,0.7833127992104647,0.800700842510348,0.4869893185952227
18,0.5,0.25,0.55,4,79.78431970890834,0.6154901960784314,378.1723049720029,18.86488614880119,0.5028506458975966,0.8018404481400279,0.0021050961724962745,0.7989027799412993,0.8044908368217787,0.5034733336844409
18,0.5,0.25,0.55,5,86.62184361947794,0.5849019607843137,421.2341911309576,21.155693063534336,0.4924463202453804,0.7968178824296426,0.013195759409538608,0.7813166931182718,0.8162500029218949,0.49333840370580884
18,0.5,0.25,0.55,6,83.60548946589977,0.6000000000000001,405.71842704303873,20.28592135215199,0.49201136494046915,0.7960056824702346,1.1212702919885052e-16,0.7960056824702345,0.7960056824702345,0.4920113649404692
18,0.5,0.25,0.55,7,87.70978281957312,0.5801960784313727,426.95209517751556,21.436821488814093,0.49161586930006584,0.7955776389864297,0.004200312346894673,0.7887950575542664,0.8031530837263023,0.4912704258046613
18,0.5,0.25,0.55,8,85.33211396193124,0.5864705882352941,400.3006984882659,20.704622883939503,0.5113792402189322,0.8058261328431852,0.013011146201354898,0.7860706014410483,0.8234017471016113,0.5115840093195109
18,0.5,0.25,0.55,9,85.93246205017944,0.5864705882352942,412.2254086826397,20.923405232598814,0.5001014901706358,0.8008575271913975,0.012162649116889952,0.7809469252105611,0.8159205767613644,0.5013116633297553
18,0.5,0.25,0.55,10,85.27396074266753,0.5825490196078431,386.3990882130068,20.683351409747658,0.5323868865237211,0.8153509793996966,0.013149162626611602,0.7955012607780532,0.8356193090617736,0.531123190730475
18,0.5,0.25,0.55,11,82.44500803329458,0.6052941176470588,400.3251537958162,19.81650150144655,0.4913262150483247,0.7959630239530859,0.004905114787098049,0.7868345018583456,0.8033734843260951,0.49177608969170994
18,0.5,0.25,0.55,12,81.74415684588448,0.6084313725490197,396.26904866075773,19.59873878160859,0.49185394681660144,0.797299510900241,0.007394639025732758,0.7882986042303731,0.8121354923167052,0.49391275305451204
18,0.5,0.25,0.55,13,82.08624076709557,0.6052941176470588,391.94727653768433,19.593230324237947,0.4998188685664109,0.7999003685614307,0.0021491794010248685,0.79738268469412,0.802639774550547,0.49980526998374863
18,0.5,0.25,0.55,14,78.49421174775881,0.6190196078431373,365.51979375309963,18.36582367554473,0.5123045431980989,0.8019469117845491,0.015393093979127173,0.7819096899667949,0.8347770205393488,0.5059965034763484
18,0.5,0.25,0.55,15,88.0584220544687,0.5798039215686275,432.7428068193076,21.65417661416229,0.4869966365039094,0.7926618592528064,0.00646447571111161,0.7825548391574582,0.7995394713808289,0.4857419480051872
18,0.5,0.25,0.55,16,90.18208538924908,0.5700000000000002,443.0406414189595,22.152033460874947,0.4875772111781213,0.7937886085166902,1.0793029624382178e-08,0.7937885950556822,0.7937886321165603,0.48757721556956574
18,0.5,0.25,0.55,17,88.0965262581756,0.5774509803921568,425.68630017646103,21.406989348283734,0.49662869422341577,0.7969899226075271,0.004343947509140265,0.7893357555853509,0.8063930348777184,0.4946420574671445
18,0.5,0.25,0.55,18,84.5791854386012,0.5915686274509803,399.0688279691116,20.294384420782727,0.5057286721487159,0.8019295559637815,0.006901147738644037,0.7899845624585993,0.8110378580029749,0.504326501982851
18,0.5,0.25,0.55,19,81.02072436166108,0.6111764705882353,390.3402458669597,19.278758213686814,0.4947603703156928,0.79740359393557,0.006516655051479272,0.7903090835290494,0.8109555942883004,0.4947954834822781
18,0.5,0.25,0.65,0,94.44972585277844,0.5650980392156862,533.6032035664305,26.752713371750232,0.4243026066619457,0.7621196445863462,0.0017483724427918316,0.7600069084257003,0.7642017225095918,0.42425511854500564
18,0.5,0.25,0.65,1,94.97902156676852,0.5641176470588236,544.5777048376243,27.22528956148758,0.4180747939549012,0.759351962563264,0.0016923097554380295,0.756451802356591,0.7611869588810473,0.41854664233362115
18,0.5,0.25,0.65,2,87.5627618114963,0.5925490196078431,475.31983519208114,24.13399714767035,0.440882294678012,0.7688075385204004,0.006503095480648018,0.7628733775769396,0.7846142220634654,0.4384318814501036
18,0.5,0.25,0.65,3,91.18129899150803,0.58,513.6651854124045,25.683259270620294,0.4247331762645088,0.7623665881322541,2.2425405839770103e-16,0.7623665881322543,0.7623665881322543,0.42473317626450896
18,0.5,0.25,0.65,4,87.40407352686925,0.5966666666666667,490.8909199678956,24.260321897290712,0.42480712866316955,0.7626964023858391,0.0054540813952530225,0.7564836456536109,0.772388749194357,0.42524638574455126
18,0.5,0.25,0.65,5,88.57784885268966,0.5901960784313726,492.73675163362293,24.66837239872135,0.42998035435495247,0.7650898656918343,0.007535854028726547,0.7554468951334729,0.775974850045597,0.43012988712648964
18,0.5,0.25,0.65,6,87.2433569224965,0.5966666666666668,484.50793541640445,24.267732361501402,0.4300991291896588,0.7651652390582551,0.0011021676335252692,0.7639125283840513,0.7672455713077236,0.4302726408847971
18,0.5,0.25,0.65,7,88.7087830851445,0.59,492.52857301610186,24.626428650805156,0.4304856064191563,0.7652428032095785,2.2425405839770103e-16,0.7652428032095783,0.7652428032095783,0.4304856064191564
18,0.5,0.25,0.65,8,85.48749523254983,0.6037254901960785,473.5306806891688,23.468485474566222,0.43094715910076165,0.7644470547197567,0.012835714716020958,0.750741605090222,0.7892189854205048,0.4294073718548254
18,0.5,0.25,0.65,9,86.5991721686241,0.5992156862745097,480.37439048493724,23.813590259944565,0.4301017299935542,0.7647634921527227,0.007159993483495814,0.7567666767158283,0.7769618990286475,0.42967067072747267
18,0.5,0.25,0.65,10,93.92269742891935,0.5688235294117646,538.0230883181412,26.688495272571064,0.418095280463951,0.7588323473117885,0.003206304425044131,0.7539908644496245,0.7641014619247682,0.4177723410836704
18,0.5,0.25,0.65,11,91.83380114978716,0.5749019607843138,509.93178190705675,25.893577276035813,0.4318423665346747,0.7661042432642784,0.007432172417820357,0.7567143748523566,0.7774992400391257,0.4321169565300864
18,0.5,0.25,0.65,12,84.32308130644768,0.6094117647058823,464.78303104005425,23.124703018003174,0.4329055145474814,0.7664832107790737,0.0030115877353299233,0.7617622311340735,0.7709647220010689,0.43295119480548067
18,0.5,0.25,0.65,13,88.82092555647094,0.5882352941176472,489.74539720753705,24.775041252031862,0.4347820228368171,0.7679089206223093,0.006948630874597523,0.7574631438670748,0.7789500477805681,0.43555888664266795
18,0.5,0.25,0.65,14,94.63794111154864,0.5643137254901962,536.8689003452178,26.944872591949835,0.42293484598456943,0.7611672288647487,0.005714352458582907,0.7530276108132886,0.7690648169352569,0.4224845547932656
18,0.5,0.25,0.65,15,93.51414500323112,0.5700000000000002,530.7828885347781,26.539144426738908,0.42201421984849435,0.7610071099242471,1.1212702919885052e-16,0.761007109924247,0.761007109924247,0.4220142198484942
18,0.5,0.25,0.65,16,94.35562350280031,0.5658823529411765,535.5138121102148,26.763782033521228,0.42229184426414335,0.7613248986008935,0.001886358634069347,0.7585608574563169,0.7644723085051416,0.42256030896737595
18,0.5,0.25,0.65,17,92.8585344880716,0.5707843137254902,516.4416455690596,26.035033528898317,0.4314411931988268,0.7660636214427297,0.001934581769888889,0.7609384533840282,0.769327627900192,0.43195573046380115
18,0.5,0.25,0.65,18,93.22742823669496,0.571372549019608,530.0232504666994,26.561939186041815,0.42161984504407685,0.7608237921857078,0.0017549065205462303,0.7560420382005218,0.7620635894934367,0.4216406495395809
18,0.5,0.25,0.65,19,91.17083542604277,0.58,513.3517512969071,25.667587564845416,0.42494373279208647,0.7624718663960431,1.1212702919885052e-16,0.7624718663960433,0.7624718663960433,0.4249437327920865
19,0.5,0.0,0.35,0,81.82999982923927,0.5729411764705882,306.85248246130413,15.119145539583466,0.6394627705627048,1.0,0.0,1.0,1.0,0.9
19,0.5,0.0,0.35,1,84.64382685317553,0.5498039215686275,303.29727968207936,15.438955531531624,0.670191770918238,1.0,0.0,1.0,1.0,0.9
19,0.5,0.0,0.35,2,81.00976589657307,0.5701960784313725,292.16250172748556,14.587091576385491,0.6643173218334603,1.0,0.0,1.0,1.0,0.9
19,0.5,0.0,0.35,3,84.16139694143462,0.553921568627451,304.27547829638326,15.424235560985244,0.6654965635951229,1.0,0.0,1.0,1.0,0.9
19,0.5,0.0,0.35,4,81.32576013371798,0.5694117647058824,294.68091248498166,14.696269820613956,0.6611464554533002,1.0,0.0,1.0,1.0,0.9
19,0.5,0.0,0.35,5,79.73659155994774,0.5772549019607843,288.059366469791,14.348604589455158,0.662462342434298,1.0,0.0,1.0,1.0,0.9
19,0.5,0.0,0.35,6,87.06933269506538,0.531372549019608,305.5811790756865,15.76038716178233,0.6889982252028021,1.0,0.0,1.0,1.0,0.9
19,0.5,0.0,0.35,7,83.2124080872078,0.5599999999999999,301.12336766752185,15.056168383370965,0.6626677902255039,1.0,0.0,1.0,1.0,0.9
19,0.5,0.0,0.35,8,83.57903840220142,0.5588235294117648,304.48996168494705,15.26087369386968,0.6586742217503501,1.0,0.0,1.0,1.0,0.9
19,0.5,0.0,0.35,9,82.7577798981644,0.5547058823529413,290.11102283307974,14.757023476390488,0.6891014763207505,1.0,0.0,1.0,1.0,0.9
19,0.5,0.0,0.35,10,84.26264277224112,0.5580392156862747,312.04140986477927,15.578680642058316,0.6477540765357654,1.0,0.0,1.0,1.0,0.9
19,0.5,0.0,0.35,11,79.22277615863321,0.5843137254901961,292.884803891906,14.36383301932759,0.6464903613990804,1.0,0.0,1.0,1.0,0.9
19,0.5,0.0,0.35,12,80.34159032795986,0.5733333333333334,289.23830412741034,14.434483186422934,0.6651752821218758,1.0,0.0,1.0,1.0,0.9
19,0.5,0.0,0.35,13,83.39556377669919,0.5547058823529413,297.2156482659041,15.078558255090606,0.6740900912442856,1.0,0.0,1.0,1.0,0.9
19,0.5,0.0,0.35,14,84.86964336955745,0.5566666666666668,317.4397607602614,15.815914721705063,0.6413058803461197,1.0,0.0,1.0,1.0,0.9
19,0.5,0.0,0.35,15,81.41134675208986,0.5698039215686276,295.0730036756545,14.73306296466467,0.6607692952702153,1.0,0.0,1.0,1.0,0.9
19,0.5,0.0,0.35,16,81.9393882074038,0.5649019607843137,294.3491764514657,14.691452327222278,0.666965721761226,1.0,0.0,1.0,1.0,0.9
19,0.5,0.0,0.35,17,83.82607264819946,0.5541176470588236,300.4629806089584,15.045669630614034,0.6703973204538141,1.0,0.0,1.0,1.0,0.9
19,0.5,0.0,0.35,18,79.6994912507924,0.5758823529411765,285.0203030860973,14.083913952973862,0.6683861076365077,1.0,0.0,1.0,1.0,0.9
19,0.5,0.0,0.35,19,81.32005037755249,0.5686274509803922,292.77665694106815,14.641390823488544,0.6650602338066804,1.0,0.0,1.0,1.0,0.9
19,0.5,0.0,0.45,0,87.36106032674583,0.5876470588235294,446.1308822702036,22.244862131056713,0.46787799740521263,1.0,0.0,1.0,1.0,0.9
19,0.5,0.0,0.45,1,90.5374528641424,0.5737254901960785,466.95941183274175,23.322501632648688,0.46421785143861916,1.0,0.0,1.0,1.0,0.9
19,0.5,0.0,0.45,2,85.70896601617464,0.5925490196078431,427.77111168133735,21.343081450438905,0.4787996845808017,1.0,0.0,1.0,1.0,0.9
19,0.5,0.0,0.45,3,86.19618695798077,0.5845098039215687,410.47480840503954,21.364275418305823,0.5035128671382385,1.0,0.0,1.0,1.0,0.9
19,0.5,0.0,0.45,4,84.0980568136886,0.6003921568627452,419.5758372229343,20.921101672624683,0.4785243306407186,1.0,0.0,1.0,1.0,0.9
19,0.5,0.0,0.45,5,87.04381905811319,0.5878431372549019,440.88639202930545,21.89350973412068,0.4715162728646905,1.0,0.0,1.0,1.0,0.9
19,0.5,0.0,0.45,6,82.98411118982779,0.6049019607843138,410.81464766901826,20.45737743029576,0.4815257764844187,1.0,0.0,1.0,1.0,0.9
19,0.5,0.0,0.45,7,89.0311666622726,0.58,455.1838327756935,22.759191638784742,0.46799991919062944,1.0,0.0,1.0,1.0,0.9
19,0.5,0.0,0.45,8,86.24360665947343,0.5901960784313727,431.76820303044593,21.577149629427648,0.4777251150993912,1.0,0.0,1.0,1.0,0.9
19,0.5,0.0,0.45,9,86.80131239277068,0.585686274509804,426.9068240722497,21.66887120927508,0.4879258714124548,1.0,0.0,1.0,1.0,0.9
19,0.5,0.0,0.45,10,91.48808871210935,0.5700000000000002,474.46297428742383,23.72314871437126,0.46187974643365315,1.0,0.0,1.0,1.0,0.9
19,0.5,0.0,0.45,11,85.15444384971747,0.5956862745098039,425.8724716947785,21.27441566575772,0.47770905425067034,1.0,0.0,1.0,1.0,0.9
19,0.5,0.0,0.45,12,82.18466967923577,0.6076470588235294,403.488050032077,20.157256157902594,0.48606866858259534,1.0,0.0,1.0,1.0,0.9
19,0.5,0.0,0.45,13,83.17200194860308,0.6031372549019608,410.1966058879931,20.416885158899273,0.48395983781449287,1.0,0.0,1.0,1.0,0.9
19,0.5,0.0,0.45,14,91.41042249966242,0.5700000000000002,472.4968715010554,23.624843575513605,0.46340793914509804,1.0,0.0,1.0,1.0,0.9
19,0.5,0.0,0.45,15,91.73114806600498,0.5684313725490197,474.33988992689837,23.672685223127345,0.4630781400945056,1.0,0.0,1.0,1.0,0.9
19,0.5,0.0,0.45,16,91.01051701136757,0.5700000000000002,462.575208843556,23.12876044217777,0.47127664592537466,1.0,0.0,1.0,1.0,0.9
19,0.5,0.0,0.45,17,86.06243300864706,0.5870588235294119,416.2523846017928,20.95448597721814,0.4958192964286895,1.0,0.0,1.0,1.0,0.9
19,0.5,0.0,0.45,18,86.9055159282861,0.5864705882352942,430.8316083866892,21.492942975582313,0.48224354570502054,1.0,0.0,1.0,1.0,0.9
19,0.5,0.0,0.45,19,85.66801494084127,0.5909803921568628,421.6266630104289,21.34248173886224,0.48659594203622575,1.0,0.0,1.0,1.0,0.9
19,0.5,0.0,0.55,0,98.05124312077314,0.5584313725490196,613.1935307959062,30.690265586778505,0.3835795997030946,1.0,0.0,1.0,1.0,0.9
19,0.5,0.0,0.55,1,95.51516472912742,0.5700000000000002,597.9256032128708,29.896280160643524,0.38264132313792043,1.0,0.0,1.0,1.0,0.9
19,0.5,0.0,0.55,2,101.62183766159305,0.5445098039215686,651.3607630144886,32.58568585694858,0.37490472500866595,1.0,0.0,1.0,1.0,0.9
19,0.5,0.0,0.55,3,98.4906860279138,0.5578431372549021,626.1807705913616,31.21309604976384,0.37722276228614143,1.0,0.0,1.0,1.0,0.9
19,0.5,0.0,0.55,4,97.94462298946068,0.5599999999999999,619.6162228089778,30.98081114044895,0.37906182496506324,1.0,0.0,1.0,1.0,0.9
19,0.5,0.0,0.55,5,98.0329816159903,0.5599999999999999,622.9706596405716,31.148532982028655,0.37736085645949297,1.0,0.0,1.0,1.0,0.9
19,0.5,0.0,0.55,6,104.98578584338732,0.5300000000000001,675.8274715223918,33.79137357611971,0.3738208733220098,1.0,0.0,1.0,1.0,0.9
19,0.5,0.0,0.55,7,99.10880576836736,0.5531372549019608,618.0857765593206,31.048581609772565,0.3854383175900054,1.0,0.0,1.0,1.0,0.9
19,0.5,0.0,0.55,8,98.34777847660928,0.5576470588235294,618.8828121741635,30.91697072814247,0.3811080424358455,1.0,0.0,1.0,1.0,0.9
19,0.5,0.0,0.55,9,95.61134570696038,0.5700000000000002,601.5026549881081,30.075132749405363,0.380748826199119,1.0,0.0,1.0,1.0,0.9
19,0.5,0.0,0.55,10,98.81747096839786,0.556078431372549,625.8145006883965,31.349367019126525,0.37887988231067965,1.0,0.0,1.0,1.0,0.9
19,0.5,0.0,0.55,11,98.21597410308314,0.5564705882352942,608.2960542870564,30.883523241734203,0.3883729265023175,1.0,0.0,1.0,1.0,0.9
19,0.5,0.0,0.55,12,106.70980119812128,0.5229411764705884,693.463399828606,34.71680064641351,0.3707578859446635,1.0,0.0,1.0,1.0,0.9
19,0.5,0.0,0.55,13,100.38193612512907,0.55,641.768821963122,32.088441098156096,0.37551256395095745,1.0,0.0,1.0,1.0,0.9
19,0.5,0.0,0.55,14,100.39446472399223,0.55,642.2527210856884,32.11263605428442,0.37527646977612533,1.0,0.0,1.0,1.0,0.9
19,0.5,0.0,0.55,15,96.91463706821693,0.5635294117647058,606.4956557221806,30.404674160453766,0.38332755513256006,1.0,0.0,1.0,1.0,0.9
19,0.5,0.0,0.55,16,98.12760244439129,0.5599999999999999,626.5965279167079,31.329826395835376,0.37553933596509026,1.0,0.0,1.0,1.0,0.9
19,0.5,0.0,0.55,17,101.06399858333093,0.5454901960784314,637.3086070488172,32.114708271427745,0.38078176187359225,1.0,0.0,1.0,1.0,0.9
19,0.5,0.0,0.55,18,97.69131609893526,0.5598039215686275,610.806804105397,30.797589227593793,0.38349022788593634,1.0,0.0,1.0,1.0,0.9
19,0.5,0.0,0.55,19,94.15291025336933,0.5760784313725489,589.5471830050882,29.33107761734659,0.38205457358304346,1.0,0.0,1.0,1.0,0.9
19,0.5,0.0,0.65,0,119.9274802845376,0.4794117647058823,918.2547761340747,45.730383572235596,0.3162863584046236,1.0,0.0,1.0,1.0,0.9
19,0.5,0.0,0.65,1,112.50423602478354,0.51,843.6712258047378,42.18356129023686,0.3216842091223851,1.0,0.0,1.0,1.0,0.9
19,0.5,0.0,0.65,2,121.2841090630816,0.47254901960784307,919.6109007665068,46.08183217131164,0.31976884211627477,1.0,0.0,1.0,1.0,0.9
19,0.5,0.0,0.65,3,120.64534494680669,0.47686274509803916,930.919468470108,46.17607062705894,0.3139779018504298,1.0,0.0,1.0,1.0,0.9
19,0.5,0.0,0.65,4,117.26124684557595,0.49,886.9450452548539,44.34725226274263,0.3197456926848591,1.0,0.0,1.0,1.0,0.9
19,0.5,0.0,0.65,5,124.55838617645432,0.46,961.1330704803646,48.056653524018365,0.31470537217378497,1.0,0.0,1.0,1.0,0.9
19,0.5,0.0,0.65,6,114.8697507071429,0.5,864.5940251097984,43.229701255489864,0.32090593978960774,1.0,0.0,1.0,1.0,0.9
19,0.5,0.0,0.65,7,112.40553166973008,0.51,838.4572737980994,41.9228636899049,0.3234006233371563,1.0,0.0,1.0,1.0,0.9
19,0.5,0.0,0.65,8,114.85077815056353,0.5,863.5800339750439,43.17900169875218,0.3212296734976596,1.0,0.0,1.0,1.0,0.9
19,0.5,0.0,0.65,9,122.18806022469624,0.46999999999999986,939.7648732653548,46.988243663267866,0.3152978940993632,1.0,0.0,1.0,1.0,0.9
19,0.5,0.0,0.65,10,124.51638437557735,0.46,958.7763808868715,47.93881904434372,0.3153725423413578,1.0,0.0,1.0,1.0,0.9
19,0.5,0.0,0.65,11,126.92160276771652,0.45,982.1221572765883,49.10610786382955,0.3142698635268309,1.0,0.0,1.0,1.0,0.9
19,0.5,0.0,0.65,12,133.4508327138311,0.4227450980392158,1045.0715258155983,52.25008465669583,0.31180855766212484,1.0,0.0,1.0,1.0,0.9
19,0.5,0.0,0.65,13,124.64369270759623,0.46,965.9504456482837,48.29752228241434,0.31335033568752374,1.0,0.0,1.0,1.0,0.9
19,0.5,0.0,0.65,14,124.10346483074689,0.46098039215686265,948.8588176274666,47.62288660077027,0.31783963045510727,1.0,0.0,1.0,1.0,0.9
19,0.5,0.0,0.65,15,125.25815014066177,0.45666666666666667,964.1281044733776,48.22500743974455,0.3156599572462135,1.0,0.0,1.0,1.0,0.9
19,0.5,0.0,0.65,16,123.04822993131116,0.46568627450980393,941.4217902285815,47.071654796518075,0.3172155703199049,1.0,0.0,1.0,1.0,0.9
19,0.5,0.0,0.65,17,124.59193851781949,0.46,963.0228586744108,48.151142933720685,0.31417241594944084,1.0,0.0,1.0,1.0,0.9
19,0.5,0.0,0.65,18,127.96759623392649,0.44352941176470584,971.8776867322414,49.36605215820858,0.3211294463479508,1.0,0.0,1.0,1.0,0.9
19,0.5,0.0,0.65,19,122.10005234583173,0.46999999999999986,934.8706837584896,46.743534187924425,0.31672023911171127,1.0,0.0,1.0,1.0,0.9
20,0.75,1.0,0.35,0,87.22990885918522,0.5007843137254904,268.16185282818583,13.611193405625121,0.7876126296990791,0.9160499816866947,0.025928327618599072,0.874386680773323,0.9547497123085684,0.7876126296990791
20,0.75,1.0,0.35,1,86.72873362669934,0.4994117647058824,262.6583523831171,13.518244518190516,0.7997978381695025,0.9251214490364705,0.020884653167965502,0.8955192570257907,0.9557907172338405,0.7997978381695025
20,0.75,1.0,0.35,2,84.62189636281715,0.5147058823529412,258.43758329773016,13.03982792646183,0.7906133318924381,0.9171817513262681,0.012223720925190732,0.9027789861353088,0.9446878340068038,0.7906133318924381
20,0.75,1.0,0.35,3,84.23880645902611,0.5258823529411765,266.94124568565974,13.093714571344945,0.7590344421678348,0.8941148272864958,0.019758168237620298,0.8646512572604708,0.9228099133220743,0.7590344421678348
20,0.75,1.0,0.35,4,84.01401856914188,0.5252941176470589,264.00924004124147,13.012652546208916,0.7654632567714779,0.8983155295355605,0.01681561147220733,0.8709667490723311,0.9246831488417759,0.7654632567714779
20,0.75,1.0,0.35,5,84.8011677477877,0.52,264.67139011969397,13.144637831370042,0.7712618598601891,0.9032966567689857,0.002229723436198162,0.8989390422596226,0.906486736701698,0.7712618598601891
20,0.75,1.0,0.35,6,86.01244358257728,0.5131372549019609,268.7693823701688,13.43944908662589,0.7718146033410722,0.9038630810088434,0.005456615447190921,0.894818243641806,0.9090609987575029,0.7718146033410722
20,0.75,1.0,0.35,7,86.33977156525002,0.51,269.48039321434726,13.441315071299421,0.772461638777615,0.9053054697077976,0.027879239951707057,0.8702933222977866,0.9561954257877888,0.772461638777615
20,0.75,1.0,0.35,8,83.95340157097976,0.522156862745098,259.7829312781336,13.003664723045622,0.778480644560884,0.9087270247809093,0.007053913787782643,0.9002171957766251,0.9209664268079759,0.778480644560884
20,0.75,1.0,0.35,9,86.93565345935481,0.504313725490196,268.75577750671187,13.588751709098092,0.7822341987062567,0.9119259899888857,0.017973506701529914,0.8822701923458046,0.938024153970382,0.7822341987062567
20,0.75,1.0,0.35,10,85.38019023921136,0.515686274509804,266.2153592097415,13.298141301951555,0.7731185292165327,0.9051730661795397,0.014946421605722756,0.8876399886892037,0.9319136669036293,0.7731185292165327
20,0.75,1.0,0.35,11,85.56376576953463,0.5131372549019608,265.9627680013455,13.330128707621666,0.7765248673876336,0.9072687279453273,0.01604944452569171,0.882269331257398,0.9317889393384032,0.7765248673876336
20,0.75,1.0,0.35,12,84.75020806900426,0.5192156862745099,264.1705209200552,13.183538908680562,0.7734197850829132,0.9052197691487113,0.011912821146580465,0.8863476770048759,0.9241516177837521,0.7734197850829132
20,0.75,1.0,0.35,13,85.38573391480526,0.5164705882352941,266.5864198724975,13.330581880367664,0.7721319882544716,0.9044735548882596,0.00639408177304417,0.8988406803266689,0.9205937472618786,0.7721319882544716
20,0.75,1.0,0.35,14,84.96022888618931,0.5176470588235295,264.91658162361193,13.24277220245572,0.7740293977645161,0.9057085169189028,0.016767217556685497,0.8859070097350976,0.9345956216703744,0.7740293977645161
20,0.75,1.0,0.35,15,83.7864576854906,0.5249019607843137,261.52609689269224,12.975604635107194,0.7711749659023035,0.9021972289058608,0.01964554615895186,0.8772383689622769,0.951432254879826,0.7711749659023035
20,0.75,1.0,0.35,16,86.43099276164166,0.5050980392156862,265.7385776849627,13.398757359710082,0.7868798495178914,0.9153583977458475,0.030183705181855997,0.8700079498322724,0.9593748860696772,0.7868798495178914
20,0.75,1.0,0.35,17,87.1599920482403,0.5045098039215687,270.40572418163293,13.585844077770977,0.7789237148066891,0.9096235150874785,0.00901013807721187,0.8970944940758143,0.9221833694668298,0.7789237148066891
20,0.75,1.0,0.35,18,84.22868515766041,0.5223529411764706,263.287526814474,12.951293964973853,0.7690022654709512,0.9017121003803814,0.027077419076096093,0.8598364651839692,0.9511206098788024,0.7690022654709512
20,0.75,1.0,0.35,19,88.59410128777773,0.4878431372549019,268.56605944657525,13.870894242957007,0.8021303061272198,0.9276506127713551,0.0404619642620415,0.88916770528706,0.9978340249974014,0.8021303061272198
20,0.75,1.0,0.45,0,83.8862006540757,0.5664705882352942,321.8379962629051,16.056171697929138,0.6245718692219729,0.7934029176366186,0.004007988024148787,0.7892231223115657,0.7995487019927519,0.6245718692219729
20,0.75,1.0,0.45,1,83.8425798688865,0.5662745098039216,321.0904034992136,16.05022196821772,0.6257304306979791,0.7942915971349076,0.00549085177854548,0.7892665948523168,0.8091582967190474,0.6257304306979791
20,0.75,1.0,0.45,2,81.759436622527,0.5721568627450981,305.59571673559077,15.428989860689056,0.6418623014812035,0.8064213997931178,0.020703923866876837,0.7699596207895103,0.8397815451163415,0.6418623014812035
20,0.75,1.0,0.45,3,82.2663472770713,0.5721568627450981,312.57487549211265,15.592281175550125,0.6302458307703119,0.7987080869039468,0.019507926978029805,0.7572918832338076,0.8298126204495677,0.6302458307703119
20,0.75,1.0,0.45,4,80.38239405449546,0.5870588235294117,314.5454794722509,15.04439419409418,0.6085721267893778,0.7818651207305205,0.019133224217626033,0.745093143898097,0.8092280443841338,0.6085721267893778
20,0.75,1.0,0.45,5,82.75241357406243,0.5707843137254902,315.83347700922803,15.725148582782762,0.627334887135303,0.7958427030766154,0.015997920868493203,0.7684858508009305,0.8234473392945777,0.627334887135303
20,0.75,1.0,0.45,6,81.57524086096706,0.571372549019608,301.6637865342367,15.44824507768859,0.6482003064341402,0.8103870820899214,0.021307293068813512,0.7839300359709827,0.8479305626987929,0.6482003064341402
20,0.75,1.0,0.45,7,82.85374366669433,0.5700000000000002,314.1361838711398,15.706809193557028,0.6317727121235884,0.7988295340926912,1.1212702919885052e-16,0.7988295340926913,0.7988295340926913,0.6317727121235884
20,0.75,1.0,0.45,8,81.26829532920242,0.5733333333333335,301.5059572851918,15.359966631911279,0.6465208205638879,0.8093713711784727,0.020328774129902215,0.7774181814240924,0.8437771548569597,0.6465208205638879
20,0.75,1.0,0.45,9,82.56477076506071,0.570392156862745,312.67696040661093,15.631276248258256,0.6328409352091963,0.7989833405221924,0.015755439732604584,0.7728604045630485,0.822276380339332,0.6328409352091963
20,0.75,1.0,0.45,10,83.95820823183867,0.5623529411764706,316.83020039940305,16.03425110566777,0.6369422540039062,0.8028846006252541,0.017728365936413606,0.7672938009552199,0.8284763937821001,0.6369422540039062
20,0.75,1.0,0.45,11,80.40854247287568,0.5819607843137256,304.4918319733057,15.10676284325269,0.6316684643880396,0.7990716588933768,0.012427181389247432,0.7772255266782253,0.8154806144844814,0.6316684643880396
20,0.75,1.0,0.45,12,83.22412958163609,0.5609803921568628,307.1661785494766,15.864586685807115,0.6527383210263633,0.8151882575347897,0.038569174926319824,0.7479593399018877,0.867415778271502,0.6527383210263633
20,0.75,1.0,0.45,13,81.92613463863228,0.5666666666666667,298.7869851558306,15.502027782466616,0.6584394329653716,0.8184973113602558,0.02019681112791999,0.7934219251537461,0.8581758130776148,0.6584394329653716
20,0.75,1.0,0.45,14,81.15591439378284,0.5776470588235295,307.26834756161924,15.276599514846717,0.6320500237048027,0.7989313504476471,0.020799511344161876,0.773720476551542,0.8394702847776179,0.6320500237048027
20,0.75,1.0,0.45,15,83.4809729163558,0.5672549019607844,317.8550277299287,15.916247110299645,0.6295550056825213,0.796816291512639,0.0039897030739392105,0.7930332421543056,0.8062335319468371,0.6295550056825213
20,0.75,1.0,0.45,16,84.7927844041826,0.5599999999999999,321.6074838313803,16.080374191569067,0.6322443845241766,0.7991832883931325,0.0,0.7991832883931325,0.7991832883931325,0.6322443845241766
20,0.75,1.0,0.45,17,84.82331851672181,0.5588235294117648,320.82406475663424,16.150329578807103,0.634209952251308,0.8006059302497778,0.00698208416068187,0.7876330280539106,0.8144684303519008,0.634209952251308
20,0.75,1.0,0.45,18,82.2072705761137,0.5709803921568628,308.57187612939646,15.405963465258223,0.638427617012057,0.8040248529730462,0.010413296404889994,0.7907443023627135,0.8276988607163615,0.638427617012057
20,0.75,1.0,0.45,19,81.32487302319427,0.5756862745098039,305.0119782701792,15.26883296084404,0.6385236623859128,0.803919056541665,0.007325163608714434,0.7961585001238124,0.8277520871920763,0.6385236623859128
20,0.75,1.0,0.55,0,82.6411470484966,0.5907843137254902,359.92927098276,18.115687729736084,0.548735067845513,0.7356777745120837,0.01236424151097085,0.7089379082808922,0.7594328778273572,0.548735067845513
20,0.75,1.0,0.55,1,82.46050641411071,0.5917647058823531,360.0190736986882,18.069116670840735,0.5478308984151922,0.7361416159224615,0.019872088158288316,0.7069701442359194,0.7688788835930322,0.5478308984151922
20,0.75,1.0,0.55,2,84.66742353752078,0.5843137254901962,378.18056350100295,18.756464210292386,0.5351141086854592,0.7272554276026796,0.015513923766792522,0.6948367380870528,0.7527407499021328,0.5351141086854592
20,0.75,1.0,0.55,3,83.21722386450016,0.59,365.9192660118433,18.295963300592206,0.5435648827991099,0.7326736620993323,1.1212702919885052e-16,0.7326736620993324,0.7326736620993324,0.5435648827991099
20,0.75,1.0,0.55,4,81.67446706129921,0.5939215686274509,351.2284511489034,17.920315045166006,0.5563694709677619,0.7414790426570661,0.010921175557719485,0.7283891770813697,0.7685786106251752,0.5563694709677619
20,0.75,1.0,0.55,5,81.15753728123629,0.5998039215686274,356.89530538173136,17.595721845795016,0.5422708151898089,0.7314606190873971,0.010509458504097326,0.7161842319496114,0.7518870049390297,0.5422708151898089
20,0.75,1.0,0.55,6,79.97037122658776,0.6050980392156863,349.50146174624865,17.422503282074018,0.5461983807390718,0.7347554973799677,0.0036193654158011624,0.7300226633337921,0.7396294083094279,0.5461983807390718
20,0.75,1.0,0.55,7,83.05424401457732,0.5868627450980393,357.93193040321245,18.25016857174342,0.5562166985809001,0.7424953282329082,0.02211187888381498,0.7008526212843685,0.7747792650161837,0.5562166985809001
20,0.75,1.0,0.55,8,82.89011573843742,0.5870588235294119,355.43304968138773,18.26949121552287,0.5586463917048278,0.7431115417002288,0.02877110779592513,0.6987431597929648,0.7881915460865694,0.5586463917048278
20,0.75,1.0,0.55,9,80.18620767156523,0.6049019607843138,353.9244415873735,17.265559587020125,0.5394314818568877,0.7291535910713127,0.01514803739639826,0.7044811527198301,0.7579812042815394,0.5394314818568877
20,0.75,1.0,0.55,10,82.13773401689348,0.5898039215686274,349.7557186205657,18.021658136912375,0.5626220355602105,0.7467133026963847,0.0269685316344427,0.6989546678006217,0.7894551698343137,0.5626220355602105
20,0.75,1.0,0.55,11,82.36035671619776,0.596078431372549,368.7350293643803,18.087351290266678,0.5334722792225964,0.7254361375417296,0.008489389673167706,0.7068407874486845,0.7390222358333384,0.5334722792225964
20,0.75,1.0,0.55,12,77.40327654756103,0.6147058823529413,331.7042331655256,16.566257044702965,0.5564209709428782,0.7424464421629057,0.0077106929443381935,0.7356065972699037,0.7685750367363615,0.5564209709428782
20,0.75,1.0,0.55,13,82.08388679756277,0.5949019607843138,359.54420840896944,17.961671255050764,0.5453638665186819,0.734198448199269,0.004766919534647312,0.7275845654844036,0.7402399489308793,0.5453638665186819
20,0.75,1.0,0.55,14,81.42926176086495,0.5962745098039215,353.6349213219737,17.7639327393751,0.5502055789227818,0.7372572443638515,0.021599358476454635,0.7076483274508492,0.7738388715146389,0.5502055789227818
20,0.75,1.0,0.55,15,88.59297711183915,0.5662745098039217,398.14071667060006,19.908876427866694,0.5332697339905301,0.7249540240590737,0.0046180100580449,0.7196134972975214,0.7316182636712277,0.5332697339905301
20,0.75,1.0,0.55,16,87.26684653133383,0.5715686274509805,388.32983313426996,19.40392428073106,0.5381667251496696,0.7286126217920837,0.0031978802015271432,0.720422436278052,0.7321160311481771,0.5381667251496696
20,0.75,1.0,0.55,17,86.49640401367387,0.5747058823529412,383.6296539235954,19.179302013990167,0.539859621528814,0.7298956125026023,0.006666786387438205,0.7215165624488544,0.7375522971132442,0.539859621528814
20,0.75,1.0,0.55,18,83.26261485041681,0.5882352941176472,363.3998669203297,18.204286055168936,0.5481325634967328,0.7361480060308085,0.009577507670913386,0.7228632672854634,0.7600828229058533,0.5481325634967328
20,0.75,1.0,0.55,19,85.1088972417406,0.5809803921568627,375.9029492935768,18.833338292093366,0.5418385583988168,0.7315234596933445,0.0055955476627579945,0.7237268416669549,0.7423414449413416,0.5418385583988168
20,0.75,1.0,0.65,0,86.86488654400371,0.5872549019607843,434.08439747319875,21.672051219110006,0.47859380015323455,0.6839266640341883,0.012283650516053258,0.6690219756170483,0.7072927973401706,0.47859380015323455
20,0.75,1.0,0.65,1,84.44884892463531,0.5954901960784316,411.32824791867324,20.881630797813855,0.49150410335137645,0.6936766025991862,0.017880739528531003,0.666055256514412,0.7257846524393516,0.49150410335137645
20,0.75,1.0,0.65,2,88.40817237532178,0.58,440.2067839500449,22.010339197502304,0.48053632603937724,0.685402244529533,1.1212702919885052e-16,0.6854022445295329,0.6854022445295329,0.48053632603937724
20,0.75,1.0,0.65,3,86.17635879771991,0.5888235294117646,426.17209258088235,21.491123709036774,0.4841641839347039,0.6888895953532049,0.019689823588668817,0.6511798819809449,0.7159901108769146,0.4841641839347039
20,0.75,1.0,0.65,4,85.1395276415877,0.5937254901960786,420.6616745456847,21.032397299647464,0.4834085743238225,0.687193838096081,0.018211461230669686,0.6601638169279878,0.7190818871606365,0.4834085743238225
20,0.75,1.0,0.65,5,87.78470007055162,0.5831372549019607,439.1938787477881,21.870174308034535,0.4779732718540098,0.6834046333361389,0.00827202201250995,0.6736185517897451,0.7027465735147645,0.4779732718540098
20,0.75,1.0,0.65,6,84.0726915004801,0.6000000000000001,416.320746012146,20.816037300607373,0.48216088093331017,0.6866206606999824,2.2425405839770103e-16,0.6866206606999826,0.6866206606999826,0.48216088093331017
20,0.75,1.0,0.65,7,84.99976633996145,0.5945098039215686,419.1865645893452,21.13871157558125,0.484738816677712,0.6886817437732573,0.013234140623293459,0.6704803728332414,0.7166506643298406,0.484738816677712
20,0.75,1.0,0.65,8,83.43798756044586,0.600392156862745,406.69692085519955,20.58236310567655,0.48989949196906685,0.6921825147901554,0.018604087510566455,0.6699661917169202,0.7301830423472905,0.48989949196906685
20,0.75,1.0,0.65,9,83.01180575421975,0.6039215686274509,409.66445767608076,20.30855951173552,0.48314784753418116,0.687014377252027,0.015361325437761296,0.6601726250127163,0.7201981220226457,0.48314784753418116
20,0.75,1.0,0.65,10,93.31877633552347,0.5599999999999999,478.04719467167837,23.902359733583996,0.4681127731178777,0.6760845798384084,1.1212702919885052e-16,0.6760845798384083,0.6760845798384083,0.4681127731178777
20,0.75,1.0,0.65,11,85.8787841335159,0.5913725490196079,426.316891022901,21.28155699236918,0.48134228165701315,0.6859778685935238,0.0053268561276795775,0.6776294666765452,0.6962608955077976,0.48134228165701315
20,0.75,1.0,0.65,12,81.30168692727965,0.6107843137254902,394.8973661075917,19.88003031747166,0.49130937788622064,0.6937711772247667,0.006774160520798896,0.6810914146914337,0.7056416980027366,0.49130937788622064
20,0.75,1.0,0.65,13,85.2522371286315,0.5927450980392157,418.7605809557228,21.12239172889625,0.4872176693919688,0.6907514070437076,0.01330274113827457,0.6664844497674558,0.7116621304544313,0.4872176693919688
20,0.75,1.0,0.65,14,82.98030161087277,0.6041176470588235,407.3586425117143,20.319872110103223,0.4860568824069447,0.6895120512359874,0.0040982983505877405,0.6833987022062691,0.6949573976958474,0.4860568824069447
20,0.75,1.0,0.65,15,85.87237125905104,0.5898039215686275,421.1296032454732,21.377517648584963,0.48791948721172274,0.6912960632275766,0.01092163247405556,0.6673971163660046,0.7118372330984544,0.48791948721172274
20,0.75,1.0,0.65,16,90.61705703861766,0.5700000000000002,453.13158222259995,22.65657911113006,0.479018528059939,0.6842638960449541,1.1212702919885052e-16,0.6842638960449542,0.6842638960449542,0.479018528059939
20,0.75,1.0,0.65,17,85.80949988754443,0.591764705882353,426.1034385886652,21.037499747137993,0.4808442428821597,0.6854318677516751,0.007257262830999757,0.669904929821709,0.695645000805092,0.4808442428821597
20,0.75,1.0,0.65,18,87.27987945616678,0.5843137254901961,430.94004760047136,21.5272530320901,0.48450309904683564,0.6884794223810698,0.002712667348307537,0.6845839093593274,0.6919889013090256,0.48450309904683564
20,0.75,1.0,0.65,19,82.54381946592186,0.6058823529411764,404.1152107114431,20.19622389283871,0.48739719670524567,0.6907211778610607,0.00443802540796653,0.6852855851914901,0.6972376591694995,0.48739719670524567
21,0.75,0.75,0.35,0,85.4804126560103,0.515686274509804,266.8343100951562,13.272279922366716,0.7716315464286071,0.9035615458523947,0.007860660045984626,0.8901415367230513,0.9201051537497407,0.7715775084389203
21,0.75,0.75,0.35,1,86.43618082734145,0.5090196078431373,268.66367452814956,13.496376184456745,0.7772681433070364,0.908053072227078,0.008513442277359428,0.8946356413757723,0.9188858466575194,0.7773021315559699
21,0.75,0.75,0.35,2,83.95406185046348,0.5217647058823529,259.28400339562893,12.894539903517948,0.7798021136186262,0.9091102772850099,0.006789598357390621,0.8980440280281039,0.9289215807563675,0.7795550109756397
21,0.75,0.75,0.35,3,85.2596433933002,0.5158823529411766,265.47320467053294,13.28384944208669,0.7745743248981857,0.9057174376923831,0.014458292233223825,0.8829097647157067,0.931318616157036,0.7745032229044335
21,0.75,0.75,0.35,4,84.2390037753132,0.5221568627450981,262.5789828441628,13.07371868257013,0.7730689706611159,0.9047817969037336,0.008280295470967883,0.8947309601317126,0.9258321440141211,0.773062326963748
21,0.75,0.75,0.35,5,85.41634039916894,0.5158823529411766,266.26030464697874,13.301737535018452,0.7732670180110932,0.9049282556745581,0.0037778966993467283,0.9001087197998343,0.9104749698521669,0.773259682066506
21,0.75,0.75,0.35,6,85.47562862623194,0.5149019607843137,267.23037805472495,13.284338776460991,0.7706920593221376,0.9039533265364819,0.0318288675997775,0.8562611284041877,0.9504994468913546,0.7710034866704305
21,0.75,0.75,0.35,7,85.5275676933643,0.5137254901960784,266.30376437685834,13.262234347972807,0.7752105508024894,0.9067115097283645,0.02702357736159652,0.8672179544160488,0.9452624740176988,0.7753117496779884
21,0.75,0.75,0.35,8,83.98266427032203,0.5223529411764707,260.10366973903973,13.025327655480128,0.7774294398932666,0.9076819971760791,0.005408795560314676,0.9010739035344966,0.9181041662616515,0.7772994123119763
21,0.75,0.75,0.35,9,87.78253542676072,0.504313725490196,275.69303150729115,13.814938786119727,0.7686980917525678,0.9013710386902337,0.006056184957967586,0.8955682407111496,0.9135410374388921,0.768647248377837
21,0.75,0.75,0.35,10,85.67902804905266,0.5105882352941177,263.95254404831087,13.3591354094789,0.7830294588248634,0.9116989045611135,0.01969402985808908,0.8860084710907701,0.9442375522347772,0.7828383956390187
21,0.75,0.75,0.35,11,83.95288026548154,0.5243137254901963,261.9184626043371,13.046210148283734,0.7717398481238313,0.9036993899201655,0.007501029480782653,0.8971962549833414,0.9229707307201762,0.7717046827329287
21,0.75,0.75,0.35,12,83.37556016722019,0.5333333333333334,267.2409234787845,12.936069599333786,0.7499012236275293,0.8877787768435854,0.022334736245869343,0.8418480424332054,0.9173898876380902,0.7500188433351754
21,0.75,0.75,0.35,13,85.05360212753818,0.518235294117647,265.3288212273328,13.255227035781234,0.7724695052419455,0.9043239964811914,0.0033055357875614415,0.9012242683818601,0.9163214534772859,0.7724601277585228
21,0.75,0.75,0.35,14,84.46729064766318,0.5194117647058825,261.87303925343946,13.075852054084704,0.7773604459164627,0.9087173730077593,0.012479953735743376,0.8810958681315031,0.9242914443746836,0.7775927921066002
21,0.75,0.75,0.35,15,86.08174413730768,0.5113725490196078,268.2425606087434,13.457093862542294,0.7744301067424046,0.9063935953126564,0.016482046905488323,0.8790800380712112,0.9316800870617671,0.7746204451610224
21,0.75,0.75,0.35,16,85.77898159374358,0.5086274509803921,263.6895025257813,13.24006101879492,0.7853292132243771,0.9140508990506226,0.03548645077207941,0.8629243313817682,0.9663681195082662,0.7853472096018237
21,0.75,0.75,0.35,17,83.57292319549968,0.5307843137254902,266.225124227384,12.876377474474365,0.752132947441811,0.8876929176599514,0.02678759518812549,0.8466345318161912,0.9480295907435498,0.7516640164680088
21,0.75,0.75,0.35,18,83.75261174725216,0.5256862745098039,262.94262277143673,12.86645526759948,0.7664286989700068,0.8990375936932202,0.033561039303814655,0.8551665132894446,0.974280208095025,0.7661673887919116
21,0.75,0.75,0.35,19,83.28855041084309,0.5317647058823529,265.2704631004669,12.84606303118054,0.754721155287722,0.8915106688637396,0.033431621422458965,0.8475355216823408,0.9606167546772951,0.7548777560870379
21,0.75,0.75,0.45,0,81.64514772580432,0.575686274509804,308.90373788551716,15.449196731953052,0.6327979813998768,0.7995438662327397,0.004954676759999092,0.7939821246904623,0.8063864281549961,0.632779774794154
21,0.75,0.75,0.45,1,83.20273407441492,0.5676470588235294,316.06182178821064,15.86840911512908,0.6315188093729972,0.7987428873348077,0.016554970670891164,0.770468348341814,0.8214933797607937,0.6315534028080174
21,0.75,0.75,0.45,2,81.31058384655103,0.5764705882352941,306.3616539719813,15.358456151897617,0.6355613149232384,0.8018116400014398,0.007430198357628456,0.7870638645662471,0.8113268062170986,0.635608199526242
21,0.75,0.75,0.45,3,85.39893794090929,0.5599999999999999,329.9643600211872,16.4575742963798,0.6204672546332777,0.7902852259916305,0.0007216610683705064,0.7887187991199508,0.7911947540649139,0.6204455163055018
21,0.75,0.75,0.45,4,82.5048616797947,0.57,311.4945994468534,15.650693359330845,0.6353838730738165,0.8012924707533081,0.020419175276857715,0.7671274978113942,0.8308896172334673,0.6353020617231318
21,0.75,0.75,0.45,5,82.32852506591722,0.5696078431372549,308.26430637498316,15.629410462868577,0.6412278510629829,0.8071091627456096,0.016509415409308035,0.7746737535669271,0.8349472986545701,0.6416239425457737
21,0.75,0.75,0.45,6,81.0669663430531,0.5770588235294118,304.5931872909036,15.27674012097819,0.637374704581552,0.8026862940636388,0.010749717322866939,0.7884809463332615,0.8237546957037795,0.6372597931240438
21,0.75,0.75,0.45,7,85.37984125161576,0.5584313725490196,326.9227970426905,16.35787858710446,0.6264844384707324,0.7948833543282721,0.0030965317071345393,0.7918661719062869,0.8037010465536006,0.62649111362914
21,0.75,0.75,0.45,8,85.07152032999798,0.5590196078431373,324.9129056835014,16.268559061593184,0.6283110301760075,0.7962727216785481,0.01519759423523353,0.7787109058317733,0.8268258160378557,0.6283241798581882
21,0.75,0.75,0.45,9,80.69356616215617,0.5794117647058824,303.9209284936759,15.167917571398808,0.6354311763510896,0.8017733688064225,0.009407361193545502,0.7857457594856299,0.8190219226630868,0.6354978385321249
21,0.75,0.75,0.45,10,80.49495670386416,0.5807843137254903,303.56216710297065,15.048106763805908,0.6335745480143795,0.8003627330130229,0.010667287580011857,0.784594769402648,0.8256419752088238,0.633635155348459
21,0.75,0.75,0.45,11,82.9372953083871,0.5690196078431373,314.3179060477446,15.806792182712835,0.632343307461099,0.7996241652816489,0.005672876190811174,0.7912436569327047,0.8097144832766434,0.6324655356897073
21,0.75,0.75,0.45,12,79.98824925828168,0.5854901960784313,306.61701883537177,15.006062559035609,0.6232986893789019,0.7940587220373614,0.033585934120145655,0.7494906071747088,0.8576593903512844,0.6238269243799636
21,0.75,0.75,0.45,13,80.64709225300831,0.5786274509803923,303.21349333889606,15.158884801261472,0.637114823341488,0.8028703201933818,0.026661583972881223,0.7625111464698225,0.8416756004908554,0.6371262242372431
21,0.75,0.75,0.45,14,82.72105256894078,0.5713725490196079,316.08128302384176,15.654931157698218,0.6258883609150203,0.7961240218004221,0.01583209120262563,0.7524805940390491,0.8211720936705801,0.626457611286406
21,0.75,0.75,0.45,15,82.07587061525385,0.5705882352941177,307.87568843136705,15.55869735363132,0.6397928881097729,0.8046333201142829,0.027523611389219434,0.7605056983957308,0.839037273205887,0.6397224394537572
21,0.75,0.75,0.45,16,85.22615906924412,0.5584313725490196,324.9869072502085,16.220127744011837,0.6285267161668298,0.796759458539872,0.004933229668559033,0.7927585776915209,0.8084761921336913,0.6286481899717461
21,0.75,0.75,0.45,17,82.39131016629908,0.5723529411764707,314.5647345986095,15.537101478042056,0.6267755214019688,0.794867232717436,0.026248224219290663,0.7542854900124929,0.8364474674734886,0.6267040519572886
21,0.75,0.75,0.45,18,81.08732502119271,0.5768627450980393,304.111417370607,15.137816010047427,0.6382366673840913,0.803569463585332,0.010566585718629187,0.7888342763561789,0.828624927669237,0.6382006550665125
21,0.75,0.75,0.45,19,81.03358999833276,0.5768627450980393,303.03420693258516,15.200787355191565,0.6404586238603689,0.8051126030651299,0.005094966082282987,0.8012711033169259,0.8226219225007483,0.6403815022503199
21,0.75,0.75,0.55,0,87.7581876775144,0.5700000000000002,392.7179563669994,19.63589781835003,0.5352708311267291,0.7264531233450467,1.2755491433176288e-16,0.7264531233450469,0.726453123345047,0.5352708311267291
21,0.75,0.75,0.55,1,80.56358309813564,0.6011764705882352,350.2881247072796,17.541820807681827,0.5493034837865779,0.7361723820116102,0.010291962190191566,0.7241917128355924,0.7650258053522082,0.5490350735104701
21,0.75,0.75,0.55,2,84.66466003780195,0.5823529411764705,372.8904777149708,18.682569656291204,0.5431882476409939,0.7326265903233629,0.011672654220233256,0.7140437981924028,0.7547247678654994,0.543266715838533
21,0.75,0.75,0.55,3,82.12136273729494,0.5919607843137256,355.0373627383337,18.01129810428289,0.5535660774407355,0.739462948318531,0.026581899585939383,0.702150807864277,0.7839253698637515,0.5533288741867285
21,0.75,0.75,0.55,4,81.19703018388711,0.5970588235294118,352.198141605699,17.71509444887646,0.5510636726321144,0.7385023717959066,0.01925056408783959,0.7146594413993956,0.771974081612157,0.5511318784060546
21,0.75,0.75,0.55,5,80.6302326371215,0.6017647058823531,355.4468164042757,17.54451948940694,0.5413968751724848,0.733043296560111,0.03159974282327882,0.6931488153922245,0.799870270777754,0.5420620885660672
21,0.75,0.75,0.55,6,80.8432431597548,0.6005882352941176,353.19706554009457,17.625497099376815,0.5465402989589845,0.7354231359787547,0.006808242911499545,0.7222790741947759,0.7495220937148661,0.5467129362121568
21,0.75,0.75,0.55,7,82.88376524152537,0.5909803921568627,363.83106633440303,18.11122664732962,0.5440786147393921,0.7322661011670724,0.007308546164596521,0.7202650371250264,0.7487401288457332,0.5438143281102349
21,0.75,0.75,0.55,8,88.37173117007345,0.566078431372549,393.7665476898172,19.722095208172128,0.5381055461572146,0.7288347666420172,0.004579413869850066,0.7227821676911299,0.7363848988753887,0.5381907484985834
21,0.75,0.75,0.55,9,80.25450627553319,0.6017647058823531,347.7729742142876,17.365281355518878,0.5513588192955051,0.7382997274606765,0.0200846432914725,0.7066667842115055,0.7761204374231252,0.5512856902918545
21,0.75,0.75,0.55,10,79.09001422072826,0.6092156862745097,348.79059747175097,16.987540886140195,0.5415038034561975,0.7297326778621652,0.03405730650846841,0.6864507619847713,0.790382329586415,0.54103874521287
21,0.75,0.75,0.55,11,84.45550283964356,0.5847058823529412,374.20762781481585,18.642111086638266,0.5397157923418219,0.7295169854064204,0.0052565705657255735,0.7237229656092833,0.7406712273434791,0.53962583939184
21,0.75,0.75,0.55,12,79.04224814063934,0.6143137254901961,358.75574167820014,16.972333817009297,0.5242404124591542,0.7188061433395188,0.014586146986058944,0.6925836573545254,0.7570769417994556,0.524449023790872
21,0.75,0.75,0.55,13,80.77690976235674,0.5994117647058824,351.1894230215186,17.553021994997604,0.5494355915872391,0.7375875516302824,0.013031944987331118,0.7164125762255129,0.7705602108811134,0.54960587756719
21,0.75,0.75,0.55,14,82.15480697942279,0.5929411764705883,359.01524804187505,17.990657154993585,0.5473693639112224,0.7371264142363649,0.030493956574505043,0.6930272594167686,0.783062092986564,0.5479024943455385
21,0.75,0.75,0.55,15,82.6589385929942,0.5905882352941176,360.1618237398787,18.116588564305665,0.5491509222470087,0.7369306863614317,0.020342981535602673,0.7112635362385631,0.7750491989291979,0.5491734204724004
21,0.75,0.75,0.55,16,84.20206714520332,0.583529411764706,368.03976409634095,18.493827664860806,0.5479914915165064,0.7361364923311021,0.016122445953533578,0.7095261573398578,0.7603072145574684,0.5480391160810806
21,0.75,0.75,0.55,17,82.49037109436034,0.5898039215686274,355.7106182854899,17.976017747488346,0.5557975379458152,0.7423786764333249,0.022876227607199925,0.7082896480843707,0.7834564565245392,0.5559743789371364
21,0.75,0.75,0.55,18,85.97489895201943,0.5766666666666668,379.2252876200736,18.966683285240634,0.5426728566147985,0.7318653702109217,0.002958498133680253,0.7283937465456164,0.7368820654533643,0.5426264325314061
21,0.75,0.75,0.55,19,82.72692161875946,0.5911764705882354,362.66980946784213,18.132214664662218,0.5454178517281014,0.7344459353491796,0.020548513702579756,0.7088754558913497,0.7726282902918262,0.5455453672458026
21,0.75,0.75,0.65,0,85.83349218692261,0.5903921568627453,422.01674932533587,21.3190071850392,0.48688034095039795,0.6903909673076382,0.00873421814319287,0.6759429221337756,0.7077191203233528,0.4869572448153445
21,0.75,0.75,0.65,1,83.05581026446731,0.6041176470588235,409.3499090432384,20.479399886643268,0.4843256330676188,0.6884295091535926,0.004037078443986566,0.6825191076641282,0.6928002922113956,0.4843873945185782
21,0.75,0.75,0.65,2,88.36660320663647,0.5801960784313727,441.12683937771135,22.080156381839462,0.4793311061196033,0.6847525008658196,0.006030883858185423,0.673700886650732,0.6940670052054718,0.4794158298783091
21,0.75,0.75,0.65,3,85.84769653051151,0.5913725490196079,425.9148127794311,21.29094566233339,0.48187103399079156,0.68640214577938,0.0071246581698846964,0.6773787846623909,0.6987158446644994,0.4818706574195537
21,0.75,0.75,0.65,4,81.83542984266191,0.6099999999999999,402.6844608135695,19.91764928257716,0.4838234683622436,0.6878615443497962,0.002623446016332059,0.6825768758021289,0.6910467200591492,0.48382144938828137
21,0.75,0.75,0.65,5,81.86255377282261,0.6123529411764705,414.69299447493523,19.915077067107553,0.47035925145500806,0.6773499100680453,0.016586271444057096,0.6544617734504588,0.7165127228843424,0.47021940861393785
21,0.75,0.75,0.65,6,84.12580386109323,0.6000000000000001,417.55352360283405,20.877676180141744,0.4810410603416217,0.6857807952562163,1.1853938111129682e-16,0.6857807952562164,0.6857807952562165,0.4810410603416217
21,0.75,0.75,0.65,7,84.37433893968027,0.5962745098039216,413.05016119936386,20.778249384488248,0.4886954417780806,0.6918354996496849,0.01957896100053244,0.6641576653865189,0.7295438691287536,0.4888000812167888
21,0.75,0.75,0.65,8,80.39144328764333,0.6168627450980392,399.0532315867546,19.44601422875831,0.4808261915750877,0.6842455041809097,0.022369519467313578,0.650335973741732,0.7218153379336717,0.48036814507495235
21,0.75,0.75,0.65,9,85.61593923545128,0.5923529411764706,424.53769598472184,21.213590753879057,0.48189159705206,0.6864987102188818,0.007133422976421368,0.6756778712292074,0.7019661329715763,0.4819182678620056
21,0.75,0.75,0.65,10,93.20893069863386,0.5599999999999999,475.3372403925468,23.766862019627403,0.4702273823661422,0.6776705367746065,0.0,0.6776705367746065,0.6776705367746065,0.4702273823661422
21,0.75,0.75,0.65,11,83.99866507753762,0.6007843137254902,418.37563731115114,20.70554235785328,0.4790642896253701,0.6841006151989103,0.005415329310584903,0.6738002169072951,0.6921103474939466,0.47899842228533107
21,0.75,0.75,0.65,12,79.4113856386986,0.6200000000000001,385.1251480363452,19.256257401817233,0.4913084222673251,0.6934813167004936,2.2425405839770103e-16,0.6934813167004938,0.6934813167004938,0.4913084222673251
21,0.75,0.75,0.65,13,85.39071256454135,0.5933333333333334,422.59643410893113,21.133817722068727,0.48290595202463743,0.6874641757627772,0.004560928108756326,0.6813956668633129,0.6974032141510931,0.4830008559394038
21,0.75,0.75,0.65,14,84.5953519649039,0.5972549019607843,418.33795506619293,20.851573786190308,0.4826834588572862,0.6867561861557103,0.0027032345989178364,0.6833248111050848,0.6922028972786478,0.4825979895282013
21,0.75,0.75,0.65,15,87.58101866285155,0.5837254901960784,437.2347599513344,21.90104263031968,0.4794366749156817,0.6847431010202555,0.01110340259003751,0.6732858525584786,0.7082968756738078,0.4794918731935131
21,0.75,0.75,0.65,16,92.06660943374088,0.5643137254901961,466.2303884498151,23.32657711314346,0.4734897446537093,0.6798009500933572,0.005248624701916438,0.6727358912415964,0.6857289605359946,0.4733842918547343
21,0.75,0.75,0.65,17,85.59738627810322,0.5923529411764706,424.8120876587553,20.9764974178115,0.4805086484848385,0.6846076786804051,0.012632541056192015,0.6605452726123828,0.705629908637588,0.48025071259043073
21,0.75,0.75,0.65,18,87.76029838518744,0.5807843137254902,429.70694799792017,21.73643965022422,0.48894007155235486,0.6915576880264647,0.007683798673991509,0.6846214135104669,0.7106745628026915,0.4888909496730875
21,0.75,0.75,0.65,19,84.77825778656097,0.5984313725490198,430.0489606860501,20.905229977670388,0.4711207257714418,0.678743268924039,0.017014264934036467,0.6586666993374597,0.7097187329036991,0.47125496730326105
22,0.75,0.5,0.35,0,84.44425446327814,0.523921568627451,266.25738809899775,13.090547267584075,0.7623107435030854,0.8963907595213872,0.010678122715784513,0.8820042842098946,0.9237524975660154,0.762082544765801
22,0.75,0.5,0.35,1,84.57359354860742,0.5158823529411765,260.0831674192707,13.055878157560063,0.7840353811765514,0.9115297230089441,0.031149265514910946,0.867413273166911,0.9522228514169342,0.7830375059275718
22,0.75,0.5,0.35,2,84.85740997891985,0.517843137254902,263.60424361040117,13.168256939782344,0.7760562169271419,0.90607845648072,0.012458514648578545,0.889013207405956,0.9331302073224821,0.7754137461173841
22,0.75,0.5,0.35,3,84.8692539987344,0.5162745098039216,262.6444265940577,13.179752279922798,0.7789949364012915,0.9091175930978792,0.019126619475457587,0.8788286048452625,0.9375963917467114,0.7789091969325653
22,0.75,0.5,0.35,4,84.78251481348072,0.513921568627451,259.29730454427533,13.117143692769384,0.7884701594959814,0.9155951513924937,0.013163414407635302,0.8942070640388486,0.9383459357305719,0.7879651806763197
22,0.75,0.5,0.35,5,86.15566922563204,0.5125490196078432,269.6964704048067,13.4776932738303,0.7705984937837764,0.9029584006594178,0.010355662686648753,0.8935600209046667,0.9237965740975653,0.7706048473315
22,0.75,0.5,0.35,6,85.23721177978412,0.5190196078431374,268.24185974220865,13.280501260470428,0.7651874504044349,0.8994391269832532,0.015634419650786872,0.8823977649699772,0.9305284633401479,0.7655531431910527
22,0.75,0.5,0.35,7,86.77195956778134,0.51,272.1448055548824,13.60724140196848,0.7691542834181263,0.9018657160309426,2.5800026545091355e-08,0.9018656796891579,0.9018657671296273,0.7691542857296916
22,0.75,0.5,0.35,8,85.8095574991584,0.515686274509804,269.63248309428315,13.455534417194357,0.7671967214699515,0.9000230771311274,0.004266405446843874,0.8955573599576805,0.910286252689259,0.7669470788223941
22,0.75,0.5,0.35,9,85.37642262668199,0.512156862745098,262.9167795025512,13.272687636044184,0.7838608072385995,0.9131361818683819,0.016632740141942538,0.8885767737673159,0.9396081978921993,0.7840211915315541
22,0.75,0.5,0.35,10,85.10766756640224,0.5174509803921569,265.6979618428646,13.240240336751835,0.7720865794300174,0.9046061907099633,0.012896921087924831,0.8830605698319648,0.9263453725852082,0.7724474168549841
22,0.75,0.5,0.35,11,87.14526503318491,0.5050980392156863,271.54433865408555,13.69385902932191,0.7754072046093141,0.90921796577055,0.02048836722108042,0.8651642083485036,0.935219249027071,0.7771822461516905
22,0.75,0.5,0.35,12,86.39020903381255,0.5101960784313725,270.76077012137154,13.520053406779006,0.770400979409811,0.9048685402941432,0.029462013236718796,0.8733039021210016,0.9558636343446206,0.7717795165676679
22,0.75,0.5,0.35,13,85.20419615185821,0.5162745098039216,264.7528587890171,13.252943536929498,0.7759647451210724,0.9066408568433321,0.003619222521620199,0.9026438194843396,0.912608287159937,0.7757429437894241
22,0.75,0.5,0.35,14,86.4167315797536,0.5013725490196078,261.58570274974653,13.437316939494606,0.7989377665727069,0.9231795631461462,0.0200495030861477,0.8889574935027561,0.9512833202267922,0.7982552587171179
22,0.75,0.5,0.35,15,83.42598878686341,0.5215686274509804,256.7618674529812,12.772388509227511,0.7838564888622557,0.9109665314736202,0.04120809606266988,0.8607046140235044,0.9690139365291743,0.7825725987468748
22,0.75,0.5,0.35,16,85.50858213349929,0.5111764705882353,263.781989384963,13.205253778712516,0.7833326866224088,0.9132664891070967,0.021390262800582132,0.8855324190750098,0.949719008277096,0.7838440027159356
22,0.75,0.5,0.35,17,86.4681421657338,0.5086274509803922,268.8614793203431,13.435004576910309,0.7763649460407523,0.9083621471182188,0.018034675326474493,0.8818836159106972,0.937266600258698,0.7770905710991889
22,0.75,0.5,0.35,18,85.61335527177535,0.5064705882352942,260.60279994201284,13.19606009817872,0.7948752354337726,0.9190057888533779,0.043379665004976704,0.8413655177098015,0.974314529857802,0.7934414769524715
22,0.75,0.5,0.35,19,85.76471632054155,0.5154901960784314,269.1859265506011,13.437109703108007,0.7682152369259699,0.9012821030515447,0.0041017589166636795,0.8964883654699024,0.9122130375566284,0.7682956871640148
22,0.75,0.5,0.45,0,85.11675582032086,0.5574509803921569,322.067597296788,16.40978564096987,0.6352700235975823,0.8024494327658833,0.008003124503068906,0.794425786469235,0.8200004957255548,0.6359346336427133
22,0.75,0.5,0.45,1,80.29424927418964,0.5798039215686275,300.6128494126223,15.060086870824945,0.6396634911217414,0.8042530378142928,0.026673189070411715,0.7672304597581123,0.848186828485591,0.6393337707703992
22,0.75,0.5,0.45,2,81.33053122108232,0.576078431372549,307.9714307413448,15.279910616211055,0.6319592920378821,0.8025076989938278,0.037947319676118745,0.7470727040154105,0.8621458189732936,0.6343181120148262
22,0.75,0.5,0.45,3,82.05002712945611,0.5729411764705883,309.7214006365268,15.524038621496814,0.6344537539162063,0.800372027148432,0.006147442329643746,0.7858741822833097,0.8138691178769836,0.6341415617237244
22,0.75,0.5,0.45,4,84.55927266113484,0.5576470588235294,317.00185375435467,16.23233589721037,0.6420294093772632,0.8088730136247521,0.025377464895408194,0.7546508806758224,0.8345975552813618,0.6435967137717995
22,0.75,0.5,0.45,5,81.85713478243692,0.5703921568627451,304.1338738558387,15.502587795106814,0.6469660544403473,0.8091611856771087,0.019029437708602128,0.7783067646011023,0.8337816181442923,0.6462571510049128
22,0.75,0.5,0.45,6,80.68675093058658,0.5784313725490197,303.1218706674052,15.136872743773047,0.6367007669215627,0.8020686910565719,0.020510583933120462,0.7698413528404189,0.8367369958086434,0.636396177498496
22,0.75,0.5,0.45,7,81.88430243817373,0.5747058823529412,310.4541115184447,15.409242763309951,0.6310330006896582,0.7971874792403667,0.007403034793225073,0.78696773963092,0.8137681955485414,0.6303081531717402
22,0.75,0.5,0.45,8,80.17943135299961,0.5798039215686275,299.54753605348776,15.025673233897761,0.6417428228449806,0.8057649618334551,0.033270115649493844,0.7625388521628118,0.8587535010807859,0.6413813859781273
22,0.75,0.5,0.45,9,83.20967785830192,0.5700000000000002,319.0222094588828,15.951110730892939,0.6247692028732977,0.7935769027726348,4.562092721189521e-09,0.7935768969822737,0.7935769126126332,0.6247692032850723
22,0.75,0.5,0.45,10,84.19344740992165,0.5643137254901961,322.22593146196294,16.106650490317403,0.6263328543123061,0.7948924755377643,0.005810061145112915,0.7862410206492354,0.8013781834182259,0.6264280775146628
22,0.75,0.5,0.45,11,81.64202250839851,0.5721568627450981,304.098945504499,15.451831318936335,0.643458975815546,0.8072558742066335,0.01785432350931064,0.7802784610063748,0.831150412023773,0.6432334040455288
22,0.75,0.5,0.45,12,80.21908040765291,0.581764705882353,302.66692688035636,15.06961185335596,0.6336470592161753,0.7992250794073509,0.020781118376612347,0.7629014283728262,0.8299930376847533,0.6329735825463215
22,0.75,0.5,0.45,13,79.85070767009395,0.5882352941176471,309.3855865950077,14.906245314739616,0.6155659614769308,0.7870365159537759,0.014435939852100765,0.761299156377534,0.8057357547588913,0.6158073247076493
22,0.75,0.5,0.45,14,80.7538261217614,0.5868627450980393,319.5380168489103,15.151437330721349,0.6017419974979129,0.7766512242134381,0.026907118929207996,0.7298606978585638,0.8062831163528739,0.6019718148912485
22,0.75,0.5,0.45,15,81.89710254933792,0.5741176470588235,309.65507373827336,15.555187966169001,0.6338867289965218,0.8006126933091232,0.007022897562398768,0.7904487702767056,0.8165206292315876,0.6340184933710096
22,0.75,0.5,0.45,16,81.69656525895756,0.5745098039215687,308.6776501011628,15.380077094408085,0.6328382277458694,0.7995378564415547,0.018111153388508622,0.772665047308711,0.8283989912767412,0.632777684833971
22,0.75,0.5,0.45,17,83.90553076891563,0.5623529411764706,315.3030633447292,15.938700874067973,0.6388351944381213,0.8038002113910742,0.009549224597125757,0.7808175661806306,0.8165582784541279,0.6386177381464435
22,0.75,0.5,0.45,18,81.54171733755047,0.5741176470588235,304.7777808242743,15.254525166461544,0.6406884801830292,0.8057927288920498,0.006360381770716892,0.7978993028853444,0.8177032376324231,0.6408727260195477
22,0.75,0.5,0.45,19,80.54708509605894,0.5817647058823531,306.7605954171836,15.07920957850221,0.6280549154270731,0.7945985195828073,0.014350588638870988,0.7734209449512527,0.8353900406735436,0.627093137435408
22,0.75,0.5,0.55,0,83.16078119610877,0.5896078431372549,365.635546798229,18.28939163927376,0.5441238395584989,0.7320435276050606,0.011849101839427794,0.7120098465971116,0.7519963199743158,0.5434242715159566
22,0.75,0.5,0.55,1,86.76022696363191,0.5743137254901961,387.11793928309686,19.349664084723713,0.5366151509819408,0.7274633591629627,0.004039926864719364,0.721923445440956,0.731974136677112,0.5366164815996123
22,0.75,0.5,0.55,2,81.17688909109661,0.5992156862745098,357.9520946276789,17.54440787461623,0.5414183740888923,0.7303269821629613,0.02691021452637132,0.6942526692915953,0.7724424050850613,0.5409271751530871
22,0.75,0.5,0.55,3,82.8254581611669,0.5901960784313727,362.1261047005614,18.212852021474,0.547178433854593,0.735528979859457,0.02076304037088365,0.7046276416859013,0.7705898145876464,0.5472752035002679
22,0.75,0.5,0.55,4,80.61555079943253,0.6025490196078431,355.7834415582807,17.483466047754373,0.5409663221535963,0.7297418633971522,0.01601590724145239,0.7103197241475094,0.7633586465245814,0.5403110700082329
22,0.75,0.5,0.55,5,83.65478265804798,0.5872549019607843,368.13217682911,18.353181240914633,0.5432519880694561,0.7333543161425474,0.01596048261008621,0.7095007156747591,0.7592929129449623,0.5438622047964264
22,0.75,0.5,0.55,6,81.90045747151572,0.5962745098039216,360.155950786953,17.989625084913477,0.5433315151870243,0.7327585232669602,0.005181970084528427,0.7232205013450048,0.7389916657859289,0.5435047731048189
22,0.75,0.5,0.55,7,81.94276536428897,0.5939215686274509,356.4433646827426,17.868195208032024,0.5492779588679041,0.7375779979486761,0.018673722006420278,0.703502046796591,0.7603533493510685,0.5496909780664028
22,0.75,0.5,0.55,8,84.29761566408007,0.5809803921568627,365.4465212403181,18.666646973965587,0.5541514619308401,0.7422094011154095,0.03276788421013728,0.690391886571487,0.7811999101473114,0.5552153317090264
22,0.75,0.5,0.55,9,82.46575794290777,0.5923529411764705,360.93449925607683,18.00917265582475,0.5467089244474128,0.7342142631398256,0.011246222606485178,0.7170622335580135,0.7546511046698022,0.5461639709835903
22,0.75,0.5,0.55,10,86.47007066233536,0.5743137254901961,383.0419811167234,19.200113706600238,0.5410972109988744,0.7297849942733481,0.012460117267531884,0.7113387359120027,0.7471714565825363,0.5404052683483359
22,0.75,0.5,0.55,11,83.22269643599634,0.5894117647058825,365.78221887211623,18.288164830370267,0.5437063699600663,0.7336978166774774,0.009093012964940365,0.7217650681060913,0.7501322472225791,0.5443183960983514
22,0.75,0.5,0.55,12,82.61402612632581,0.5868627450980393,350.8735319195503,18.211147508957183,0.5646867998492388,0.7500563799481145,0.020887737739682923,0.7035583293970472,0.786214625711213,0.565714319890029
22,0.75,0.5,0.55,13,81.17153619575788,0.593529411764706,342.6322687476938,17.706573701149036,0.5677074978230602,0.7494942258782771,0.01793134270122985,0.7286455635473816,0.7788006913302558,0.566849899497048
22,0.75,0.5,0.55,14,80.17704043876458,0.6019607843137256,347.6598124565011,17.391528386605433,0.5511791691790026,0.738547886577254,0.025608218911481833,0.7050507540683715,0.7815483119886381,0.5512881756410041
22,0.75,0.5,0.55,15,79.91928206533338,0.6092156862745098,361.6251879196117,17.272330740499594,0.5258628070995502,0.7206991565746247,0.020505562093905017,0.694173971481032,0.7708766389278113,0.5267308412661916
22,0.75,0.5,0.55,16,84.21491432911458,0.5850980392156864,371.1170106121026,18.530944075623122,0.5424777476970523,0.7317720116899222,0.003345477762580311,0.7272549338865879,0.7380614295863926,0.5424202149751408
22,0.75,0.5,0.55,17,84.94262069537672,0.58,369.34988940093376,18.46749447004673,0.550273026238982,0.7377047696792364,1.1212702919885052e-16,0.7377047696792365,0.7377047696792365,0.550273026238982
22,0.75,0.5,0.55,18,87.5914489606946,0.5698039215686276,389.0514799098705,19.399700627652145,0.5385597951509988,0.7289426512697855,0.0016750094947368171,0.7267403857152764,0.7367377106259294,0.5385749984220232
22,0.75,0.5,0.55,19,83.07680808580722,0.5880392156862746,361.2089921023326,18.253945883811294,0.5507447672605759,0.7385715246310214,0.022512481274767748,0.7054316028266087,0.7730755554556917,0.5510867333843023
22,0.75,0.5,0.65,0,81.46678821895566,0.6135294117647059,410.98333781192997,19.77196212891108,0.47209343407792365,0.6780991855449259,0.021384325932351653,0.6476665373110547,0.706309013938464,0.4714461740689124
22,0.75,0.5,0.65,1,86.65876022423988,0.5862745098039216,428.06406867557206,21.59733346248051,0.48508324834864747,0.689111461592918,0.025170106044805244,0.6532118062813417,0.7252149318739428,0.4852825985696024
22,0.75,0.5,0.65,2,88.4154638838535,0.58,440.37755401787683,22.018877700893896,0.4803896002677142,0.6852922002007855,1.1212702919885052e-16,0.6852922002007856,0.6852922002007856,0.4803896002677142
22,0.75,0.5,0.65,3,84.44259227716277,0.5968627450980393,415.82077835034863,20.891172402629415,0.48528469761848,0.6886325962476287,0.014382793142501875,0.6689953471080907,0.7157274041586908,0.4850640796409924
22,0.75,0.5,0.65,4,84.15275816504159,0.5990196078431373,415.87093188134645,20.76728669589565,0.48321448506536296,0.6872524422518258,0.0035795404229849665,0.678333739515762,0.6939176382020463,0.48310887070056535
22,0.75,0.5,0.65,5,85.08305521176689,0.5931372549019609,418.8696994456285,21.13313330442741,0.48681722031217345,0.6910038641042459,0.028687532846221785,0.6499470331283903,0.733545449828821,0.487411186225584
22,0.75,0.5,0.65,6,84.04825548610292,0.6000000000000001,415.75548912661804,20.787774456330965,0.4826760896674449,0.6870070672505837,0.0,0.6870070672505837,0.6870070672505837,0.4826760896674451
22,0.75,0.5,0.65,7,86.63206595324168,0.5886274509803922,432.435762392437,21.630634001317194,0.4789741619728005,0.6842468520914842,0.0028080704687230007,0.6817053291380001,0.6916947291431735,0.47898498238072307
22,0.75,0.5,0.65,8,85.65755747796331,0.589607843137255,419.2773924115774,21.29921101853093,0.48975374348247136,0.6931582227643012,0.02726537612457237,0.6462327397170826,0.7309699984279074,0.4903156869174364
22,0.75,0.5,0.65,9,86.16252292259537,0.5892156862745099,425.77993870672015,21.41556110424505,0.484473745134447,0.6890618776758346,0.011100958160056561,0.6711048305916494,0.7054609607260373,0.4849447910177799
22,0.75,0.5,0.65,10,92.72587975785709,0.562156862745098,472.96118119594814,23.64077601717036,0.4699443414737893,0.6779047623592209,0.0038492087436428632,0.6692774015535565,0.6814671072230947,0.47024201230970863
22,0.75,0.5,0.65,11,85.22204634716093,0.5945098039215688,422.8093472979865,21.030835616498525,0.48140004540539594,0.6858758172319476,0.006418463023808852,0.679300894585378,0.6984672378777093,0.4812839008573296
22,0.75,0.5,0.65,12,79.40518226582356,0.6200000000000001,384.98740242786187,19.249370121393078,0.49144581550749605,0.6935843616306219,2.2425405839770103e-16,0.6935843616306221,0.6935843616306221,0.49144581550749605
22,0.75,0.5,0.65,13,83.90950920494689,0.5992156862745099,412.757312300776,20.61500844041465,0.4857024710566354,0.689237375254403,0.018776131410635742,0.6637432969073459,0.7184610007748717,0.48567615236458633
22,0.75,0.5,0.65,14,84.2158068942243,0.597843137254902,416.2969806284318,20.835485340215275,0.48440942082020305,0.6893483864634943,0.028461011679834173,0.6499027809497403,0.7320704694592012,0.4851036347190978
22,0.75,0.5,0.65,15,84.76998135783636,0.5933333333333333,410.7380509624829,21.03805565842763,0.4941248685770971,0.6949126857188218,0.016520646525311298,0.6627321477996974,0.7223180056281939,0.4936708914344298
22,0.75,0.5,0.65,16,90.70545663418186,0.5700000000000002,455.2266206484651,22.761331032423325,0.4772791408363347,0.6829593556272511,1.1212702919885052e-16,0.682959355627251,0.682959355627251,0.4772791408363347
22,0.75,0.5,0.65,17,90.06019160888563,0.571764705882353,449.59573113729607,22.57214849328783,0.47993562655689087,0.6873424062685478,0.017349594602872984,0.6458657577830482,0.7103408932307295,0.4815294174574774
22,0.75,0.5,0.65,18,84.92394062862249,0.5954901960784313,420.38331131499916,21.02287798695589,0.4827857619251096,0.6870975056839108,0.009993838002597124,0.6732808612780452,0.7029114645309736,0.48279121808516184
22,0.75,0.5,0.65,19,82.88767636477033,0.6009803921568627,396.7347397033075,20.353081989363805,0.4998089623950206,0.698387731410367,0.016764347496419973,0.6739438349810369,0.7304715852601651,0.49882963547108844
23,0.75,0.25,0.35,0,84.03329932141685,0.5241176470588236,264.7770830100876,12.95106805828105,0.7644645977980454,0.8982078228325464,0.03873657891527853,0.8432669481282036,0.9561056151853732,0.764323972282058
23,0.75,0.25,0.35,1,85.93500909570412,0.5105882352941177,266.41223356438127,13.408565927389377,0.7789356414119628,0.9103899509168499,0.016703774509071685,0.8836632102122387,0.935361055297405,0.7801238612698406
23,0.75,0.25,0.35,2,83.16648907987783,0.522156862745098,253.30694407121536,12.725477192945016,0.7922119320985656,0.9155943689558887,0.011495695872095016,0.9046623381487985,0.9491471026599555,0.7886473519805302
23,0.75,0.25,0.35,3,84.32144113949983,0.5221568627450981,263.34421651170015,13.09271301241207,0.7713800510849952,0.9043278818924733,0.0114752718861014,0.8892142472264328,0.9207177623002748,0.7721728946637222
23,0.75,0.25,0.35,4,84.59873455714317,0.5174509803921569,261.2764784824006,13.097556281719594,0.7810376412201288,0.9092957371953849,0.010306284484828242,0.8906860472283522,0.9249662584948432,0.7795551475004173
23,0.75,0.25,0.35,5,86.51034001331533,0.5127450980392158,272.8379520016711,13.599544633190998,0.7643435409380295,0.8976591356865745,0.002554140251558482,0.892722276428486,0.9009853233458477,0.7637450209210818
23,0.75,0.25,0.35,6,84.28957924697066,0.5209803921568629,261.72158220476945,13.099004508154326,0.7761981418621257,0.9074242913566255,0.006687752896587563,0.8983413829088576,0.9177909153998639,0.7764738268221567
23,0.75,0.25,0.35,7,83.6657899020375,0.5288235294117648,264.49425737913515,12.919601452354158,0.7607372437018287,0.8941257776924582,0.013687340995951787,0.8733560398432862,0.9103825780972068,0.7593100886179155
23,0.75,0.25,0.35,8,83.628692443201,0.5198039215686274,255.01627550388238,12.858834750413193,0.7904352657425376,0.912650925583847,0.014476685209085025,0.8961877826125695,0.9572856344384479,0.7852597420194811
23,0.75,0.25,0.35,9,85.9589605559858,0.5141176470588236,270.16813898685405,13.419967131511156,0.7669455438684889,0.9013460314751643,0.01647208887977713,0.8745652771890015,0.9227220495638718,0.7680824174422866
23,0.75,0.25,0.35,10,85.19416234228599,0.511764705882353,261.10645092575874,13.202790047259068,0.7883498811758859,0.9138171796570483,0.020881864366266486,0.8706917102295899,0.9388023371440042,0.7859046499510197
23,0.75,0.25,0.35,11,84.94479061836005,0.5174509803921568,264.0332762059596,13.229965265571343,0.7757248478851186,0.9072002129444463,0.010324740298297353,0.8874011603934429,0.9213652848396062,0.7761314249157261
23,0.75,0.25,0.35,12,85.46165465293983,0.5145098039215686,265.93159655428724,13.338126660632664,0.7748733508786905,0.9057977796179573,0.011916842378960462,0.8893439099076819,0.9250575660637613,0.7745161173376298
23,0.75,0.25,0.35,13,85.36535722505226,0.5162745098039218,266.13887526059716,13.290255089858777,0.7730824732725284,0.9045373752618365,0.0033514478350646884,0.9014099552871325,0.9101878015137306,0.7728079935799685
23,0.75,0.25,0.35,14,85.45158269324011,0.5123529411764706,263.8844964022485,13.267497853989175,0.7813434820658307,0.9103387720829185,0.014150383593768944,0.8918464186533914,0.936369530006082,0.7806746425993761
23,0.75,0.25,0.35,15,82.7776449063457,0.5250980392156863,256.0740913122114,12.577347565389793,0.7797543958513113,0.9021652505521717,0.05266075622949776,0.8440797070155883,0.9941574452992199,0.7721038495149996
23,0.75,0.25,0.35,16,88.83003645180979,0.4860784313725489,268.4487234622359,13.920796746412115,0.8059334734104707,0.9344471440222765,0.02688686117189213,0.8621158185616924,0.9645992683851242,0.8109305123748943
23,0.75,0.25,0.35,17,84.99158809664492,0.5164705882352941,264.37163837324147,13.05331473243606,0.7743142840165609,0.9037533914532124,0.02885014954155868,0.8655609358483526,0.9413889249181422,0.7723319624573526
23,0.75,0.25,0.35,18,83.75840405156097,0.5225490196078431,259.7236435584015,12.855001352221688,0.7764582801019978,0.9057493670835374,0.027914158335837318,0.8757466151440557,0.9513575091430025,0.7748639371090366
23,0.75,0.25,0.35,19,84.46465965404617,0.5194117647058825,262.1510584558142,13.128674987081283,0.7779079165267139,0.9104431004221656,0.018370341033187403,0.8816894283556991,0.9440746859542267,0.779920079553844
23,0.75,0.25,0.45,0,78.70095684341491,0.59,295.503831069807,14.775191553490343,0.6365614592109803,0.8024210944082352,1.1212702919885052e-16,0.8024210944082351,0.8024210944082351,0.6365614592109802
23,0.75,0.25,0.45,1,82.00425528986587,0.5741176470588235,311.4674519945471,15.515199507621965,0.6298261819696496,0.7972596500240162,0.0058933350308319,0.7893671848483512,0.8091633047176401,0.6297161955164287
23,0.75,0.25,0.45,2,82.21363730548866,0.5723529411764705,310.72686736701377,15.533285301009325,0.6337421065989376,0.8014541201418565,0.008175246112743163,0.7921353909916113,0.8183625883681607,0.6348896467915911
23,0.75,0.25,0.45,3,83.6185028502893,0.5650980392156862,316.6565971388228,15.968255104075183,0.6334003655043032,0.7976235053257325,0.012002384808884051,0.7754575696436378,0.8128374206426827,0.6309735967018082
23,0.75,0.25,0.45,4,83.51424677732955,0.5668627450980391,318.31710004867534,15.961930741186437,0.6293441056326922,0.7977121806874317,0.008352730644093385,0.7848220655232999,0.8115877630214641,0.6300482070956047
23,0.75,0.25,0.45,5,80.52203053319442,0.5780392156862745,300.5704065826543,15.097860114441653,0.6420730389775942,0.8053805401603973,0.025000128740093337,0.7742195856089401,0.8454343390437679,0.640898799904796
23,0.75,0.25,0.45,6,79.21027241141937,0.591764705882353,307.0185292991732,14.797399968014993,0.6161950457908262,0.7895075242829862,0.01828591137594409,0.7611413516180103,0.8304402509672775,0.6185562857306929
23,0.75,0.25,0.45,7,81.08686637445469,0.5764705882352942,303.7827133043882,15.267851178405811,0.6393878402723279,0.8005839938322714,0.014616858319705363,0.7833380123673632,0.8343022879597418,0.6354309539003532
23,0.75,0.25,0.45,8,81.40603553582436,0.5754901960784314,307.70073838248493,15.387058959126028,0.6339629884420527,0.8025246974294398,0.030178076278342306,0.7600493995220126,0.8398236198785307,0.6360154445399527
23,0.75,0.25,0.45,9,82.89520319255513,0.5705882352941177,316.5634133114378,15.817636326526117,0.6273332961400747,0.7961815830769826,0.005272420431258401,0.7875659356470374,0.8029267956664716,0.6280149071120014
23,0.75,0.25,0.45,10,82.65759935789823,0.5715686274509805,315.46502035091635,15.64842517036464,0.6263212348420172,0.7955552772013968,0.008270938381316805,0.7842426863705626,0.8082417097973827,0.6271355859119011
23,0.75,0.25,0.45,11,81.79395541232321,0.5735294117647058,308.5421585020764,15.496376159872934,0.6355644758858032,0.8032048733594206,0.021677076408012412,0.7758161453347819,0.8358804407448737,0.6370959923308712
23,0.75,0.25,0.45,12,81.46793715210283,0.5760784313725491,309.13364326587435,15.390948625264718,0.6312130689817665,0.8007032218709468,0.026476572287041467,0.762839738417242,0.8352774209853034,0.6335064891163884
23,0.75,0.25,0.45,13,80.01651005549773,0.586078431372549,308.2442736370166,14.969149541208987,0.620276033771192,0.7900172898065156,0.023784088922217596,0.7593949580455912,0.8343568710586524,0.6200862982493137
23,0.75,0.25,0.45,14,81.4066937877751,0.5762745098039215,307.7967026313376,15.338923668881462,0.6331488970391472,0.7994689633728791,0.016119490235115313,0.7840665124351185,0.8307275287592537,0.6327561876326661
23,0.75,0.25,0.45,15,83.4226627768607,0.5674509803921569,318.2419364654663,15.911343377853752,0.6280587453456642,0.7958798995184011,0.009106752396032184,0.7845291585896158,0.8105513704631969,0.6278945858548173
23,0.75,0.25,0.45,16,83.1481341556955,0.5668627450980392,313.18083308122925,15.654576182809874,0.6363839302558949,0.8015161626019754,0.007501421042193634,0.7905280890071194,0.81822004253442,0.6356121451659492
23,0.75,0.25,0.45,17,81.01533340374823,0.5772549019607844,304.5705655256579,15.075232191283794,0.6357472332014414,0.8019229502408024,0.01650229488904112,0.7824962487534545,0.8273889313330347,0.6358597585411627
23,0.75,0.25,0.45,18,82.58391314915961,0.5705882352941175,312.3153581982702,15.506753898179358,0.6331974039179405,0.8007970946997216,0.00775171095132047,0.7901715910300238,0.8116033006048623,0.6340964456792066
23,0.75,0.25,0.45,19,81.50958306968097,0.5733333333333334,304.4664800477733,15.336081229373,0.6418481541895048,0.8058672251180283,0.01864279877828231,0.7800895782194347,0.8295347482322846,0.6413292636654045
23,0.75,0.25,0.55,0,85.33194055687791,0.58,376.40155589804976,18.82007779491426,0.5424388096493475,0.7318291072370587,1.7697132131911649e-13,0.7318291072368475,0.731829107237459,0.5424388096493958
23,0.75,0.25,0.55,1,87.88777061548184,0.5700000000000002,395.180255567992,19.75901277839966,0.5327211033224417,0.7245408274918314,1.1212702919885052e-16,0.7245408274918315,0.7245408274918315,0.5327211033224418
23,0.75,0.25,0.55,2,83.14233326696329,0.587843137254902,361.90398407783243,18.271913669613735,0.550458827066469,0.7403585361177701,0.01929032144731037,0.7050942885397729,0.7644727371737781,0.5529732428843873
23,0.75,0.25,0.55,3,81.34796734691064,0.5982352941176472,355.26062968531045,17.648404028763483,0.5465727268078885,0.7342627500440048,0.003344139386767032,0.7289428008833942,0.7416195648770207,0.5459059317459768
23,0.75,0.25,0.55,4,80.10901344575863,0.6043137254901961,350.09602343852913,17.375221894087055,0.5455767474204894,0.7336553632382133,0.00349962888811816,0.7279122095295067,0.7403749261695073,0.5450495500933357
23,0.75,0.25,0.55,5,81.15131859215077,0.598235294117647,354.25157218702367,17.665362585099473,0.5474933884853176,0.7356621308416353,0.020327681917522895,0.7098805683078455,0.7676769774231892,0.5475354779629648
23,0.75,0.25,0.55,6,81.14520231555335,0.6000000000000001,356.2227127608908,17.81113563804459,0.5438840397871706,0.732913029840378,1.1212702919885052e-16,0.7329130298403781,0.7329130298403781,0.5438840397871709
23,0.75,0.25,0.55,7,87.54990035450317,0.5700000000000002,388.808920859402,19.440446042970162,0.5393691791584401,0.7295268843688302,0.0,0.7295268843688302,0.7295268843688302,0.5393691791584404
23,0.75,0.25,0.55,8,81.39495464731235,0.5978431372549019,356.1414144757212,17.765440526386968,0.5459406017923399,0.7346699788297479,0.01053456804515096,0.7235182487807056,0.7547117940057093,0.5461551292778329
23,0.75,0.25,0.55,9,81.9079817844622,0.596078431372549,360.0333338765531,17.762528918860518,0.5439849730861177,0.7307528494640098,0.009849051063891752,0.7145543955119986,0.7496686678257897,0.5417490927355392
23,0.75,0.25,0.55,10,86.32443978488034,0.5764705882352942,385.9636145112625,19.282537842780634,0.5353848581688758,0.7293748830199204,0.005038125223028403,0.7065581998236393,0.7371041626249945,0.5382210975621393
23,0.75,0.25,0.55,11,79.53857904587328,0.6084313725490196,350.73462903069174,17.256527395748414,0.5406059363390747,0.7292909363275579,0.005769461218798827,0.717815975250932,0.7392406780667722,0.5394424204123267
23,0.75,0.25,0.55,12,78.85136402118425,0.611372549019608,347.2365614462242,17.042515672066692,0.5415175501761749,0.7339699740319136,0.015232338363137142,0.7191932562103527,0.7711505894569355,0.5443493615759574
23,0.75,0.25,0.55,13,81.89333086793795,0.5954901960784315,360.265022110624,17.851822355930594,0.5430446314819618,0.7332281872494464,0.020574666343109973,0.7055178529655108,0.7690060905108987,0.5439893451199369
23,0.75,0.25,0.55,14,80.92988316471326,0.5988235294117646,353.0813661496964,17.523322410837704,0.5488147338119338,0.7328184431085105,0.031226966836865128,0.6981132205080502,0.7828381639625096,0.5450221265614941
23,0.75,0.25,0.55,15,83.94807437084702,0.5858823529411765,368.47886308726623,18.524112465668697,0.5454750917576732,0.7330938085787339,0.0042440965714845204,0.7297980137140895,0.7466790710231266,0.5444625815181523
23,0.75,0.25,0.55,16,81.60985121914293,0.5978431372549021,359.1146138607535,17.739780410507578,0.5415650185184834,0.7331469814209383,0.007643115757983903,0.7257861022894281,0.7601949304663185,0.5435382360505593
23,0.75,0.25,0.55,17,81.79788773962815,0.5931372549019608,352.14997798357916,17.60964804876839,0.5544304439784011,0.7371266797368448,0.026151757919380583,0.7003010409955561,0.7738018815874417,0.550734290731445
23,0.75,0.25,0.55,18,84.1926186971107,0.5843137254901961,368.4192592744823,18.397791970577973,0.546881297719973,0.7355464930811644,0.00414203244697195,0.7308452368432057,0.7437098703495927,0.5472668175111576
23,0.75,0.25,0.55,19,79.58846608392409,0.6066666666666666,347.2436371358168,17.15978987894787,0.5463705584221795,0.7335484971852082,0.00429519405444879,0.7215083098214857,0.7377443192443183,0.545141136790753
23,0.75,0.25,0.65,0,88.59852252213805,0.5794117647058823,442.55814967159426,22.107662191290924,0.47895739735106363,0.6841394402308139,0.0012640258777655096,0.6826997152994256,0.6888014562915724,0.47887878956857993
23,0.75,0.25,0.65,1,90.94412193759561,0.5700000000000002,460.95992716502144,23.047996358251115,0.4725830630225588,0.6794372972669194,2.2425405839770103e-16,0.6794372972669191,0.6794372972669191,0.47258306302255887
23,0.75,0.25,0.65,2,86.37373213441957,0.59,431.3816940097275,21.569084700637244,0.4785677377791666,0.6839258033348778,1.83748302410675e-12,0.6839258033327509,0.6839258033391296,0.4785677377796696
23,0.75,0.25,0.65,3,84.10452664222161,0.602156862745098,426.9035686228068,20.65873485262987,0.4698196938400206,0.6775459265137584,0.009268281647984097,0.6635350458675275,0.6943485472524353,0.47000084997376346
23,0.75,0.25,0.65,4,81.21454684449867,0.6113725490196078,397.07321291410386,19.78591713775849,0.4881434752217544,0.6911923933873677,0.017323353878722112,0.6713797437565782,0.719496397696022,0.48822826219280646
23,0.75,0.25,0.65,5,81.4771021635572,0.6147058823529412,414.0810483059845,19.83077505648928,0.46840641671090666,0.6781067255548695,0.013437973874111423,0.6609639249359744,0.714083976374826,0.4702083297325961
23,0.75,0.25,0.65,6,83.22570111340865,0.6033333333333334,410.3609288919024,20.580743586117215,0.4840813060184831,0.6879960488662286,0.002629450115449261,0.6838340346382625,0.6919761306589393,0.48401637537084924
23,0.75,0.25,0.65,7,89.53844664672518,0.5754901960784314,449.73754617617976,22.491414575707246,0.47668052262547583,0.6830269785861576,0.0026852349564216544,0.6797857395689568,0.686265913137424,0.47719710924252656
23,0.75,0.25,0.65,8,84.64385473292121,0.593529411764706,409.5600626892299,20.878943006831424,0.4946746708987585,0.6903162860671662,0.028590905760322877,0.6479932285837379,0.7329598296030602,0.48898495379185586
23,0.75,0.25,0.65,9,88.70961768532479,0.58,447.3548305073118,22.36774152536563,0.4744703939305278,0.680852795447896,0.0,0.680852795447896,0.680852795447896,0.474470393930528
23,0.75,0.25,0.65,10,86.0029572470379,0.5943137254901961,442.10195041734727,21.373546641015928,0.4634103802662528,0.675733093893272,0.012139257580761325,0.6487921720112206,0.6925479592291574,0.46658568895983515
23,0.75,0.25,0.65,11,84.40308013099086,0.5970588235294116,414.2609817136657,20.883498861409088,0.4867725314197185,0.689166126512809,0.004884663699584998,0.6811403995336911,0.6987145314150405,0.4858592593677386
23,0.75,0.25,0.65,12,82.84836901173918,0.6045098039215687,407.51298659525156,20.333834844343084,0.4855406968002056,0.6875273561498546,0.009361667793785847,0.6742996090551137,0.7037846453990708,0.48391253034990617
23,0.75,0.25,0.65,13,89.3003444504233,0.5731372549019608,439.44692094227366,22.692973603068154,0.48917484249902615,0.6954897876921867,0.014589394373877277,0.6514164402586767,0.7114251774529434,0.4927834983169432
23,0.75,0.25,0.65,14,89.53521499929364,0.5680392156862745,427.10624907653636,22.668758128518903,0.5054519505454977,0.7044241069439201,0.021452292362019593,0.680324374726165,0.7392813071452624,0.5057870945802945
23,0.75,0.25,0.65,15,86.63753362804697,0.5872549019607843,429.246200504068,21.55793315084463,0.4826786610643408,0.6867878248253375,0.007218090883817999,0.6775447322818686,0.6984518214689371,0.4824574900914227
23,0.75,0.25,0.65,16,90.75481174398213,0.5700000000000002,456.40297527506726,22.820148763753426,0.4763080091602403,0.6822310068701802,1.1212702919885052e-16,0.6822310068701801,0.6822310068701801,0.47630800916024046
23,0.75,0.25,0.65,17,87.05240567853778,0.5847058823529412,427.2993477022401,21.39270386626684,0.48715643706277256,0.6902799567242719,0.0020711180991604544,0.6872905049616013,0.69288491718307,0.48706906598996486
23,0.75,0.25,0.65,18,82.65693402053013,0.6056862745098038,405.99348072973817,20.293219996293818,0.48585312405228565,0.6898337126583087,0.003347938952266177,0.6859798491229375,0.6939906821494352,0.4862969936713802
23,0.75,0.25,0.65,19,89.1278199029336,0.5752941176470588,441.07564374859953,22.46364663989437,0.4847256849768782,0.6916647419391792,0.010064081629783037,0.666434151095259,0.7062154085971046,0.48784616318339863
24,0.75,0.0,0.35,0,81.82999982923927,0.5729411764705882,306.85248246130413,15.119145539583466,0.6394627705627048,1.0,0.0,1.0,1.0,0.9
24,0.75,0.0,0.35,1,84.64382685317553,0.5498039215686275,303.29727968207936,15.438955531531624,0.670191770918238,1.0,0.0,1.0,1.0,0.9
24,0.75,0.0,0.35,2,81.00976589657307,0.5701960784313725,292.16250172748556,14.587091576385491,0.6643173218334603,1.0,0.0,1.0,1.0,0.9
24,0.75,0.0,0.35,3,84.16139694143462,0.553921568627451,304.27547829638326,15.424235560985244,0.6654965635951229,1.0,0.0,1.0,1.0,0.9
24,0.75,0.0,0.35,4,81.32576013371798,0.5694117647058824,294.68091248498166,14.696269820613956,0.6611464554533002,1.0,0.0,1.0,1.0,0.9
24,0.75,0.0,0.35,5,79.73659155994774,0.5772549019607843,288.059366469791,14.348604589455158,0.662462342434298,1.0,0.0,1.0,1.0,0.9
24,0.75,0.0,0.35,6,87.06933269506538,0.531372549019608,305.5811790756865,15.76038716178233,0.6889982252028021,1.0,0.0,1.0,1.0,0.9
24,0.75,0.0,0.35,7,83.2124080872078,0.5599999999999999,301.12336766752185,15.056168383370965,0.6626677902255039,1.0,0.0,1.0,1.0,0.9
24,0.75,0.0,0.35,8,83.57903840220142,0.5588235294117648,304.48996168494705,15.26087369386968,0.6586742217503501,1.0,0.0,1.0,1.0,0.9
24,0.75,0.0,0.35,9,82.7577798981644,0.5547058823529413,290.11102283307974,14.757023476390488,0.6891014763207505,1.0,0.0,1.0,1.0,0.9
24,0.75,0.0,0.35,10,84.26264277224112,0.5580392156862747,312.04140986477927,15.578680642058316,0.6477540765357654,1.0,0.0,1.0,1.0,0.9
24,0.75,0.0,0.35,11,79.22277615863321,0.5843137254901961,292.884803891906,14.36383301932759,0.6464903613990804,1.0,0.0,1.0,1.0,0.9
24,0.75,0.0,0.35,12,80.34159032795986,0.5733333333333334,289.23830412741034,14.434483186422934,0.6651752821218758,1.0,0.0,1.0,1.0,0.9
24,0.75,0.0,0.35,13,83.39556377669919,0.5547058823529413,297.2156482659041,15.078558255090606,0.6740900912442856,1.0,0.0,1.0,1.0,0.9
24,0.75,0.0,0.35,14,84.86964336955745,0.5566666666666668,317.4397607602614,15.815914721705063,0.6413058803461197,1.0,0.0,1.0,1.0,0.9
24,0.75,0.0,0.35,15,81.41134675208986,0.5698039215686276,295.0730036756545,14.73306296466467,0.6607692952702153,1.0,0.0,1.0,1.0,0.9
24,0.75,0.0,0.35,16,81.9393882074038,0.5649019607843137,294.3491764514657,14.691452327222278,0.666965721761226,1.0,0.0,1.0,1.0,0.9
24,0.75,0.0,0.35,17,83.82607264819946,0.5541176470588236,300.4629806089584,15.045669630614034,0.6703973204538141,1.0,0.0,1.0,1.0,0.9
24,0.75,0.0,0.35,18,79.6994912507924,0.5758823529411765,285.0203030860973,14.083913952973862,0.6683861076365077,1.0,0.0,1.0,1.0,0.9
24,0.75,0.0,0.35,19,81.32005037755249,0.5686274509803922,292.77665694106815,14.641390823488544,0.6650602338066804,1.0,0.0,1.0,1.0,0.9
24,0.75,0.0,0.45,0,87.36106032674583,0.5876470588235294,446.1308822702036,22.244862131056713,0.46787799740521263,1.0,0.0,1.0,1.0,0.9
24,0.75,0.0,0.45,1,90.5374528641424,0.5737254901960785,466.95941183274175,23.322501632648688,0.46421785143861916,1.0,0.0,1.0,1.0,0.9
24,0.75,0.0,0.45,2,85.70896601617464,0.5925490196078431,427.77111168133735,21.343081450438905,0.4787996845808017,1.0,0.0,1.0,1.0,0.9
24,0.75,0.0,0.45,3,86.19618695798077,0.5845098039215687,410.47480840503954,21.364275418305823,0.5035128671382385,1.0,0.0,1.0,1.0,0.9
24,0.75,0.0,0.45,4,84.0980568136886,0.6003921568627452,419.5758372229343,20.921101672624683,0.4785243306407186,1.0,0.0,1.0,1.0,0.9
24,0.75,0.0,0.45,5,87.04381905811319,0.5878431372549019,440.88639202930545,21.89350973412068,0.4715162728646905,1.0,0.0,1.0,1.0,0.9
24,0.75,0.0,0.45,6,82.98411118982779,0.6049019607843138,410.81464766901826,20.45737743029576,0.4815257764844187,1.0,0.0,1.0,1.0,0.9
24,0.75,0.0,0.45,7,89.0311666622726,0.58,455.1838327756935,22.759191638784742,0.46799991919062944,1.0,0.0,1.0,1.0,0.9
24,0.75,0.0,0.45,8,86.24360665947343,0.5901960784313727,431.76820303044593,21.577149629427648,0.4777251150993912,1.0,0.0,1.0,1.0,0.9
24,0.75,0.0,0.45,9,86.80131239277068,0.585686274509804,426.9068240722497,21.66887120927508,0.4879258714124548,1.0,0.0,1.0,1.0,0.9
24,0.75,0.0,0.45,10,91.48808871210935,0.5700000000000002,474.46297428742383,23.72314871437126,0.46187974643365315,1.0,0.0,1.0,1.0,0.9
24,0.75,0.0,0.45,11,85.15444384971747,0.5956862745098039,425.8724716947785,21.27441566575772,0.47770905425067034,1.0,0.0,1.0,1.0,0.9
24,0.75,0.0,0.45,12,82.18466967923577,0.6076470588235294,403.488050032077,20.157256157902594,0.48606866858259534,1.0,0.0,1.0,1.0,0.9
24,0.75,0.0,0.45,13,83.17200194860308,0.6031372549019608,410.1966058879931,20.416885158899273,0.48395983781449287,1.0,0.0,1.0,1.0,0.9
24,0.75,0.0,0.45,14,91.41042249966242,0.5700000000000002,472.4968715010554,23.624843575513605,0.46340793914509804,1.0,0.0,1.0,1.0,0.9
24,0.75,0.0,0.45,15,91.73114806600498,0.5684313725490197,474.33988992689837,23.672685223127345,0.4630781400945056,1.0,0.0,1.0,1.0,0.9
24,0.75,0.0,0.45,16,91.01051701136757,0.5700000000000002,462.575208843556,23.12876044217777,0.47127664592537466,1.0,0.0,1.0,1.0,0.9
24,0.75,0.0,0.45,17,86.06243300864706,0.5870588235294119,416.2523846017928,20.95448597721814,0.4958192964286895,1.0,0.0,1.0,1.0,0.9
24,0.75,0.0,0.45,18,86.9055159282861,0.5864705882352942,430.8316083866892,21.492942975582313,0.48224354570502054,1.0,0.0,1.0,1.0,0.9
24,0.75,0.0,0.45,19,85.66801494084127,0.5909803921568628,421.6266630104289,21.34248173886224,0.48659594203622575,1.0,0.0,1.0,1.0,0.9
24,0.75,0.0,0.55,0,98.05124312077314,0.5584313725490196,613.1935307959062,30.690265586778505,0.3835795997030946,1.0,0.0,1.0,1.0,0.9
24,0.75,0.0,0.55,1,95.51516472912742,0.5700000000000002,597.9256032128708,29.896280160643524,0.38264132313792043,1.0,0.0,1.0,1.0,0.9
24,0.75,0.0,0.55,2,101.62183766159305,0.5445098039215686,651.3607630144886,32.58568585694858,0.37490472500866595,1.0,0.0,1.0,1.0,0.9
24,0.75,0.0,0.55,3,98.4906860279138,0.5578431372549021,626.1807705913616,31.21309604976384,0.37722276228614143,1.0,0.0,1.0,1.0,0.9
24,0.75,0.0,0.55,4,97.94462298946068,0.5599999999999999,619.6162228089778,30.98081114044895,0.37906182496506324,1.0,0.0,1.0,1.0,0.9
24,0.75,0.0,0.55,5,98.0329816159903,0.5599999999999999,622.9706596405716,31.148532982028655,0.37736085645949297,1.0,0.0,1.0,1.0,0.9
24,0.75,0.0,0.55,6,104.98578584338732,0.5300000000000001,675.8274715223918,33.79137357611971,0.3738208733220098,1.0,0.0,1.0,1.0,0.9
24,0.75,0.0,0.55,7,99.10880576836736,0.5531372549019608,618.0857765593206,31.048581609772565,0.3854383175900054,1.0,0.0,1.0,1.0,0.9
24,0.75,0.0,0.55,8,98.34777847660928,0.5576470588235294,618.8828121741635,30.91697072814247,0.3811080424358455,1.0,0.0,1.0,1.0,0.9
24,0.75,0.0,0.55,9,95.61134570696038,0.5700000000000002,601.5026549881081,30.075132749405363,0.380748826199119,1.0,0.0,1.0,1.0,0.9
24,0.75,0.0,0.55,10,98.81747096839786,0.556078431372549,625.8145006883965,31.349367019126525,0.37887988231067965,1.0,0.0,1.0,1.0,0.9
24,0.75,0.0,0.55,11,98.21597410308314,0.5564705882352942,608.2960542870564,30.883523241734203,0.3883729265023175,1.0,0.0,1.0,1.0,0.9
24,0.75,0.0,0.55,12,106.70980119812128,0.5229411764705884,693.463399828606,34.71680064641351,0.3707578859446635,1.0,0.0,1.0,1.0,0.9
24,0.75,0.0,0.55,13,100.38193612512907,0.55,641.768821963122,32.088441098156096,0.37551256395095745,1.0,0.0,1.0,1.0,0.9
24,0.75,0.0,0.55,14,100.39446472399223,0.55,642.2527210856884,32.11263605428442,0.37527646977612533,1.0,0.0,1.0,1.0,0.9
24,0.75,0.0,0.55,15,96.91463706821693,0.5635294117647058,606.4956557221806,30.404674160453766,0.38332755513256006,1.0,0.0,1.0,1.0,0.9
24,0.75,0.0,0.55,16,98.12760244439129,0.5599999999999999,626.5965279167079,31.329826395835376,0.37553933596509026,1.0,0.0,1.0,1.0,0.9
24,0.75,0.0,0.55,17,101.06399858333093,0.5454901960784314,637.3086070488172,32.114708271427745,0.38078176187359225,1.0,0.0,1.0,1.0,0.9
24,0.75,0.0,0.55,18,97.69131609893526,0.5598039215686275,610.806804105397,30.797589227593793,0.38349022788593634,1.0,0.0,1.0,1.0,0.9
24,0.75,0.0,0.55,19,94.15291025336933,0.5760784313725489,589.5471830050882,29.33107761734659,0.38205457358304346,1.0,0.0,1.0,1.0,0.9
24,0.75,0.0,0.65,0,119.9274802845376,0.4794117647058823,918.2547761340747,45.730383572235596,0.3162863584046236,1.0,0.0,1.0,1.0,0.9
24,0.75,0.0,0.65,1,112.50423602478354,0.51,843.6712258047378,42.18356129023686,0.3216842091223851,1.0,0.0,1.0,1.0,0.9
24,0.75,0.0,0.65,2,121.2841090630816,0.47254901960784307,919.6109007665068,46.08183217131164,0.31976884211627477,1.0,0.0,1.0,1.0,0.9
24,0.75,0.0,0.65,3,120.64534494680669,0.47686274509803916,930.919468470108,46.17607062705894,0.3139779018504298,1.0,0.0,1.0,1.0,0.9
24,0.75,0.0,0.65,4,117.26124684557595,0.49,886.9450452548539,44.34725226274263,0.3197456926848591,1.0,0.0,1.0,1.0,0.9
24,0.75,0.0,0.65,5,124.55838617645432,0.46,961.1330704803646,48.056653524018365,0.31470537217378497,1.0,0.0,1.0,1.0,0.9
24,0.75,0.0,0.65,6,114.8697507071429,0.5,864.5940251097984,43.229701255489864,0.32090593978960774,1.0,0.0,1.0,1.0,0.9
24,0.75,0.0,0.65,7,112.40553166973008,0.51,838.4572737980994,41.9228636899049,0.3234006233371563,1.0,0.0,1.0,1.0,0.9
24,0.75,0.0,0.65,8,114.85077815056353,0.5,863.5800339750439,43.17900169875218,0.3212296734976596,1.0,0.0,1.0,1.0,0.9
24,0.75,0.0,0.65,9,122.18806022469624,0.46999999999999986,939.7648732653548,46.988243663267866,0.3152978940993632,1.0,0.0,1.0,1.0,0.9
24,0.75,0.0,0.65,10,124.51638437557735,0.46,958.7763808868715,47.93881904434372,0.3153725423413578,1.0,0.0,1.0,1.0,0.9
24,0.75,0.0,0.65,11,126.92160276771652,0.45,982.1221572765883,49.10610786382955,0.3142698635268309,1.0,0.0,1.0,1.0,0.9
24,0.75,0.0,0.65,12,133.4508327138311,0.4227450980392158,1045.0715258155983,52.25008465669583,0.31180855766212484,1.0,0.0,1.0,1.0,0.9
24,0.75,0.0,0.65,13,124.64369270759623,0.46,965.9504456482837,48.29752228241434,0.31335033568752374,1.0,0.0,1.0,1.0,0.9
24,0.75,0.0,0.65,14,124.10346483074689,0.46098039215686265,948.8588176274666,47.62288660077027,0.31783963045510727,1.0,0.0,1.0,1.0,0.9
24,0.75,0.0,0.65,15,125.25815014066177,0.45666666666666667,964.1281044733776,48.22500743974455,0.3156599572462135,1.0,0.0,1.0,1.0,0.9
24,0.75,0.0,0.65,16,123.04822993131116,0.46568627450980393,941.4217902285815,47.071654796518075,0.3172155703199049,1.0,0.0,1.0,1.0,0.9
24,0.75,0.0,0.65,17,124.59193851781949,0.46,963.0228586744108,48.151142933720685,0.31417241594944084,1.0,0.0,1.0,1.0,0.9
24,0.75,0.0,0.65,18,127.96759623392649,0.44352941176470584,971.8776867322414,49.36605215820858,0.3211294463479508,1.0,0.0,1.0,1.0,0.9
24,0.75,0.0,0.65,19,122.10005234583173,0.46999999999999986,934.8706837584896,46.743534187924425,0.31672023911171127,1.0,0.0,1.0,1.0,0.9
25,1.0,1.0,0.35,0,88.3073227633052,0.48352941176470593,263.2497472983121,13.411812664978443,0.8150073757265189,0.9160509990078803,0.0714754437784284,0.807575911952479,1.0102759333525746,0.8150073757265189
25,1.0,1.0,0.35,1,85.51826884639237,0.5098039215686274,262.5913865370257,12.901831646612687,0.786531227577501,0.8871448597298908,0.051723659696264385,0.8061907089071054,0.9602645122750634,0.786531227577501
25,1.0,1.0,0.35,2,86.81859940830552,0.4992156862745099,263.2656576502879,13.171040156573238,0.7975412956391557,0.8983909635557441,0.048362611764564946,0.8429805514668937,0.9815724881519129,0.7975412956391557
25,1.0,1.0,0.35,3,84.39962031096881,0.5158823529411765,259.8700773539393,12.658817398374827,0.7841402545598397,0.8823087161901082,0.06338196778779207,0.7951979538665261,1.006449056053057,0.7841402545598397
25,1.0,1.0,0.35,4,86.32656139503786,0.5021568627450982,261.11061197092334,13.098102574688342,0.7985221257179665,0.8983834842872358,0.021379882213118567,0.8688451711420733,0.9325780311623083,0.7985221257179665
25,1.0,1.0,0.35,5,86.60513550343602,0.5023529411764706,263.3954746145882,13.179358608953086,0.7942457182710047,0.894269138870568,0.018153431565634665,0.8655779775569382,0.9234624501080175,0.7942457182710047
25,1.0,1.0,0.35,6,86.14358948508557,0.5011764705882352,258.9201747631794,13.088480308457571,0.8051050335941947,0.9056357633712776,0.020201276406360817,0.8688589032140686,0.9388038454307692,0.8051050335941947
25,1.0,1.0,0.35,7,87.21177660507246,0.4925490196078431,260.63961460207264,13.252687094272973,0.8118414118464481,0.9127881393011198,0.044833989010152495,0.8251924630923633,0.9830096435441922,0.8118414118464481
25,1.0,1.0,0.35,8,85.61389805763025,0.5103921568627451,263.70576835009837,12.93570565857528,0.7828834532304774,0.8841760096170398,0.046896420499363684,0.8118708926304665,0.9685206911210672,0.7828834532304774
25,1.0,1.0,0.35,9,84.72501774033776,0.5101960784313725,254.95311841438493,12.766245820561023,0.8019651708748489,0.9003027137039517,0.026009493243675616,0.8784013015346496,0.9713058677220523,0.8019651708748489
25,1.0,1.0,0.35,10,85.59069706216364,0.5058823529411764,258.4161241341905,12.942203490226275,0.7994645921285091,0.8988571409770687,0.028329810914095737,0.8553347208363625,0.9392174102977554,0.7994645921285091
25,1.0,1.0,0.35,11,85.44453170116034,0.5072549019607843,258.43056081013873,12.967096631588324,0.7986369829596158,0.8976931699521188,0.015161047485194932,0.8661172892011291,0.926875274967973,0.7986369829596158
25,1.0,1.0,0.35,12,84.03856646600013,0.5180392156862746,256.0463368012299,12.67359337463702,0.7908380345579499,0.8900554540039692,0.010667832410382688,0.8647925577540443,0.9058454449397058,0.7908380345579499
25,1.0,1.0,0.35,13,85.7151546805262,0.5041176470588237,258.5597148504223,12.969180987484073,0.8008801125905575,0.9003898056155912,0.045670957867485686,0.8354441002528802,0.9664738189476025,0.8008801125905575
25,1.0,1.0,0.35,14,85.37075267618475,0.5101960784313727,260.79853654723865,12.911870055657515,0.7897303419721343,0.890340165685928,0.030039180405472807,0.8438409046386928,0.9472933385913057,0.7897303419721343
25,1.0,1.0,0.35,15,85.63538329397021,0.5105882352941177,263.28958326961566,12.985451537293597,0.7838082360846068,0.8849026954628497,0.025028820308966054,0.82980641369963,0.9130977848797723,0.7838082360846068
25,1.0,1.0,0.35,16,87.95620405735143,0.4850980392156862,259.5288227419128,13.405699915595452,0.8223779088083895,0.920985835515855,0.03565396247893591,0.8510150846800604,0.9642360395251142,0.8223779088083895
25,1.0,1.0,0.35,17,85.60951540511537,0.5062745098039216,258.45450297741195,12.98324002498039,0.8001966317513485,0.9003840242454872,0.013610910613942899,0.8641393626061638,0.9135471591991813,0.8001966317513485
25,1.0,1.0,0.35,18,86.89714525402464,0.4915686274509804,258.06665242156015,13.101111278467872,0.8175873351835122,0.9162261712231131,0.0683655004527096,0.8060858522736171,1.0174318231878463,0.8175873351835122
25,1.0,1.0,0.35,19,85.48847435316685,0.506470588235294,258.03966467737627,12.94543091515694,0.7995569059824245,0.8994659158376266,0.016673237648061775,0.8719407523181328,0.9237006538472639,0.7995569059824245
25,1.0,1.0,0.45,0,80.6929213245768,0.5707843137254902,288.129737837808,14.332175391151944,0.6707489767811127,0.7706059614890749,0.006227624626614728,0.7583146874480025,0.7877289877016589,0.6707489767811127
25,1.0,1.0,0.45,1,82.9156381247647,0.560392156862745,298.9917198355632,14.896776636612318,0.6646064962016615,0.7652504767194814,0.011674989326107051,0.7401990172149928,0.7811903132639686,0.6646064962016615
25,1.0,1.0,0.45,2,81.17182353590593,0.5686274509803922,291.19664968666547,14.405618913569704,0.6677116624070553,0.7658876930371252,0.023168765722963804,0.7292377736147734,0.8229885151450512,0.6677116624070553
25,1.0,1.0,0.45,3,81.32007164286577,0.5674509803921569,291.43087059887586,14.518899066800415,0.6686254554469935,0.767801473445039,0.018753320401407887,0.7422202415843964,0.8173585128163389,0.6686254554469935
25,1.0,1.0,0.45,4,80.24673442623589,0.5719607843137254,286.5604087944979,14.210386429123568,0.6706187956619506,0.7690731768562332,0.036940676580795674,0.7140946369462505,0.8292744329351166,0.6706187956619506
25,1.0,1.0,0.45,5,81.0578546058384,0.5690196078431373,290.3899395067052,14.431004684310755,0.6681111992870566,0.7684158320905444,0.014856784863946747,0.7487424055789504,0.7970262606529054,0.6681111992870566
25,1.0,1.0,0.45,6,81.50774081388485,0.565294117647059,289.9637441241156,14.534603920683457,0.6738776345389133,0.7737081657569789,0.015858236722221582,0.7498895017873836,0.8098670578623087,0.6738776345389133
25,1.0,1.0,0.45,7,82.4218250385838,0.5603921568627451,294.6184118322499,14.751065492507179,0.6718298549264006,0.7718933153451327,0.038360721182364305,0.70267563986319,0.8316266351598779,0.6718298549264006
25,1.0,1.0,0.45,8,81.39228733407822,0.5649019607843139,289.0747825800125,14.55256897783982,0.675679038072792,0.7765115016220108,0.03200818362583659,0.732540538402916,0.8318635242218109,0.675679038072792
25,1.0,1.0,0.45,9,82.17408028132806,0.5625490196078432,294.2355371775376,14.71899535261683,0.669554952207693,0.7701865054587347,0.0188936797036053,0.7359655488016619,0.8003235863859761,0.669554952207693
25,1.0,1.0,0.45,10,82.35151180223536,0.563529411764706,296.60275309441954,14.83124174004158,0.6656033174996666,0.7658154615117161,0.005312919338673451,0.7571811711791216,0.7711148539032836,0.6656033174996666
25,1.0,1.0,0.45,11,82.03243368728084,0.5603921568627452,289.64547210811594,14.73734867144643,0.6802638417974474,0.7787622467990923,0.0390844214113363,0.7256888789950593,0.8483784650696068,0.6802638417974474
25,1.0,1.0,0.45,12,82.93241937859719,0.5509803921568628,286.5172152471846,15.06595485538964,0.697471764390301,0.7965763324568716,0.041198944137032296,0.7288979405262724,0.8689244476181642,0.697471764390301
25,1.0,1.0,0.45,13,80.46733016210287,0.570392156862745,288.3069667692594,14.230437540628873,0.669316075069251,0.768862658984275,0.05082806679067263,0.6850576924637174,0.839082971390939,0.669316075069251
25,1.0,1.0,0.45,14,82.39834304671682,0.5613725490196079,295.1111619923154,14.767750105169334,0.6696698313568966,0.7696902794130668,0.027032952697978452,0.724398178109421,0.8132768605315563,0.6696698313568966
25,1.0,1.0,0.45,15,81.06055093299864,0.5688235294117648,289.54107791789056,14.483740020708243,0.6707194433361426,0.7709740697113665,0.005827257340550481,0.7557515995246931,0.7822830550824076,0.6707194433361426
25,1.0,1.0,0.45,16,80.73831724569105,0.5694117647058825,286.638509418366,14.288320781413676,0.6737418390297469,0.7736445661572648,0.007374273940280799,0.7573733843289061,0.7963858743896531,0.6737418390297469
25,1.0,1.0,0.45,17,82.34953872860703,0.560392156862745,293.375023260085,14.644561720674949,0.6728843452746159,0.7733462387937063,0.03527176550563731,0.7190231316316237,0.8239930854672597,0.6728843452746159
25,1.0,1.0,0.45,18,81.25521990872228,0.5664705882352942,288.3043266261995,14.415534102691938,0.6754437996667066,0.7754462437469394,0.008578812672887787,0.7573336142622432,0.7874182181838415,0.6754437996667066
25,1.0,1.0,0.45,19,82.0203500534717,0.5660784313725491,297.2447127292035,14.622586474349015,0.6603127710250462,0.7608789955569906,0.01691733200616141,0.7282079841284289,0.7984515373763867,0.6603127710250462
25,1.0,1.0,0.55,0,85.2077739219702,0.5700000000000002,348.6207688530608,17.43103844265309,0.5854538333564,0.6854538333563996,1.1212702919885052e-16,0.6854538333563998,0.6854538333563998,0.5854538333564
25,1.0,1.0,0.55,1,84.69298089924446,0.5723529411764707,346.9305691639842,17.365297052720013,0.5846856812614989,0.6846890148211212,0.006794626332302883,0.6734641922671198,0.6998858257650884,0.5846856812614989
25,1.0,1.0,0.55,2,81.0471952681624,0.5878431372549019,327.4208974193772,16.415307874865388,0.5924384961545894,0.6925140403237373,0.037110237499460366,0.6271396581388787,0.7439039926746644,0.5924384961545894
25,1.0,1.0,0.55,3,80.61439535465914,0.5898039215686274,325.6196490316763,16.32064874728787,0.5923658129795296,0.6932887699391947,0.035661536228283525,0.6371815223285194,0.7565550449657511,0.5923658129795296
25,1.0,1.0,0.55,4,83.15432146111105,0.5752941176470587,332.06833465335166,17.04204140134852,0.601259330363307,0.7018879380584298,0.031483413222215796,0.6395255603930752,0.755978688897829,0.601259330363307
25,1.0,1.0,0.55,5,80.95057623401955,0.5907843137254902,331.51821403647756,16.23989912812024,0.5827199470474934,0.683823175819633,0.03255814937025643,0.6408315004851703,0.7627414535251612,0.5827199470474934
25,1.0,1.0,0.55,6,78.85577391000976,0.6000000000000001,317.9535386557644,15.89767693278823,0.5921543302078827,0.6921543302078828,2.2425405839770103e-16,0.6921543302078825,0.6921543302078825,0.5921543302078827
25,1.0,1.0,0.55,7,83.10477628172387,0.5780392156862746,335.6562837280435,16.971465173399285,0.593521354071834,0.6937722103368547,0.012999361141964268,0.6804697320031281,0.7259989359633099,0.593521354071834
25,1.0,1.0,0.55,8,79.97416353272989,0.5982352941176472,334.2100982989553,15.920503897469017,0.570985026412607,0.6719408160066442,0.03205288717626889,0.6065612532147944,0.7169574198424392,0.570985026412607
25,1.0,1.0,0.55,9,80.87049303982693,0.588235294117647,324.0323007026026,16.28389531679582,0.5958145841510869,0.6948312802425886,0.015892770146042175,0.6699175497684818,0.7297301662651737,0.5958145841510869
25,1.0,1.0,0.55,10,83.47053857645032,0.5774509803921568,339.645788370701,17.11194784675206,0.5887122688262373,0.6890913879251596,0.01104970807358893,0.673700722372433,0.7138016810544208,0.5887122688262373
25,1.0,1.0,0.55,11,82.10490264472756,0.583529411764706,333.7270364949314,16.6876671978027,0.5888406318714619,0.6893453337134474,0.0258835170017742,0.6417835809243615,0.7258930692705524,0.5888406318714619
25,1.0,1.0,0.55,12,82.65000238968248,0.5790196078431373,333.29567904196335,16.885416085599843,0.5947993766556359,0.6954004056397922,0.04371624180513994,0.6301293444573478,0.7628347764940727,0.5947993766556359
25,1.0,1.0,0.55,13,82.02864927408518,0.5856862745098039,337.7276453179832,16.597570326449663,0.5803385293810526,0.68038429402374,0.03919267097381107,0.6177364343566384,0.7362264007556002,0.5803385293810526
25,1.0,1.0,0.55,14,81.76718708335747,0.5850980392156864,330.438807859059,16.605964061530937,0.5918542427824911,0.6919755048904868,0.01268802567778599,0.6712301841740733,0.7126599235018608,0.5918542427824911
25,1.0,1.0,0.55,15,85.45654646516884,0.5700000000000002,352.5865614688714,17.629328073443613,0.5805588812871989,0.6805588812871989,0.0,0.6805588812871989,0.6805588812871989,0.5805588812871989
25,1.0,1.0,0.55,16,81.04335238723921,0.5868627450980393,324.63466248496144,16.362455694539655,0.5981219832681614,0.6978678251408885,0.023467761099393757,0.6590708060308864,0.742340608067356,0.5981219832681614
25,1.0,1.0,0.55,17,82.2107976095954,0.583529411764706,334.6173425721809,16.5167196481633,0.5863429979862586,0.6878555910979429,0.021489419211990067,0.6612554124565974,0.7447154909643561,0.5863429979862586
25,1.0,1.0,0.55,18,81.08671464877887,0.5874509803921569,324.64704487712135,16.23606132867835,0.5971673336483979,0.6973338376979069,0.0064808022683352645,0.6905424053259013,0.7175598475138327,0.5971673336483979
25,1.0,1.0,0.55,19,84.07196251961186,0.5752941176470588,343.63667978489815,17.12294321517203,0.5856015757238324,0.685228800301346,0.008422818168412944,0.6753702730022619,0.7047396399974792,0.5856015757238324
25,1.0,1.0,0.65,0,88.2301607469482,0.5700000000000002,401.8011278207304,20.09005639103655,0.5259840926341003,0.6259840926341002,1.1212702919885052e-16,0.6259840926341003,0.6259840926341003,0.5259840926341003
25,1.0,1.0,0.65,1,82.33158642780586,0.5913725490196079,358.25435315250047,18.61525911543362,0.5505698247070834,0.6502522726751789,0.030602466818079085,0.6070390165609596,0.7078660620436766,0.5505698247070834
25,1.0,1.0,0.65,2,85.92282357330079,0.58,387.50198547981546,19.375099273990756,0.5305485723726165,0.6305485723726166,1.1212702919885052e-16,0.6305485723726165,0.6305485723726165,0.5305485723726165
25,1.0,1.0,0.65,3,79.3426410435303,0.6099999999999999,351.46871606578895,17.573435803264246,0.538437259007551,0.6384372590075147,5.794823242221533e-13,0.6384372590056138,0.638437259007964,0.538437259007551
25,1.0,1.0,0.65,4,79.0732075994891,0.6127450980392157,356.52846518267853,17.334603904404773,0.5283090015981801,0.6270004828021462,0.018727456813814807,0.5944542636016401,0.6676848656687033,0.5283090015981801
25,1.0,1.0,0.65,5,82.22982094551551,0.5968627450980393,367.7733840042815,18.366350659408802,0.5340149501354207,0.6337843090443428,0.004412958589212903,0.6288815842344502,0.6418310579638277,0.5340149501354207
25,1.0,1.0,0.65,6,84.59399625411184,0.5847058823529413,378.4227394449752,19.194621135084347,0.5348470777869574,0.6353770913852285,0.018004378797938942,0.601325524706635,0.6657258917177515,0.5348470777869574
25,1.0,1.0,0.65,7,85.6347915081491,0.5823529411764706,389.4418542096615,19.45867356519743,0.5259831730070993,0.6262119264868867,0.004933235886401729,0.616102211450303,0.6314495425033363,0.5259831730070993
25,1.0,1.0,0.65,8,79.56939648175943,0.6096078431372548,354.5579461197902,17.64315467892903,0.535175865128762,0.6350697138554372,0.0025751617480995574,0.6309163258250164,0.645720698523523,0.535175865128762
25,1.0,1.0,0.65,9,82.3169971846819,0.5927450980392157,360.4020172989551,18.54885682619533,0.5469873844699195,0.6469125595163315,0.029313546142922826,0.6084418911876327,0.7057263199277403,0.5469873844699195
25,1.0,1.0,0.65,10,83.06216651642285,0.5898039215686275,366.6659698023754,18.767849502055043,0.5427641512262824,0.6432826045152994,0.037649495034974084,0.5870626651495718,0.7029728516283894,0.5427641512262824
25,1.0,1.0,0.65,11,82.43352513157696,0.593921568627451,364.577818604041,18.561234355889354,0.540945629395184,0.6412919832195033,0.012690571156133599,0.6257885760046263,0.6702727739371528,0.540945629395184
25,1.0,1.0,0.65,12,81.12233972505825,0.6011764705882354,361.39495631991997,18.11377296109403,0.5362818495710437,0.6363385425011407,0.020490571912231813,0.6064495953634842,0.6730547636575357,0.5362818495710437
25,1.0,1.0,0.65,13,83.87334088935431,0.59,378.20466886232435,18.910233443116276,0.5300544688328606,0.6300544688328605,0.0,0.6300544688328605,0.6300544688328605,0.5300544688328606
25,1.0,1.0,0.65,14,83.49831099677787,0.5878431372549019,371.82977413965,18.8533626194601,0.5387779580761618,0.6402847982408871,0.0506184602556908,0.5631100114412794,0.7277213906493197,0.5387779580761618
25,1.0,1.0,0.65,15,80.6465960123366,0.6041176470588234,363.39758695529406,17.919401309816053,0.5304328129510968,0.6305051221254089,0.04509669209876814,0.5633931204569445,0.7122362811381104,0.5304328129510968
25,1.0,1.0,0.65,16,86.14610265311822,0.58,391.827178034391,19.591358901719545,0.5260555658651163,0.6260555658651161,1.1212702919885052e-16,0.6260555658651162,0.6260555658651162,0.5260555658651163
25,1.0,1.0,0.65,17,83.67601302290433,0.5880392156862746,372.7199585036035,18.73399850069882,0.5374457580772362,0.6375434590237155,0.04127390826388644,0.5816951222193129,0.7139392786207198,0.5374457580772362
25,1.0,1.0,0.65,18,80.99149329106113,0.6035294117647059,364.4070568372201,18.116156867999038,0.5303599718437625,0.6300463239221221,0.009571097422782485,0.6181061168930697,0.6496926204077677,0.5303599718437625
25,1.0,1.0,0.65,19,83.84047904467909,0.5905882352941176,380.29395760786355,18.787811368321957,0.5263487017036229,0.6259098685369127,0.011381487322478099,0.6082404341277987,0.6514598869640998,0.5263487017036229
26,1.0,0.75,0.35,0,86.30762698192808,0.5035294117647059,263.3069108467976,13.078243066344987,0.7917217604505817,0.8950125689504035,0.0472621922315046,0.8295904484301454,0.9693598884971617,0.7925444625755372
26,1.0,0.75,0.35,1,87.82905261702031,0.4886274509803922,263.11837620642876,13.364483204099951,0.8100204258250449,0.911074320372156,0.06044399705398247,0.8186335903065194,0.9963191462139143,0.8102838994618229
26,1.0,0.75,0.35,2,84.06109728381014,0.5209803921568629,259.53000199931296,12.597868225108982,0.7789163933291128,0.8785923114913265,0.016471469743893952,0.8499542017727562,0.9058169791812508,0.7788353728696663
26,1.0,0.75,0.35,3,84.26360326401904,0.5158823529411766,256.64891752849087,12.709109252693914,0.7912053474074326,0.8908438486530537,0.024931730342751746,0.8498949047213158,0.9371921712630666,0.7911149727188379
26,1.0,0.75,0.35,4,86.03719848906113,0.5043137254901963,260.8990332280379,13.051330845663356,0.7962876909917178,0.8965222342599947,0.02745680018543233,0.8635290048483675,0.9438558367017655,0.7963463268087869
26,1.0,0.75,0.35,5,85.39400536088195,0.5088235294117648,258.65475611950546,12.928601735337633,0.7965872150137399,0.8965772867852418,0.00408624628444747,0.8937364789343889,0.9083501362326901,0.7965847329566152
26,1.0,0.75,0.35,6,85.51809796183387,0.5088235294117647,260.7643429132206,12.93072042925344,0.7913292137049592,0.8925197136163575,0.03545956837148032,0.8459164952554168,0.9647472104850344,0.7916268386828087
26,1.0,0.75,0.35,7,87.01078823984824,0.49607843137254903,263.1460297842303,13.156899843106917,0.8000013620761773,0.9006441631393597,0.06189486826502794,0.8131575293337633,0.9904296106034607,0.8001620623419727
26,1.0,0.75,0.35,8,87.91405686997318,0.48745098039215684,263.3006926251891,13.379142244390009,0.810820006505349,0.9126410091660333,0.06510028428186058,0.801981284310194,0.9932332158634735,0.8112752571705203
26,1.0,0.75,0.35,9,86.45243080639207,0.4996078431372548,261.72248948441904,13.051963543585796,0.7989630993858304,0.8977219008514766,0.0642690558824351,0.8097220995226435,0.9919663105970914,0.7986527997522419
26,1.0,0.75,0.35,10,86.61897420374679,0.5023529411764707,264.7111309381927,13.155775515123066,0.7908600721626564,0.8923774100878044,0.048885137732408934,0.8259175308934361,0.9664397438561891,0.7912394066439435
26,1.0,0.75,0.35,11,84.02885986846368,0.516078431372549,254.7986406402034,12.654467657916134,0.7950895837836841,0.8951894124422463,0.01941847658953411,0.8596961466958607,0.9236149402031126,0.7951145409483245
26,1.0,0.75,0.35,12,86.20721326709524,0.5009803921568627,259.06301320262645,13.125045336083852,0.8044179285490571,0.9051257044783799,0.020473465551059913,0.8677322357808321,0.9411961887356423,0.8045948725313877
26,1.0,0.75,0.35,13,86.88434955024002,0.4974509803921569,261.6665982720657,13.233665114499342,0.8031717289511378,0.9036025062278822,0.02713080228726511,0.8654887260148468,0.9482582818031633,0.8032794232703239
26,1.0,0.75,0.35,14,84.81102220697511,0.5105882352941176,256.36997682153515,12.804899139790987,0.7985439126398919,0.8975114272405144,0.023767117010342807,0.8677175473037616,0.9505790660049538,0.7982857912900475
26,1.0,0.75,0.35,15,86.5813703566101,0.4941176470588236,256.89900696201175,13.150210281224231,0.8165080203841892,0.9159481515815855,0.047375358471432386,0.8546190670713235,0.9818430781777672,0.8163680531835382
26,1.0,0.75,0.35,16,84.24314898307482,0.5166666666666667,257.21914161881546,12.639817596839256,0.789403572832383,0.8876250585683754,0.02846462524179464,0.8308682291491929,0.9218050123969022,0.7889589442663812
26,1.0,0.75,0.35,17,86.57026885352701,0.49882352941176467,260.1446653582738,13.121595088890741,0.8054761264546181,0.9048335387361707,0.02425881082151276,0.8779176921300132,0.9582087068559868,0.8053154795250065
26,1.0,0.75,0.35,18,86.9097470951846,0.5054901960784314,270.2638976772877,13.161207220453687,0.7745511623923607,0.8771135367030829,0.054020712733084175,0.7941660941804003,0.9651118489392582,0.7751917559700413
26,1.0,0.75,0.35,19,86.43577750205203,0.5050980392156864,264.18164607366475,13.183022880289258,0.7897010865408092,0.8899103644471963,0.006436201160970393,0.883564997029757,0.9047361425783496,0.789753406017406
26,1.0,0.75,0.45,0,81.81318747279715,0.5643137254901962,291.60952369185617,14.658230196496431,0.6727023222818425,0.7722464385174833,0.007190699993411309,0.7655697041785554,0.7882015929145163,0.6725883513407527
26,1.0,0.75,0.45,1,82.48206305051133,0.563529411764706,298.57744756954526,14.829774502931025,0.6619676321655741,0.7619218403999114,0.009220647196030166,0.7495467381457709,0.7790357623841366,0.6619561842241586
26,1.0,0.75,0.45,2,80.5267718659774,0.5731372549019609,291.0526123561505,14.258989141126373,0.6613870905928488,0.7611116905762998,0.01960774100503782,0.7243239893952944,0.7946248783956791,0.6613182405887118
26,1.0,0.75,0.45,3,82.49821124813813,0.56,294.8179439857348,14.81982413438682,0.6720471281260106,0.7718378073860565,0.034555500317692736,0.7164738439090861,0.8289339212023284,0.6719947979410222
26,1.0,0.75,0.45,4,82.00120325193525,0.5633333333333332,293.07657452978134,14.668428927080747,0.6709324192459154,0.7720731409315172,0.016426366012306882,0.7475829856140737,0.7946835546204338,0.671217599667316
26,1.0,0.75,0.45,5,80.22378245995746,0.5731372549019609,286.7459776403763,14.213007104546092,0.6696275700816688,0.7679827594382067,0.013533318845277151,0.7490577625514602,0.8014006453325292,0.669216367420803
26,1.0,0.75,0.45,6,81.86030861089527,0.5625490196078432,291.1335604452218,14.644343535976088,0.6750617336650802,0.7752758433457564,0.03362727114121553,0.7229138553314414,0.8283955084793266,0.6751152610852492
26,1.0,0.75,0.45,7,83.88032769382707,0.5537254901960784,300.94477305239855,15.116369375188889,0.6690863017728365,0.7688535745804247,0.02960066404397766,0.7234528486614153,0.8103638789711158,0.6690281199747337
26,1.0,0.75,0.45,8,80.95314822106853,0.5705882352941177,291.9204837258846,14.356063730292007,0.6634078499462629,0.7624561444523582,0.022944559838875153,0.7311961485729042,0.8012211724451854,0.6631699235727868
26,1.0,0.75,0.45,9,78.40852348292619,0.5823529411764706,279.70146593805316,13.699772177655493,0.6693997209726961,0.767906422100373,0.014155586632139198,0.7409723333053557,0.7968394141401225,0.6690263962546151
26,1.0,0.75,0.45,10,82.6166681390746,0.562156862745098,297.75205566686594,14.887319366878131,0.6653155270804191,0.7656265575616102,0.007331113085613454,0.7550909058944882,0.7806537884953263,0.6653932847007169
26,1.0,0.75,0.45,11,81.90220799733486,0.563529411764706,293.0478658602101,14.661008113358774,0.6708394647614139,0.77115442282306,0.03308044775739607,0.7166941970895259,0.8181957266016759,0.6709182042768255
26,1.0,0.75,0.45,12,82.1397627882595,0.5611764705882354,293.25286229302014,14.709130843856185,0.6728413008110667,0.7745664915604008,0.05435360086896745,0.7055030903199973,0.8655128298080978,0.6732725984984002
26,1.0,0.75,0.45,13,80.6309950129707,0.5701960784313725,289.339763064425,14.309317715586637,0.668308770501998,0.768603277794125,0.050921692594899495,0.6904410359454112,0.8465809799172483,0.6683823973250298
26,1.0,0.75,0.45,14,84.70164862716581,0.5523529411764707,307.3897784764309,15.347501728009512,0.661240920467958,0.7611794458689314,0.008835401842805866,0.7504093950256426,0.7785306779532493,0.6612255518182014
26,1.0,0.75,0.45,15,82.16409926606644,0.5625490196078433,293.70050374236877,14.764016011160248,0.6712572242658996,0.7707256976847675,0.016812884644583755,0.7332327696248958,0.7894325921783993,0.6711243426206167
26,1.0,0.75,0.45,16,82.99492484236133,0.5584313725490196,296.88902415028014,14.817196280101276,0.671068389714384,0.7716253476531706,0.014252967510829207,0.7536838582134804,0.8047125871236199,0.6712076291990806
26,1.0,0.75,0.45,17,82.76679168140795,0.5586274509803922,295.2568707263081,14.751199959343277,0.6738128877390079,0.7721097680138829,0.02331155567030673,0.7360735433449856,0.8114216708908082,0.6733871078077266
26,1.0,0.75,0.45,18,81.35986101920585,0.5664705882352943,289.6310645144303,14.453338375226418,0.6727334559827183,0.7736283793172962,0.01210154250000905,0.7562050941701743,0.8101307351743634,0.6729571868163627
26,1.0,0.75,0.45,19,82.6871031972695,0.56,296.0956457708585,14.852831912797928,0.6701762536373628,0.7715773558618523,0.02186930496399237,0.7369669485356148,0.8103408810494148,0.6705265291934851
26,1.0,0.75,0.55,0,84.28953271654404,0.5743137254901961,344.546877562329,17.190758154221623,0.585590791992512,0.685888200744832,0.006016655695190743,0.6767007121252133,0.692972869253438,0.585665144180592
26,1.0,0.75,0.55,1,79.65735060254683,0.5954901960784313,323.3983198843887,16.003470705402943,0.5886841197271153,0.6886643703941351,0.044652651686079105,0.62625661783968,0.7651780465818492,0.5886791823938703
26,1.0,0.75,0.55,2,83.75055480678937,0.5768627450980393,341.925416631164,17.061920061200162,0.5860657891483311,0.6863684678302912,0.006236697069855454,0.6804765736626361,0.6964165786332045,0.5861414588188211
26,1.0,0.75,0.55,3,79.26760309740757,0.6013725490196078,330.0210066423629,15.767485534944322,0.5729718546195783,0.6721127005508091,0.034793694376737856,0.613108196091773,0.7471535765862639,0.5727570661023861
26,1.0,0.75,0.55,4,83.54704046937229,0.575294117647059,338.7853427472319,17.10661881576652,0.5917257789317211,0.6923382852612177,0.04605255857104017,0.6212426285352973,0.7481214701861288,0.5918789055140952
26,1.0,0.75,0.55,5,81.77207111737552,0.5841176470588236,329.25069826057603,16.617345031469366,0.5946337008621522,0.6952427487237728,0.021679214467869117,0.6563811656593186,0.7293845945044523,0.5947859628275574
26,1.0,0.75,0.55,6,81.37032455786382,0.5850980392156861,326.39901288835995,16.553715018050266,0.5970415241382678,0.6985860927581345,0.0323719454800016,0.6377181730953597,0.7652010823342296,0.5974276662932345
26,1.0,0.75,0.55,7,83.75390182622611,0.5750980392156864,338.8724698869434,17.051146135304954,0.5924755868471606,0.6927329397543239,0.014696094542637563,0.6682260930736064,0.7156692725829864,0.5925399250739515
26,1.0,0.75,0.55,8,80.14727245734666,0.5933333333333333,325.49429184800056,16.150926254448127,0.5886067525497681,0.6887657274899226,0.03581175789189317,0.6410889034606819,0.7473948212343557,0.5886464962848068
26,1.0,0.75,0.55,9,82.26889223424193,0.5833333333333334,335.1591790870807,16.670729784284852,0.5870581775414369,0.6867972660082028,0.023553620310186908,0.6533428292341377,0.7273079020884985,0.5869929496581282
26,1.0,0.75,0.55,10,79.4174205688551,0.5966666666666667,320.33335268246816,15.8775065275593,0.5916531655434569,0.6925454929741651,0.013934771690529865,0.6704492000422773,0.7148796663403179,0.5918762474011338
26,1.0,0.75,0.55,11,78.85791784494658,0.5994117647058824,318.51068132105564,15.765582017586143,0.5910234664399566,0.6906884621709422,0.026344917273557686,0.6585263206449634,0.7395010879312445,0.590939715372703
26,1.0,0.75,0.55,12,81.7079423419032,0.5858823529411764,333.0289603387557,16.612149417785027,0.587525639185873,0.6891293099000808,0.03917918402978251,0.6347118876079934,0.7550743463164641,0.587926556864425
26,1.0,0.75,0.55,13,81.70639159506753,0.5860784313725492,332.05333204642795,16.583559011751287,0.5884014487994018,0.6895443605185535,0.015155966761272453,0.6684282923479283,0.7161317745909775,0.5886871767291899
26,1.0,0.75,0.55,14,80.10722762599164,0.5921568627450982,323.47276817287076,16.14515847272495,0.5923801767538567,0.6928628419146767,0.048602532205590646,0.6215853221790444,0.7707782771237448,0.5925008430440616
26,1.0,0.75,0.55,15,83.94019980177174,0.5709803921568628,333.37803067564965,17.341916335448232,0.6052283720653632,0.7045628285613347,0.024522211608940546,0.6537127272001284,0.7490392882333305,0.6050619861893561
26,1.0,0.75,0.55,16,82.16291715355123,0.583529411764706,332.24708173089977,16.570498664831998,0.5914413197618403,0.6916387085758652,0.004530137968183784,0.6841457445546865,0.6967439375339629,0.5914906669653466
26,1.0,0.75,0.55,17,80.04392272197731,0.589607843137255,315.6563262233601,15.993014879120631,0.6084961228948796,0.7064140121022486,0.024370174777956936,0.6807700765128121,0.7764149597155406,0.6079755951967221
26,1.0,0.75,0.55,18,84.99867792454312,0.5700000000000002,345.3384136668237,17.26692068334124,0.5895680932023908,0.6895680932023909,0.0,0.6895680932023909,0.6895680932023909,0.5895680932023908
26,1.0,0.75,0.55,19,81.02496661041636,0.5898039215686274,331.15721812718044,16.317257745731666,0.5848649555700856,0.6846322843318436,0.032217721531723434,0.6445009877313204,0.7435984824020567,0.5848067877605251
26,1.0,0.75,0.65,0,84.13244873244686,0.5876470588235294,377.2775632578556,18.87711056447623,0.5332880731235156,0.6326608095760482,0.007229100864200617,0.6160604575432034,0.6441238571629663,0.5331312572366488
26,1.0,0.75,0.65,1,82.83896749264308,0.5945098039215686,373.64238362645466,18.452978025382613,0.5291964693791881,0.6288325930808178,0.019508594794289128,0.5950621142257322,0.6634864423651462,0.5291055003045956
26,1.0,0.75,0.65,2,84.13494633787865,0.5858823529411764,375.9281528296079,18.997684223919492,0.5367961383397283,0.637247205093267,0.04159387679848713,0.5632114634777052,0.6931002532782984,0.5369089050281128
26,1.0,0.75,0.65,3,78.19486048169813,0.616078431372549,348.8640828404506,17.19696374405866,0.5340891250640145,0.633949203369816,0.01231480271588631,0.6061050417506786,0.6591847379159466,0.5340541446404649
26,1.0,0.75,0.65,4,83.5679670335459,0.5907843137254902,376.0337475932894,18.86497985789846,0.5312529041180898,0.6313426535287556,0.011900205573577693,0.6151060337607683,0.6561797943098424,0.5312753414707562
26,1.0,0.75,0.65,5,83.13987891251759,0.5929411764705883,373.79564475133714,18.6988965707563,0.5316007240120572,0.6315052592911424,0.00489199043530824,0.6232015374235841,0.644302766588605,0.5315768578318284
26,1.0,0.75,0.65,6,81.28051574793831,0.6013725490196078,363.8315228655418,18.21519893529357,0.5334785614260864,0.6337713692529776,0.009153993838559272,0.6227891529762803,0.652229861976593,0.5335517633828092
26,1.0,0.75,0.65,7,81.3737384761122,0.6001960784313727,363.7712577181051,18.19734399460105,0.5348233039321416,0.6347870714958903,0.026508944490843483,0.5863574587077272,0.677797826315117,0.5348142458230789
26,1.0,0.75,0.65,8,84.18422331743598,0.586078431372549,376.89392625499005,19.05384784266622,0.53526360309551,0.6357029015941817,0.042390249360852575,0.5740579525577971,0.7035549767739223,0.5353734277201779
26,1.0,0.75,0.65,9,83.93848136492507,0.5882352941176472,376.6230768121545,18.82735213500218,0.5332968652874217,0.6329603430619757,0.021682599268429022,0.5960974349030453,0.6699998019746919,0.5332127347310601
26,1.0,0.75,0.65,10,83.88542359429623,0.5872549019607843,373.3319361257722,18.94606077131151,0.5381543757347644,0.6381085469130039,0.024790045895986105,0.5977783215814862,0.6791672248601619,0.5381429185293245
26,1.0,0.75,0.65,11,82.80079705110093,0.5947058823529412,373.1016377212586,18.511447798700083,0.5299175889107206,0.6306273931765523,0.014177095574548916,0.6093804242799165,0.6540622780042706,0.5300950399771786
26,1.0,0.75,0.65,12,79.86763607671813,0.6068627450980393,353.6652867113134,17.749697664479715,0.5390170152345348,0.6397441000236073,0.0110883795860628,0.6200065819947178,0.6598918804711775,0.539198786431803
26,1.0,0.75,0.65,13,78.53620055548669,0.6131372549019607,346.2471193140628,17.303266092238612,0.5409001133594298,0.6408857964803287,0.005402993876948205,0.6321254474648835,0.6465210230017513,0.5408965341396546
26,1.0,0.75,0.65,14,82.54161383197307,0.5937254901960786,368.33096207595713,18.543867903150243,0.536632371112021,0.6370684202227577,0.04023748310115102,0.5804387592294942,0.7031706524962941,0.5367413833897052
26,1.0,0.75,0.65,15,82.39973523039164,0.596078431372549,369.47539305963886,18.48063447742253,0.5328988946088963,0.6328366904887932,0.009931265680795429,0.6117765468486898,0.6507161583458768,0.5328833435788706
26,1.0,0.75,0.65,16,85.73732087114136,0.58,383.96389276959536,19.19819463847979,0.5342814113320151,0.6342814113320153,1.1212702919885052e-16,0.6342814113320152,0.6342814113320152,0.5342814113320151
26,1.0,0.75,0.65,17,82.43571827331577,0.5956862745098038,369.85295813039966,18.248191175604344,0.5317645649027419,0.6313490781312924,0.024522534933136,0.6056913396959236,0.6898599748221963,0.5316606932098796
26,1.0,0.75,0.65,18,79.60418890082109,0.6099999999999999,356.3667929174696,17.818339645873504,0.5327872459852385,0.6327872459852383,0.0,0.6327872459852383,0.6327872459852383,0.5327872459852385
26,1.0,0.75,0.65,19,83.77988195102074,0.5882352941176471,373.75197047812355,18.88583394348477,0.536614332768139,0.6370456290519098,0.02147860881236434,0.6080390885838209,0.6773536557277432,0.5367221568390816
27,1.0,0.5,0.35,0,84.7966479180203,0.511764705882353,256.80089309406185,12.800902171071096,0.795958384615081,0.8940921267703076,0.016545125980927514,0.8415130473433198,0.9112079934634256,0.7950252556926942
27,1.0,0.5,0.35,1,87.08312187455384,0.49509803921568635,261.3399823532922,13.284921907950014,0.8064230416121977,0.9076104127646064,0.03254039132949799,0.8517587980380382,0.9604063618250201,0.8070167271884018
27,1.0,0.5,0.35,2,86.80827840311512,0.49862745098039224,262.5869926292948,13.17236418031139,0.7991480799950166,0.9005380821270671,0.044461051918352215,0.8331212777679156,0.9601032355095542,0.799843081061042
27,1.0,0.5,0.35,3,84.34372556903405,0.5180392156862745,261.817755105996,12.619179000060033,0.7775156132911855,0.8758020790443366,0.06601357583428218,0.7920923840795824,1.004471338894543,0.7766588461677612
27,1.0,0.5,0.35,4,85.79261909797285,0.5047058823529411,259.88091599435614,12.980057043378311,0.7977402927129453,0.8949379646589375,0.047406431261065585,0.8190835152439334,0.9550493327414167,0.7963391286859414
27,1.0,0.5,0.35,5,86.14392867978081,0.5013725490196078,259.2470643540565,13.06618324618302,0.8039821865501835,0.9054717382239336,0.023087257747365846,0.860585613678283,0.9351913988522913,0.8047269623870587
27,1.0,0.5,0.35,6,84.36019152745713,0.5154901960784314,256.62949283904794,12.702665637493778,0.7922056266789838,0.8911139969859473,0.01037663406283211,0.8678288038510257,0.9089962525940877,0.7916598118324655
27,1.0,0.5,0.35,7,86.62477382136973,0.5021568627450981,263.0650635832016,13.125184957294909,0.7946259502121282,0.8941656261459873,0.0074216881972896465,0.8839890550429279,0.9095919254795273,0.7943957881790579
27,1.0,0.5,0.35,8,86.56345337627911,0.4937254901960786,255.96463939323988,13.136976941328683,0.8186258128409416,0.9131306678892221,0.038464361260544845,0.8305092573992707,0.983260095367062,0.8158782403650819
27,1.0,0.5,0.35,9,84.44719187781232,0.51,253.14711549714227,12.67277299012736,0.8046557585809945,0.9009717846217898,0.04571249578981744,0.819849406151761,0.9518631009156469,0.8028137716013923
27,1.0,0.5,0.35,10,90.80566318433796,0.4741176470588235,273.39293217915855,14.037551993597544,0.8078776485894494,0.9120548343184003,0.0428756765542293,0.8689357628259098,0.9919159416003668,0.8099662414539248
27,1.0,0.5,0.35,11,86.39287563675731,0.5019607843137255,261.76469871542747,13.099454842378936,0.797517668887044,0.8975755140882126,0.022352310473327714,0.8711612458708755,0.9364424160753435,0.7975465914876282
27,1.0,0.5,0.35,12,87.1955924604435,0.49803921568627463,266.94176890385387,13.267132144922618,0.7898491268143605,0.8937023596615727,0.06526980457179835,0.7860747037170757,0.9707621817985475,0.7917757432379665
27,1.0,0.5,0.35,13,85.58094360021231,0.5090196078431372,261.5407519694246,12.966381583092577,0.7898146979470106,0.8898866496417707,0.03170699027390955,0.8468834206350453,0.94666960433327,0.7898506737943909
27,1.0,0.5,0.35,14,85.50138473180569,0.5096078431372549,262.09830203024205,12.890021013880574,0.7869525952071069,0.8878230623731502,0.0479323568006226,0.8158817992197118,0.9495562706762165,0.7873878287901286
27,1.0,0.5,0.35,15,85.59013056572626,0.5064705882352941,258.8850457683109,12.949548430299858,0.7982264776070312,0.8980642398087497,0.019524810719573998,0.8763311742660846,0.932416926297843,0.7981453587078905
27,1.0,0.5,0.35,16,87.40019419983497,0.49313725490196075,263.3450072385854,13.237134686997555,0.8044200441297042,0.9052449991983336,0.054367573102991486,0.8173504204019117,0.983906254677402,0.8048325216640189
27,1.0,0.5,0.35,17,85.96344528888143,0.5011764705882352,256.62132791233245,12.812065315167763,0.8091351634233899,0.9083294551421529,0.011745350791575543,0.8868574433026503,0.9234433830403782,0.8087323092827712
27,1.0,0.5,0.35,18,84.3965705089735,0.5141176470588235,255.85159162594562,12.53964602082003,0.7953882550914522,0.8953661544415474,0.0216677546435724,0.8591540961122573,0.9212776516333305,0.7953772047665
27,1.0,0.5,0.35,19,85.65134966547919,0.5098039215686274,262.19917257281605,13.01853950615635,0.7879793224920512,0.8875989174257821,0.010830390208729751,0.8711871777511682,0.9094234159108101,0.7877891199589167
27,1.0,0.5,0.45,0,83.73248170253969,0.5556862745098039,300.90406836106723,15.06649405513524,0.6677657499994387,0.7678796911821537,0.006743727773364219,0.7612384297235202,0.7835329590268316,0.6678227205907962
27,1.0,0.5,0.45,1,83.07845775617784,0.5594117647058823,299.1148608759877,14.970056808714233,0.6661859675750705,0.765975143060416,0.007891999683396449,0.7525564390361339,0.7777678252664815,0.6660805553177432
27,1.0,0.5,0.45,2,82.64011928819491,0.5603921568627452,296.5447433943224,14.83278744026185,0.668380487049805,0.7694090803203476,0.02352006480445686,0.7368000366089468,0.8116336144631126,0.6688947836850763
27,1.0,0.5,0.45,3,83.58815304911995,0.5574509803921569,302.0959901535864,15.072155457169393,0.6637191379520662,0.762803124246294,0.009109721350620652,0.7488345313022696,0.7737688117383841,0.6632611310991801
27,1.0,0.5,0.45,4,80.63061909915812,0.5703921568627451,287.514434945385,14.340601713264645,0.6715684301673787,0.7724340311063163,0.014280210305183312,0.7467736849587314,0.7951620085034128,0.6720012306368475
27,1.0,0.5,0.45,5,83.05434291503919,0.5531372549019608,290.30984798594733,15.06650291748256,0.6890333960940378,0.7875399877989975,0.018731906572590856,0.7442733058151909,0.8176043403895721,0.6882866919465178
27,1.0,0.5,0.45,6,81.77740358815473,0.5641176470588236,291.826294049074,14.628116221625367,0.6718699985842949,0.7715058981795782,0.019533196726447842,0.7468433846073428,0.8116037897892383,0.6716879483819366
27,1.0,0.5,0.45,7,84.57399036003578,0.5505882352941176,303.5376863988049,15.222893689410197,0.6691496296126496,0.7699847130375851,0.012844514417634916,0.7493383005813203,0.7896924832403424,0.6695671713251173
27,1.0,0.5,0.45,8,81.90694932344098,0.5652941176470588,294.8317610411964,14.670507422406757,0.6657089409992294,0.7671078870609395,0.013676420742326351,0.7462659266475462,0.7866610194394666,0.6664084140300846
27,1.0,0.5,0.45,9,81.75612502437897,0.5666666666666668,295.7404396577017,14.563389737540177,0.6620748933529098,0.7632477019741732,0.024425854806255923,0.7274181408099426,0.7995024204812783,0.6626612976635414
27,1.0,0.5,0.45,10,82.75683632753996,0.5617647058823529,298.63028958697834,14.924078704070299,0.6644130678829432,0.7645484450471147,0.004414979047104049,0.7533065421558651,0.7689120065556813,0.6644807564650288
27,1.0,0.5,0.45,11,83.19285544284146,0.5562745098039216,295.92121467907515,15.044493723973124,0.6751465658580244,0.7763007300659215,0.010460895986550447,0.7619788600445343,0.7970438484376221,0.6757236479619729
27,1.0,0.5,0.45,12,82.5175908188379,0.5584313725490198,292.99435277576936,14.877177881659305,0.6769111922922275,0.7799561922206795,0.038507668347919015,0.7113229642007259,0.8434174422434559,0.6784336922564537
27,1.0,0.5,0.45,13,84.29303593575642,0.5476470588235295,298.002010550654,15.329492024650406,0.6826473287275896,0.7860856266327819,0.04523160814017514,0.6960534377953483,0.8520651457184568,0.6843664776801855
27,1.0,0.5,0.45,14,83.71963405068703,0.5558823529411764,301.2474751338792,15.063763619263216,0.6667981736923522,0.766807232464858,0.007467556767292393,0.7580709127236188,0.7846188864843361,0.666802703078605
27,1.0,0.5,0.45,15,82.42789818142869,0.5572549019607844,291.43575597248486,14.82223997050974,0.6812839716538854,0.7822315662161199,0.054000754013210646,0.6935535382292783,0.8588110169942009,0.6817577689350026
27,1.0,0.5,0.45,16,82.48911173470873,0.5588235294117647,291.7535518093491,14.765570531003629,0.6794287857928526,0.7792624257836825,0.013101339475166545,0.7626130142171631,0.8049714548449576,0.6793456057882675
27,1.0,0.5,0.45,17,82.3259801676718,0.5603921568627451,293.80354675469374,14.65751788742272,0.6726651759973974,0.7724232246116282,0.0433253513893004,0.6991587762477767,0.8323503388071603,0.6725442003045128
27,1.0,0.5,0.45,18,83.32691676763372,0.554313725490196,295.5811495918959,14.908605769317356,0.6773379758537135,0.7780063367139962,0.028525250789566216,0.7313913407856207,0.8218883823830876,0.6776721562838549
27,1.0,0.5,0.45,19,80.15434066888592,0.5725490196078431,284.88934373771133,14.215711628377031,0.6736722926785211,0.7735453054110962,0.0101459229019949,0.7608735224313388,0.7930734166156577,0.6736087990448086
27,1.0,0.5,0.55,0,84.09484285258162,0.5737254901960784,341.5582143706799,17.18513548984402,0.5903885250958797,0.690737640376472,0.018733170944266738,0.6642167172947453,0.7245566286143946,0.590563082736176
27,1.0,0.5,0.55,1,79.81132798157554,0.5939215686274509,323.24128958668024,16.022517048099793,0.5908222296102408,0.6899067426737323,0.048496109939747435,0.629554290530106,0.7720670112163965,0.5903644861419867
27,1.0,0.5,0.55,2,82.89621925335499,0.58,335.3555202880519,16.767776014402585,0.591452410368833,0.6914524103688328,0.0,0.6914524103688328,0.6914524103688328,0.5914524103688328
27,1.0,0.5,0.55,3,80.45223656236857,0.5898039215686276,322.03839264008326,16.301669663873238,0.5978611689417964,0.697542447966967,0.027178380373345367,0.6599423644277332,0.744838947577959,0.5977018084543818
27,1.0,0.5,0.55,4,81.14681445981249,0.5874509803921569,327.4630316198056,16.403921711343568,0.5929301877813333,0.6926153955294707,0.028079368322014783,0.656159659615763,0.7463537660723828,0.5927727916554021
27,1.0,0.5,0.55,5,82.9957635793395,0.5798039215686275,337.82222285785724,16.865004361804946,0.5878929716964261,0.6878045334261244,0.013554286277591154,0.6706213075405452,0.7206844447523312,0.5878487525612751
27,1.0,0.5,0.55,6,80.18691870686867,0.593529411764706,325.0760055179324,16.155660501879073,0.589206407286897,0.6885030995060574,0.012094272034480545,0.6693312839543543,0.7076450485735268,0.5888547533964772
27,1.0,0.5,0.55,7,83.05514411681283,0.58,337.82508860818564,16.891254430409273,0.5882543926848492,0.688254392684849,1.1212702919885052e-16,0.6882543926848491,0.6882543926848491,0.5882543926848491
27,1.0,0.5,0.55,8,81.95205345149967,0.5825490196078432,330.51497768252256,16.65918308290022,0.5939543573273317,0.6930545419912646,0.04568795596445264,0.6273155765580493,0.762738695811585,0.5935044496592983
27,1.0,0.5,0.55,9,81.13635890507841,0.5886274509803923,328.89802613610294,16.328290867058687,0.5894051860812625,0.6889842074342386,0.01577441933490085,0.6701605894651204,0.7241408128631834,0.5891946967577506
27,1.0,0.5,0.55,10,82.70362530433609,0.5794117647058824,332.6245449630086,16.78543999206192,0.5955669442536998,0.6946754232454331,0.010039772474334008,0.6718199126271142,0.711177113602879,0.5951211837495667
27,1.0,0.5,0.55,11,83.46600819482846,0.5743137254901961,334.11657412247934,17.14770218531982,0.5994738315061336,0.7010219039200617,0.023522607878114603,0.6483314307402974,0.7311585903933083,0.6002478677130976
27,1.0,0.5,0.55,12,79.97239538517111,0.5958823529411765,328.1064372993069,16.08979653939561,0.5821557604890183,0.6854857512803789,0.03847770083067074,0.6357933948247585,0.7677589096473953,0.5838207558846986
27,1.0,0.5,0.55,13,82.20593995180862,0.5776470588235294,322.9537282337358,16.835690371155724,0.6103785197865335,0.7069985584697335,0.03507220102359991,0.6379725816057162,0.7593073429890136,0.6086885391281336
27,1.0,0.5,0.55,14,81.6576510244783,0.585686274509804,329.8450378996646,16.551010321583487,0.5925429236223768,0.6930480034017751,0.008323226061426716,0.6829739323175759,0.7121581031767816,0.592795463512076
27,1.0,0.5,0.55,15,80.86152202283807,0.59,328.0755184964021,16.350174005672905,0.5894894229926395,0.6880649809103511,0.01664066196867593,0.661354366167009,0.7113707226251185,0.5887772019514952
27,1.0,0.5,0.55,16,85.14542544918305,0.5700000000000002,347.6372155551549,17.381860777757794,0.5866806278488982,0.6866806278488982,1.1212702919885052e-16,0.686680627848898,0.686680627848898,0.5866806278488982
27,1.0,0.5,0.55,17,83.12739650011183,0.575686274509804,332.2985290485289,16.92339619760016,0.5999273346515788,0.7007721362783803,0.03191761683351416,0.6487223947318741,0.7451729892931984,0.6003497354649796
27,1.0,0.5,0.55,18,83.77064950762981,0.5750980392156863,338.43954090777635,16.944536261661476,0.5926573723017834,0.6929576610143078,0.007845057349618127,0.6838667896427909,0.7107766352697029,0.5928075166580457
27,1.0,0.5,0.55,19,81.86352057080519,0.5854901960784313,332.50689257012954,16.52147324070862,0.5882817883776545,0.6875756157341204,0.006630414519850754,0.6779030644896135,0.7067995710626911,0.5879287020558875
27,1.0,0.5,0.65,0,87.20364823105479,0.5749019607843139,397.3869186349017,19.841676353337153,0.5252931825631134,0.6252245140107878,0.005329587665780976,0.6184108550451821,0.6320314931089654,0.5252588482869506
27,1.0,0.5,0.65,1,82.58349996149138,0.5950980392156865,371.68109334940647,18.469414720273587,0.5310008528465631,0.631689586596929,0.03049802262233782,0.5858664033306382,0.6778743321265054,0.5313452197217461
27,1.0,0.5,0.65,2,85.91526641407816,0.58,387.3568752629802,19.36784376314908,0.5307006437874274,0.6307006437874277,1.1212702919885052e-16,0.6307006437874276,0.6307006437874276,0.5307006437874274
27,1.0,0.5,0.65,3,83.30007957418294,0.5933333333333333,379.61697838347004,18.67326427375866,0.5242348009534024,0.6250535456059803,0.02885979634909107,0.5854402614487096,0.6832663225174125,0.5246441732796913
27,1.0,0.5,0.65,4,79.49570852656531,0.6090196078431371,351.7100287683158,17.59640736668992,0.5392263602403331,0.6392594100084491,0.003351533639901014,0.636138821347304,0.6497618236070479,0.539242885124391
27,1.0,0.5,0.65,5,84.85211971439239,0.5858823529411766,385.4121309492621,19.147339451503104,0.526221385590762,0.6268992950209574,0.006377237251054372,0.6187185280179468,0.6409650316295514,0.52656034030586
27,1.0,0.5,0.65,6,82.67728709902558,0.5956862745098042,372.82624573242305,18.565910949657166,0.5296298813626263,0.62944005901915,0.005406682138103809,0.6218207314583559,0.6424420736972237,0.5295349701908882
27,1.0,0.5,0.65,7,82.42297010089926,0.595294117647059,368.3829235425988,18.399967833384697,0.5346769823805699,0.6346170137610507,0.019980044288669136,0.6050125201567973,0.6628581955998847,0.5346469980708103
27,1.0,0.5,0.65,8,83.31361564968167,0.5888235294117647,368.25112953792825,18.85740287989053,0.5430527165996156,0.644264483095539,0.03381551276260521,0.5881740106646094,0.6996735257044908,0.5436585998475773
27,1.0,0.5,0.65,9,82.63175580443175,0.5941176470588235,370.2231292673215,18.523476231274195,0.5343910581955598,0.635052875600308,0.02777355008806225,0.5880451745963546,0.6763935686180458,0.5347219668979339
27,1.0,0.5,0.65,10,82.53409834220382,0.5925490196078432,365.7231447711347,18.59401040325659,0.5407069896225142,0.6407743173206598,0.04429728178427599,0.5817300466965891,0.7138314607857706,0.5407406534715871
27,1.0,0.5,0.65,11,83.00307655949022,0.5925490196078431,371.4288426518161,18.644914273886293,0.5342623398356859,0.6352264520415939,0.015284605035117749,0.6121687648947116,0.665504005336399,0.53474439593864
27,1.0,0.5,0.65,12,77.26771766188156,0.6198039215686275,341.12781158313516,16.991263235747844,0.5396885236241861,0.6395261934763152,0.0015924710721195387,0.6364465326907706,0.6453431595182952,0.5396073585502505
27,1.0,0.5,0.65,13,79.81148222259661,0.608235294117647,356.34191058420004,17.65196760091974,0.5338051005742115,0.634889663592602,0.01533092888227512,0.6121786550759023,0.669617920664447,0.5343473820834068
27,1.0,0.5,0.65,14,83.63921166952079,0.5886274509803923,371.31941886680977,18.780578073258745,0.5392774647917253,0.6387444554494905,0.011628157509288823,0.6235791814021996,0.660110143425317,0.5390109601206079
27,1.0,0.5,0.65,15,90.66427071952309,0.5599999999999999,418.7376816789745,20.93688408394877,0.5192139573260941,0.619213957326094,1.1212702919885052e-16,0.6192139573260941,0.6192139573260941,0.5192139573260942
27,1.0,0.5,0.65,16,82.96867858033856,0.5933333333333335,371.693940657127,18.309395607261244,0.5325853249182992,0.6326329055444078,0.009700712298839235,0.6189716506691345,0.6489335374272398,0.5326091152313535
27,1.0,0.5,0.65,17,84.39318856381524,0.5841176470588235,374.32498049090555,18.96885717854457,0.5403120490605346,0.6413248866180287,0.028590124058941967,0.6049939294388139,0.6946756704424244,0.5408184678392817
27,1.0,0.5,0.65,18,79.86549519179317,0.6101960784313726,363.6634894285215,17.456575558064202,0.522769303219214,0.6209586027566484,0.024849169349972982,0.5740213325093422,0.6572607499535795,0.5218639529879312
27,1.0,0.5,0.65,19,80.37560381390955,0.6047058823529411,356.7272082481943,17.86765480938873,0.5379065667694485,0.6379988760683641,0.010920299787007617,0.6264152114452264,0.6667930971381283,0.5379527214189063
28,1.0,0.25,0.35,0,87.96312669705766,0.4858823529411765,260.75753070092634,13.377676952744975,0.8177945539928135,0.9162114459362855,0.041511277260059896,0.8494084926188543,0.9722936069134492,0.8166072229504177
28,1.0,0.25,0.35,1,85.50869401491174,0.5115686274509804,264.01114973827157,12.931510834826538,0.7818819883286372,0.8836037204169574,0.04193887542059021,0.8256995244621133,0.9518703329768432,0.7831732873948772
28,1.0,0.25,0.35,2,83.71429279038587,0.5172549019607843,253.56734845589335,12.492141444411809,0.7962086450992232,0.8882021948548983,0.03598119421517131,0.8466249872550353,0.9595199591106283,0.7902038074159794
28,1.0,0.25,0.35,3,83.9386958201964,0.5227450980392159,261.38956739893945,12.644084357101365,0.7729745101038751,0.8773380313857151,0.04899567420487935,0.8160447724128457,0.9679956126796299,0.7762471510652553
28,1.0,0.25,0.35,4,84.42990312355597,0.513529411764706,257.0685299922818,12.631265061405829,0.7929336938096615,0.8850908563730991,0.04527833501405566,0.8333811436181952,0.9866344884485881,0.7870515657322398
28,1.0,0.25,0.35,5,84.93578650139534,0.514313725490196,260.8413187468273,12.880875863121382,0.7842225145411386,0.8899891786246888,0.019629276393733092,0.8564163522680583,0.9358052027403829,0.7885475126038014
28,1.0,0.25,0.35,6,86.63151074530545,0.5011764705882352,262.59803379215776,13.217563637478381,0.7972738127376156,0.897616440777095,0.016693665708583175,0.865455368324574,0.9164351911571609,0.7975307837672252
28,1.0,0.25,0.35,7,85.60505607592775,0.5103921568627451,265.1598521228277,12.893106848829031,0.7791813147016151,0.881046477555385,0.06584800178476578,0.7924572263096341,0.9883306252148127,0.7805801868419424
28,1.0,0.25,0.35,8,84.66155676999452,0.5233333333333333,267.1920113523375,12.811034788001447,0.7624106929340789,0.8653832102798008,0.021235120694405227,0.8370058410684132,0.9256942522761318,0.7646400809433703
28,1.0,0.25,0.35,9,86.02448457853474,0.5035294117647059,260.35332758474004,13.012388253996019,0.7979353913603149,0.9016243336734779,0.036929431751126764,0.8469911970125896,0.9426685753253334,0.8007020980951874
28,1.0,0.25,0.35,10,89.857340881347,0.4678431372549019,261.29226591126746,13.74518502991659,0.8390922205451715,0.9372026131129053,0.05281101034005547,0.8495974228166613,1.0052857536841764,0.8376750149709719
28,1.0,0.25,0.35,11,83.52440987586192,0.5221568627450981,258.36813370325257,12.453158504824717,0.7797232260524226,0.8748721696342463,0.05307484427786997,0.8017772808093089,0.9847098688157117,0.7760849337387904
28,1.0,0.25,0.35,12,83.51929893616376,0.5109803921568628,252.8167972043971,12.17751724707904,0.8019431159215906,0.8860296370377347,0.11094101915984533,0.7467986920753117,1.0492753198802713,0.7900080067586988
28,1.0,0.25,0.35,13,84.8450182000023,0.5143137254901962,259.4237879530424,12.79905212192572,0.7884084134102298,0.8849437321527165,0.010827020582515584,0.8547286649823084,0.8989751229510166,0.7858099024670947
28,1.0,0.25,0.35,14,85.32434608100672,0.5111764705882353,262.24751482670996,12.89720084152711,0.7853954894148595,0.8894886911787563,0.05006371027664723,0.823549733933082,0.9696972489988719,0.7884653907377819
28,1.0,0.25,0.35,15,86.51477986235552,0.4935294117647058,256.39870855277786,13.031201193176328,0.8175493048536611,0.9082308382005837,0.06505108107667718,0.8068637893363343,0.9861622972963561,0.810560454863853
28,1.0,0.25,0.35,16,88.26623749638833,0.4731372549019607,251.82540877863258,13.00071883399729,0.8487460650564725,0.9421783851475101,0.04128052832019932,0.8486311273559928,0.9831596304359262,0.8438203051247508
28,1.0,0.25,0.35,17,86.22018220603623,0.5035294117647059,261.356490905612,13.044424910149596,0.7965112966334582,0.8948542881558778,0.01710511489893946,0.8767715380898758,0.9295743302766205,0.7952685402752732
28,1.0,0.25,0.35,18,90.50515606269961,0.4603921568627451,260.99062262759134,13.747529614818092,0.8496354848657585,0.9464337586722967,0.06827913837474607,0.8156492012839216,1.0288601962502129,0.8472341902206623
28,1.0,0.25,0.35,19,88.09878271388418,0.4801960784313725,258.1756099684978,13.36361905298303,0.8298380822411818,0.9253321409087298,0.06771017142925546,0.8199035527350336,1.013085957423484,0.826458626241843
28,1.0,0.25,0.45,0,83.08809711424779,0.5599999999999999,299.58011235477977,14.945878777391265,0.6654609004657243,0.7656989809187601,0.0007330064741618757,0.7649671919639249,0.7691161006587917,0.6656394608055011
28,1.0,0.25,0.45,1,82.39590889594754,0.5607843137254903,294.2348480282266,14.812549676955552,0.6723075480366836,0.7766364226912255,0.022883107528435826,0.7367875262003888,0.8079449448653367,0.67555420402759
28,1.0,0.25,0.45,2,83.81230643080653,0.5527450980392157,298.70756029447807,15.144265569611871,0.6742237874196,0.7713389339259106,0.032314594068297925,0.7218254491925138,0.8127295344468098,0.6720601472993332
28,1.0,0.25,0.45,3,85.31097416468819,0.55,310.5467731468493,15.52733865734251,0.6595160959370955,0.7595160959370956,1.1212702919885052e-16,0.7595160959370957,0.7595160959370957,0.6595160959370956
28,1.0,0.25,0.45,4,81.95989039152721,0.5623529411764705,292.1628179921163,14.662207459457159,0.6734232003492595,0.7713937564035789,0.038173364309529875,0.7101736662775038,0.8182004273576909,0.6719011173899989
28,1.0,0.25,0.45,5,81.63819513539447,0.5658823529411765,293.44735013585785,14.60776066378237,0.6672436990181733,0.7701761415851313,0.025329740890627027,0.735273564723902,0.8053598287914843,0.6694430309433917
28,1.0,0.25,0.45,6,81.38318825537525,0.5680392156862746,292.4061393253334,14.517483480925666,0.6667059669859006,0.7657221980606749,0.009961533879379902,0.7496763149297484,0.7762740302677624,0.6659681402919813
28,1.0,0.25,0.45,7,82.54956881321803,0.5607843137254902,295.2409208165986,14.747671703561387,0.6703666373120546,0.7713168336835314,0.009411630931140018,0.7581451191138971,0.7864560149711717,0.6710792845906622
28,1.0,0.25,0.45,8,82.94743222983601,0.5599999999999999,297.8715820974365,14.89357910487218,0.6677687702410176,0.76776877024102,9.83450820974407e-15,0.7677687702410084,0.7677687702410423,0.6677687702410197
28,1.0,0.25,0.45,9,81.61697478235062,0.5650980392156862,291.6062955578703,14.537073729220783,0.6708995721199325,0.7706263721325561,0.024722611451691464,0.7416078034388747,0.8109284705947521,0.6706946721294003
28,1.0,0.25,0.45,10,82.17353605981786,0.5609803921568629,292.2057528752919,14.738013803808686,0.6750525158134337,0.77445274080026,0.025763593844939956,0.7353068997363674,0.8066322405224756,0.6746026845535533
28,1.0,0.25,0.45,11,82.78308351380629,0.559607843137255,296.53804275438125,14.865650573335207,0.6697775815758615,0.7683699435109648,0.015429050226715021,0.746137693607302,0.7899625959541827,0.6687218530271889
28,1.0,0.25,0.45,12,80.81277537534802,0.5684313725490198,288.8723693236776,14.358613463463467,0.6715598524775972,0.7687844564223044,0.04911502757826263,0.7043583188341347,0.8382862584289225,0.6694783054361275
28,1.0,0.25,0.45,13,82.63852328899476,0.5554901960784315,289.31337411114,14.805578762482742,0.6868772277058547,0.7795238422772172,0.04528778629354535,0.6893680402578366,0.8291067947741462,0.6813621886343766
28,1.0,0.25,0.45,14,80.72018876020647,0.5727450980392156,294.3946646889222,14.279368744175104,0.6576755125967054,0.7575745940879842,0.045919084683892164,0.696067778402112,0.822341775604488,0.6575998237151646
28,1.0,0.25,0.45,15,85.17919304472012,0.55,308.90392162868966,15.445196081434531,0.6619994346661198,0.7619994346661199,1.1212702919885052e-16,0.7619994346661197,0.7619994346661197,0.6619994346661199
28,1.0,0.25,0.45,16,82.9400089479089,0.5599999999999999,297.7811987595776,14.889059937978924,0.6679116738743343,0.7679116738743346,2.2425405839770103e-16,0.7679116738743343,0.7679116738743343,0.6679116738743345
28,1.0,0.25,0.45,17,83.10348958369006,0.5550980392156862,294.1823399347284,14.898824428696608,0.6791989093354824,0.782392650412872,0.014981664006743502,0.7562519307693644,0.8031021235737364,0.6815942151435245
28,1.0,0.25,0.45,18,82.68649788727888,0.5619607843137255,298.442091023797,14.645197882051397,0.6630795121531768,0.7590318557553488,0.014638081523966643,0.7363118356467211,0.7920045584752008,0.6600437698548058
28,1.0,0.25,0.45,19,80.41027469062719,0.5715686274509805,286.098905526531,14.276941003317566,0.6731544898346892,0.7725578769111021,0.00392382809122004,0.7639981993068171,0.7780906706202739,0.6727070301419987
28,1.0,0.25,0.55,0,84.33190283579368,0.573921568627451,344.4313429945858,17.24883148626973,0.5865229621708317,0.6856068290393748,0.0041890087913460635,0.6788047837352258,0.6907894725468464,0.5858358623222388
28,1.0,0.25,0.55,1,84.68785293740214,0.5723529411764706,346.99029972878856,17.339388757324596,0.5844062166050135,0.6838314986704401,0.00575167790171772,0.6752430422046508,0.6961205282932766,0.5839751781540835
28,1.0,0.25,0.55,2,80.12419654436385,0.5950980392156863,329.49325972341774,16.004492942003907,0.5798915928228442,0.6810209160188093,0.03911293541854474,0.6277461792948837,0.7370281012558406,0.580738585219818
28,1.0,0.25,0.55,3,82.40224696818704,0.5780392156862745,326.3494495319278,16.908791101847317,0.6057493629832538,0.7053314736463495,0.017101430804239304,0.6810374237155714,0.7373708312318572,0.6054359459805757
28,1.0,0.25,0.55,4,79.6067568427372,0.598235294117647,328.82594116624364,15.8643772199246,0.5778700008963511,0.6773183599454418,0.03759869468737789,0.6327924097689025,0.7355469179853167,0.5774562701831691
28,1.0,0.25,0.55,5,81.54995479145292,0.5862745098039216,330.70215026465945,16.50140179319799,0.5901032571238518,0.6886593315082393,0.02231490215431518,0.6576747076648943,0.7218303770780803,0.5890203129121424
28,1.0,0.25,0.55,6,79.65792971452315,0.5976470588235295,326.30809126336993,15.987437298506988,0.5825130354705964,0.6841526258573718,0.014759764258763745,0.6626072501059663,0.7086433105429777,0.583742728260678
28,1.0,0.25,0.55,7,81.78220838628042,0.5854901960784314,332.1646218585614,16.4819445913556,0.5883618957672306,0.6890320654158467,0.017127577499469,0.6661845977262554,0.7162091921424156,0.5888645230036926
28,1.0,0.25,0.55,8,83.57627739743141,0.573529411764706,336.7996167529538,17.1997651249115,0.5973791803872842,0.7025660360993403,0.05039440372699014,0.6236144057000952,0.7692678457308938,0.6012693221713262
28,1.0,0.25,0.55,9,83.06754450771552,0.5760784313725491,332.761763613773,17.03486567202869,0.5990261540986244,0.6996950116157236,0.03370588206506765,0.6511345419781274,0.7485428218548993,0.5995277972364488
28,1.0,0.25,0.55,10,83.52251527704365,0.5766666666666668,339.8945844831136,17.04982861389614,0.5888555383065988,0.6902540663423257,0.02518343542632244,0.6553693972115816,0.7288033197882696,0.589904434333394
28,1.0,0.25,0.55,11,85.9537125135867,0.5668627450980392,353.5252772026146,17.712784888644517,0.5827121120732199,0.682011139934017,0.00348160304314577,0.6788237539542428,0.6885062040732055,0.5821863829688175
28,1.0,0.25,0.55,12,75.68048673003486,0.6200000000000001,313.76328692985095,14.738143650333715,0.573747699819571,0.6697241693623288,0.019448720171001944,0.6377282313908041,0.6947358886673867,0.5707300519766394
28,1.0,0.25,0.55,13,77.69309220762253,0.6098039215686275,323.7449149077697,15.273643111241975,0.5713151428466107,0.6716949134082109,0.02631494353057616,0.6346297480479126,0.7229071744497679,0.5715999707678108
28,1.0,0.25,0.55,14,81.62548256985758,0.5849019607843138,328.70895568171574,16.524954837046067,0.5946000274379544,0.6952438033776569,0.020682543734252764,0.6714260876300259,0.7323738259506196,0.5950828593927313
28,1.0,0.25,0.55,15,85.46092842565564,0.5700000000000002,352.6570156764715,17.632850789888483,0.5804726600094159,0.6804726600467191,1.3662440148661225e-10,0.6804726598850354,0.6804726603578716,0.5804726600373933
28,1.0,0.25,0.55,16,84.88856675174638,0.5700000000000002,343.628253172395,17.18141265861977,0.5917346864533711,0.6917346864533712,0.0,0.6917346864533712,0.6917346864533712,0.5917346864533712
28,1.0,0.25,0.55,17,79.67781821536327,0.6001960784313726,333.63423670096967,15.644859541738883,0.5673182700024787,0.66561895041382,0.03298469092081636,0.619221080621419,0.7280346746504635,0.5660437803109848
28,1.0,0.25,0.55,18,83.25106979438729,0.577843137254902,337.52764448215464,16.893560968039083,0.5908853768157155,0.6884815450819082,0.016256840947068283,0.6651336932043448,0.7173492126491458,0.58908250301536
28,1.0,0.25,0.55,19,81.54849220406527,0.5833333333333334,325.20546174338995,16.598020884185363,0.6015562391204129,0.7036349319865904,0.024108721042081855,0.6595890471729814,0.739984671496963,0.603115258770046
28,1.0,0.25,0.65,0,83.60458309534106,0.59,375.44933833998715,18.791318955182255,0.5327024922297681,0.6333083944363168,0.020806050234401775,0.605918896633032,0.6647392023752126,0.5331569188846795
28,1.0,0.25,0.65,1,86.09911089766955,0.58,390.91076206069266,19.545538103034612,0.5270011728749742,0.6270011728749738,1.1212702919885052e-16,0.6270011728749739,0.6270011728749739,0.527001172874974
28,1.0,0.25,0.65,2,85.36584437511969,0.582549019607843,385.22364332697344,19.2255290877814,0.5301127847734636,0.6296034277061688,0.005106428102950741,0.623471555337149,0.6422689061109393,0.5297307669729926
28,1.0,0.25,0.65,3,82.25314483451571,0.596078431372549,367.69148970752747,18.45288646413556,0.5348892987566534,0.635074061030179,0.017550227683794533,0.613838250590707,0.6620064650971899,0.5350278704617976
28,1.0,0.25,0.65,4,79.12622313805701,0.6101960784313727,349.0853779113272,17.487935905511637,0.5410124827897521,0.6400171917816141,0.0038822210304609583,0.6328547063914302,0.6490857893808483,0.5402660145336488
28,1.0,0.25,0.65,5,82.65640843872431,0.5949019607843139,372.2196730255371,18.50504041053809,0.5307866703934787,0.6302901004783605,0.025153053396819884,0.5999562347517065,0.6676767092198521,0.5304142429571401
28,1.0,0.25,0.65,6,80.55868607389927,0.6045098039215687,358.8281381218093,17.963290303686914,0.5357620846523861,0.6355510402617948,0.003325805192350558,0.6307414475703295,0.6397719727083044,0.5356038013594426
28,1.0,0.25,0.65,7,80.57318377538867,0.6072549019607844,369.74776433010805,17.591253637763497,0.5194073471146126,0.6164018448581553,0.025077281730018695,0.5748042142834874,0.665298133400001,0.5171532204222697
28,1.0,0.25,0.65,8,85.16098354763416,0.5823529411764706,384.93424175872684,19.322156101642395,0.5304696427047615,0.6324755768463968,0.039849749162909585,0.5749053549394774,0.6857702161678987,0.5319740933109879
28,1.0,0.25,0.65,9,83.14607757888733,0.5915686274509804,370.58560495109344,18.633599523212002,0.536876139644294,0.635489258375957,0.012015140285303342,0.6226930277327611,0.6646421281211632,0.5358359786930412
28,1.0,0.25,0.65,10,83.85080007055268,0.5890196078431373,376.31592335210894,18.87286042159831,0.5331516531622614,0.6331330557570873,0.011011923464862768,0.6165248508226772,0.6520455691796836,0.5331377051083809
28,1.0,0.25,0.65,11,83.5615326354795,0.5898039215686274,373.3312901410728,18.86868696416506,0.5355060034059425,0.634980917807847,0.011737622915734677,0.61475744471649,0.6460892527524892,0.5351121892073709
28,1.0,0.25,0.65,12,82.18639828707344,0.5966666666666667,369.2975997631416,18.45305258335525,0.5318273550501655,0.6347185919076376,0.028604777517034115,0.6004977830751266,0.6796646872257973,0.5339957826932695
28,1.0,0.25,0.65,13,82.92620511805751,0.593921568627451,375.28070999744057,18.545684965242714,0.5285163102267276,0.6273390213260973,0.02897589649638918,0.5853535907547784,0.6655600471907841,0.5276333435512547
28,1.0,0.25,0.65,14,84.77074790734383,0.5831372549019609,379.00742800644366,19.295552614579474,0.5368254393477608,0.6391371538573567,0.029453885644559245,0.589747382646147,0.6772834725290995,0.5385592252299579
28,1.0,0.25,0.65,15,84.42583224008808,0.587450980392157,382.8002441291367,19.037007367532706,0.527305049935836,0.6273620511116977,0.01569450201702829,0.6097551343876697,0.6536897884154275,0.5273478008177321
28,1.0,0.25,0.65,16,86.91074398497594,0.5750980392156864,392.2835490694595,19.560899384672737,0.5302096115245609,0.6305656325592734,0.004554189624694328,0.6248462227646568,0.6364273234922293,0.5304766273005953
28,1.0,0.25,0.65,17,85.11089505386086,0.5794117647058824,376.7345198239875,19.285356764789356,0.5437835378090351,0.6464900732861145,0.04396332445752392,0.5815986073236437,0.7090133408082087,0.5458134394168447
28,1.0,0.25,0.65,18,82.95706371018707,0.5937254901960786,372.41642901140386,18.639428766455183,0.5323697782757527,0.63237164597546,0.0043723345233559596,0.625605603493413,0.6368077565416976,0.5323711790505331
28,1.0,0.25,0.65,19,82.60938341029531,0.5943137254901961,370.29500739579976,18.547066988149,0.53385567574026,0.6337509102216387,0.026875520207442338,0.5994938692126858,0.67110803314942,0.5337771016012941
29,1.0,0.0,0.35,0,81.82999982923927,0.5729411764705882,306.85248246130413,15.119145539583466,0.6394627705627048,1.0,0.0,1.0,1.0,0.9
29,1.0,0.0,0.35,1,84.64382685317553,0.5498039215686275,303.29727968207936,15.438955531531624,0.670191770918238,1.0,0.0,1.0,1.0,0.9
29,1.0,0.0,0.35,2,81.00976589657307,0.5701960784313725,292.16250172748556,14.587091576385491,0.6643173218334603,1.0,0.0,1.0,1.0,0.9
29,1.0,0.0,0.35,3,84.16139694143462,0.553921568627451,304.27547829638326,15.424235560985244,0.6654965635951229,1.0,0.0,1.0,1.0,0.9
29,1.0,0.0,0.35,4,81.32576013371798,0.5694117647058824,294.68091248498166,14.696269820613956,0.6611464554533002,1.0,0.0,1.0,1.0,0.9
29,1.0,0.0,0.35,5,79.73659155994774,0.5772549019607843,288.059366469791,14.348604589455158,0.662462342434298,1.0,0.0,1.0,1.0,0.9
29,1.0,0.0,0.35,6,87.06933269506538,0.531372549019608,305.5811790756865,15.76038716178233,0.6889982252028021,1.0,0.0,1.0,1.0,0.9
29,1.0,0.0,0.35,7,83.2124080872078,0.5599999999999999,301.12336766752185,15.056168383370965,0.6626677902255039,1.0,0.0,1.0,1.0,0.9
29,1.0,0.0,0.35,8,83.57903840220142,0.5588235294117648,304.48996168494705,15.26087369386968,0.6586742217503501,1.0,0.0,1.0,1.0,0.9
29,1.0,0.0,0.35,9,82.7577798981644,0.5547058823529413,290.11102283307974,14.757023476390488,0.6891014763207505,1.0,0.0,1.0,1.0,0.9
29,1.0,0.0,0.35,10,84.26264277224112,0.5580392156862747,312.04140986477927,15.578680642058316,0.6477540765357654,1.0,0.0,1.0,1.0,0.9
29,1.0,0.0,0.35,11,79.22277615863321,0.5843137254901961,292.884803891906,14.36383301932759,0.6464903613990804,1.0,0.0,1.0,1.0,0.9
29,1.0,0.0,0.35,12,80.34159032795986,0.5733333333333334,289.23830412741034,14.434483186422934,0.6651752821218758,1.0,0.0,1.0,1.0,0.9
29,1.0,0.0,0.35,13,83.39556377669919,0.5547058823529413,297.2156482659041,15.078558255090606,0.6740900912442856,1.0,0.0,1.0,1.0,0.9
29,1.0,0.0,0.35,14,84.86964336955745,0.5566666666666668,317.4397607602614,15.815914721705063,0.6413058803461197,1.0,0.0,1.0,1.0,0.9
29,1.0,0.0,0.35,15,81.41134675208986,0.5698039215686276,295.0730036756545,14.73306296466467,0.6607692952702153,1.0,0.0,1.0,1.0,0.9
29,1.0,0.0,0.35,16,81.9393882074038,0.5649019607843137,294.3491764514657,14.691452327222278,0.666965721761226,1.0,0.0,1.0,1.0,0.9
29,1.0,0.0,0.35,17,83.82607264819946,0.5541176470588236,300.4629806089584,15.045669630614034,0.6703973204538141,1.0,0.0,1.0,1.0,0.9
29,1.0,0.0,0.35,18,79.6994912507924,0.5758823529411765,285.0203030860973,14.083913952973862,0.6683861076365077,1.0,0.0,1.0,1.0,0.9
29,1.0,0.0,0.35,19,81.32005037755249,0.5686274509803922,292.77665694106815,14.641390823488544,0.6650602338066804,1.0,0.0,1.0,1.0,0.9
29,1.0,0.0,0.45,0,87.36106032674583,0.5876470588235294,446.1308822702036,22.244862131056713,0.46787799740521263,1.0,0.0,1.0,1.0,0.9
29,1.0,0.0,0.45,1,90.5374528641424,0.5737254901960785,466.95941183274175,23.322501632648688,0.46421785143861916,1.0,0.0,1.0,1.0,0.9
29,1.0,0.0,0.45,2,85.70896601617464,0.5925490196078431,427.77111168133735,21.343081450438905,0.4787996845808017,1.0,0.0,1.0,1.0,0.9
29,1.0,0.0,0.45,3,86.19618695798077,0.5845098039215687,410.47480840503954,21.364275418305823,0.5035128671382385,1.0,0.0,1.0,1.0,0.9
29,1.0,0.0,0.45,4,84.0980568136886,0.6003921568627452,419.5758372229343,20.921101672624683,0.4785243306407186,1.0,0.0,1.0,1.0,0.9
29,1.0,0.0,0.45,5,87.04381905811319,0.5878431372549019,440.88639202930545,21.89350973412068,0.4715162728646905,1.0,0.0,1.0,1.0,0.9
29,1.0,0.0,0.45,6,82.98411118982779,0.6049019607843138,410.81464766901826,20.45737743029576,0.4815257764844187,1.0,0.0,1.0,1.0,0.9
29,1.0,0.0,0.45,7,89.0311666622726,0.58,455.1838327756935,22.759191638784742,0.46799991919062944,1.0,0.0,1.0,1.0,0.9
29,1.0,0.0,0.45,8,86.24360665947343,0.5901960784313727,431.76820303044593,21.577149629427648,0.4777251150993912,1.0,0.0,1.0,1.0,0.9
29,1.0,0.0,0.45,9,86.80131239277068,0.585686274509804,426.9068240722497,21.66887120927508,0.4879258714124548,1.0,0.0,1.0,1.0,0.9
29,1.0,0.0,0.45,10,91.48808871210935,0.5700000000000002,474.46297428742383,23.72314871437126,0.46187974643365315,1.0,0.0,1.0,1.0,0.9
29,1.0,0.0,0.45,11,85.15444384971747,0.5956862745098039,425.8724716947785,21.27441566575772,0.47770905425067034,1.0,0.0,1.0,1.0,0.9
29,1.0,0.0,0.45,12,82.18466967923577,0.6076470588235294,403.488050032077,20.157256157902594,0.48606866858259534,1.0,0.0,1.0,1.0,0.9
29,1.0,0.0,0.45,13,83.17200194860308,0.6031372549019608,410.1966058879931,20.416885158899273,0.48395983781449287,1.0,0.0,1.0,1.0,0.9
29,1.0,0.0,0.45,14,91.41042249966242,0.5700000000000002,472.4968715010554,23.624843575513605,0.46340793914509804,1.0,0.0,1.0,1.0,0.9
29,1.0,0.0,0.45,15,91.73114806600498,0.5684313725490197,474.33988992689837,23.672685223127345,0.4630781400945056,1.0,0.0,1.0,1.0,0.9
29,1.0,0.0,0.45,16,91.01051701136757,0.5700000000000002,462.575208843556,23.12876044217777,0.47127664592537466,1.0,0.0,1.0,1.0,0.9
29,1.0,0.0,0.45,17,86.06243300864706,0.5870588235294119,416.2523846017928,20.95448597721814,0.4958192964286895,1.0,0.0,1.0,1.0,0.9
29,1.0,0.0,0.45,18,86.9055159282861,0.5864705882352942,430.8316083866892,21.492942975582313,0.48224354570502054,1.0,0.0,1.0,1.0,0.9
29,1.0,0.0,0.45,19,85.66801494084127,0.5909803921568628,421.6266630104289,21.34248173886224,0.48659594203622575,1.0,0.0,1.0,1.0,0.9
29,1.0,0.0,0.55,0,98.05124312077314,0.5584313725490196,613.1935307959062,30.690265586778505,0.3835795997030946,1.0,0.0,1.0,1.0,0.9
29,1.0,0.0,0.55,1,95.51516472912742,0.5700000000000002,597.9256032128708,29.896280160643524,0.38264132313792043,1.0,0.0,1.0,1.0,0.9
29,1.0,0.0,0.55,2,101.62183766159305,0.5445098039215686,651.3607630144886,32.58568585694858,0.37490472500866595,1.0,0.0,1.0,1.0,0.9
29,1.0,0.0,0.55,3,98.4906860279138,0.5578431372549021,626.1807705913616,31.21309604976384,0.37722276228614143,1.0,0.0,1.0,1.0,0.9
29,1.0,0.0,0.55,4,97.94462298946068,0.5599999999999999,619.6162228089778,30.98081114044895,0.37906182496506324,1.0,0.0,1.0,1.0,0.9
29,1.0,0.0,0.55,5,98.0329816159903,0.5599999999999999,622.9706596405716,31.148532982028655,0.37736085645949297,1.0,0.0,1.0,1.0,0.9
29,1.0,0.0,0.55,6,104.98578584338732,0.5300000000000001,675.8274715223918,33.79137357611971,0.3738208733220098,1.0,0.0,1.0,1.0,0.9
29,1.0,0.0,0.55,7,99.10880576836736,0.5531372549019608,618.0857765593206,31.048581609772565,0.3854383175900054,1.0,0.0,1.0,1.0,0.9
29,1.0,0.0,0.55,8,98.34777847660928,0.5576470588235294,618.8828121741635,30.91697072814247,0.3811080424358455,1.0,0.0,1.0,1.0,0.9
29,1.0,0.0,0.55,9,95.61134570696038,0.5700000000000002,601.5026549881081,30.075132749405363,0.380748826199119,1.0,0.0,1.0,1.0,0.9
29,1.0,0.0,0.55,10,98.81747096839786,0.556078431372549,625.8145006883965,31.349367019126525,0.37887988231067965,1.0,0.0,1.0,1.0,0.9
29,1.0,0.0,0.55,11,98.21597410308314,0.5564705882352942,608.2960542870564,30.883523241734203,0.3883729265023175,1.0,0.0,1.0,1.0,0.9
29,1.0,0.0,0.55,12,106.70980119812128,0.5229411764705884,693.463399828606,34.71680064641351,0.3707578859446635,1.0,0.0,1.0,1.0,0.9
29,1.0,0.0,0.55,13,100.38193612512907,0.55,641.768821963122,32.088441098156096,0.37551256395095745,1.0,0.0,1.0,1.0,0.9
29,1.0,0.0,0.55,14,100.39446472399223,0.55,642.2527210856884,32.11263605428442,0.37527646977612533,1.0,0.0,1.0,1.0,0.9
29,1.0,0.0,0.55,15,96.91463706821693,0.5635294117647058,606.4956557221806,30.404674160453766,0.38332755513256006,1.0,0.0,1.0,1.0,0.9
29,1.0,0.0,0.55,16,98.12760244439129,0.5599999999999999,626.5965279167079,31.329826395835376,0.37553933596509026,1.0,0.0,1.0,1.0,0.9
29,1.0,0.0,0.55,17,101.06399858333093,0.5454901960784314,637.3086070488172,32.114708271427745,0.38078176187359225,1.0,0.0,1.0,1.0,0.9
29,1.0,0.0,0.55,18,97.69131609893526,0.5598039215686275,610.806804105397,30.797589227593793,0.38349022788593634,1.0,0.0,1.0,1.0,0.9
29,1.0,0.0,0.55,19,94.15291025336933,0.5760784313725489,589.5471830050882,29.33107761734659,0.38205457358304346,1.0,0.0,1.0,1.0,0.9
29,1.0,0.0,0.65,0,119.9274802845376,0.4794117647058823,918.2547761340747,45.730383572235596,0.3162863584046236,1.0,0.0,1.0,1.0,0.9
29,1.0,0.0,0.65,1,112.50423602478354,0.51,843.6712258047378,42.18356129023686,0.3216842091223851,1.0,0.0,1.0,1.0,0.9
29,1.0,0.0,0.65,2,121.2841090630816,0.47254901960784307,919.6109007665068,46.08183217131164,0.31976884211627477,1.0,0.0,1.0,1.0,0.9
29,1.0,0.0,0.65,3,120.64534494680669,0.47686274509803916,930.919468470108,46.17607062705894,0.3139779018504298,1.0,0.0,1.0,1.0,0.9
29,1.0,0.0,0.65,4,117.26124684557595,0.49,886.9450452548539,44.34725226274263,0.3197456926848591,1.0,0.0,1.0,1.0,0.9
29,1.0,0.0,0.65,5,124.55838617645432,0.46,961.1330704803646,48.056653524018365,0.31470537217378497,1.0,0.0,1.0,1.0,0.9
29,1.0,0.0,0.65,6,114.8697507071429,0.5,864.5940251097984,43.229701255489864,0.32090593978960774,1.0,0.0,1.0,1.0,0.9
29,1.0,0.0,0.65,7,112.40553166973008,0.51,838.4572737980994,41.9228636899049,0.3234006233371563,1.0,0.0,1.0,1.0,0.9
29,1.0,0.0,0.65,8,114.85077815056353,0.5,863.5800339750439,43.17900169875218,0.3212296734976596,1.0,0.0,1.0,1.0,0.9
29,1.0,0.0,0.65,9,122.18806022469624,0.46999999999999986,939.7648732653548,46.988243663267866,0.3152978940993632,1.0,0.0,1.0,1.0,0.9
29,1.0,0.0,0.65,10,124.51638437557735,0.46,958.7763808868715,47.93881904434372,0.3153725423413578,1.0,0.0,1.0,1.0,0.9
29,1.0,0.0,0.65,11,126.92160276771652,0.45,982.1221572765883,49.10610786382955,0.3142698635268309,1.0,0.0,1.0,1.0,0.9
29,1.0,0.0,0.65,12,133.4508327138311,0.4227450980392158,1045.0715258155983,52.25008465669583,0.31180855766212484,1.0,0.0,1.0,1.0,0.9
29,1.0,0.0,0.65,13,124.64369270759623,0.46,965.9504456482837,48.29752228241434,0.31335033568752374,1.0,0.0,1.0,1.0,0.9
29,1.0,0.0,0.65,14,124.10346483074689,0.46098039215686265,948.8588176274666,47.62288660077027,0.31783963045510727,1.0,0.0,1.0,1.0,0.9
29,1.0,0.0,0.65,15,125.25815014066177,0.45666666666666667,964.1281044733776,48.22500743974455,0.3156599572462135,1.0,0.0,1.0,1.0,0.9
29,1.0,0.0,0.65,16,123.04822993131116,0.46568627450980393,941.4217902285815,47.071654796518075,0.3172155703199049,1.0,0.0,1.0,1.0,0.9
29,1.0,0.0,0.65,17,124.59193851781949,0.46,963.0228586744108,48.151142933720685,0.31417241594944084,1.0,0.0,1.0,1.0,0.9
29,1.0,0.0,0.65,18,127.96759623392649,0.44352941176470584,971.8776867322414,49.36605215820858,0.3211294463479508,1.0,0.0,1.0,1.0,0.9
29,1.0,0.0,0.65,19,122.10005234583173,0.46999999999999986,934.8706837584896,46.743534187924425,0.31672023911171127,1.0,0.0,1.0,1.0,0.9
